species,region,hemilineage,cell_type_source,cell_type,neurotransmitter_verified_source,neurotransmitter_verified_evidence,neurotransmitter_verified_confidence,acetylcholine,glutamate,gaba,glycine,dopamine,serotonin,octopamine,tyramine,histamine,nitric_oxide
adult_drosophila_melanogaster,central_brain,putative_primary,,DNg28,Alekseyenko et al. 2010,immuno,5,0,0,0,0,0,1,0,0,0,0
adult_drosophila_melanogaster,central_brain,putative_primary,,LPsP,"Alekseyenko et al., 2013",immuno,5,0,0,0,0,1,0,0,0,0,0
adult_drosophila_melanogaster,central_brain,DL1_dorsal,,CB.FB2E6,ASB,educated guess,0,0,1,0,0,0,0,0,0,0,0
adult_drosophila_melanogaster,central_brain,LHp1,,CB1518,ASB,educated guess,0,0,1,0,0,0,0,0,0,0,0
adult_drosophila_melanogaster,central_brain,DL1_dorsal,,FB2I,ASB,educated guess,0,0,1,0,0,0,0,0,0,0,0
adult_drosophila_melanogaster,central_brain,LHl3,,LHAV2m1,ASB,educated guess,0,1,0,0,0,0,0,0,0,0,0
adult_drosophila_melanogaster,central_brain,DL1_dorsal,,MBON28,ASB,educated guess,0,1,0,0,0,0,0,0,0,0,0
adult_drosophila_melanogaster,central_brain,VLPd&p1_dorsal,,PVLP008,ASB,educated guess,0,0,1,0,0,0,0,0,0,0,0
adult_drosophila_melanogaster,central_brain,putative_primary,,DPM,Aso et al. 2019,scRNA-seq,3,0,0,1,0,0,1,0,0,0,0
adult_drosophila_melanogaster,central_brain,MBp1,,KCa'b'-ap1,Aso et al. 2019,scRNA-seq,3,1,0,0,0,0,0,0,0,0,0
adult_drosophila_melanogaster,central_brain,MBp1,,KCa'b'-ap2,Aso et al. 2019,scRNA-seq,3,1,0,0,0,0,0,0,0,0,0
adult_drosophila_melanogaster,central_brain,MBp1,,KCa'b'-m,Aso et al. 2019,scRNA-seq,3,1,0,0,0,0,0,0,0,0,0
adult_drosophila_melanogaster,central_brain,MBp1,,KCab,Aso et al. 2019,scRNA-seq,3,1,0,0,0,0,0,0,0,0,0
adult_drosophila_melanogaster,central_brain,MBp1,,KCab-c,Aso et al. 2019,scRNA-seq,3,1,0,0,0,0,0,0,0,0,0
adult_drosophila_melanogaster,central_brain,MBp1,,KCab-m,Aso et al. 2019,scRNA-seq,3,1,0,0,0,0,0,0,0,0,0
adult_drosophila_melanogaster,central_brain,MBp1,,KCab-p,Aso et al. 2019,scRNA-seq,3,1,0,0,0,0,0,0,0,0,0
adult_drosophila_melanogaster,central_brain,MBp1,,KCab-s,Aso et al. 2019,scRNA-seq,3,1,0,0,0,0,0,0,0,0,0
adult_drosophila_melanogaster,central_brain,MBp1,,KCapbp-ap1,Aso et al. 2019,scRNA-seq,3,1,0,0,0,0,0,0,0,0,0
adult_drosophila_melanogaster,central_brain,MBp1,,KCapbp-ap2,Aso et al. 2019,scRNA-seq,3,1,0,0,0,0,0,0,0,0,0
adult_drosophila_melanogaster,central_brain,MBp1,,KCapbp-m,Aso et al. 2019,scRNA-seq,3,1,0,0,0,0,0,0,0,0,0
adult_drosophila_melanogaster,central_brain,MBp1,,KCg-d,Aso et al. 2019,scRNA-seq,3,1,0,0,0,0,0,0,0,0,0
adult_drosophila_melanogaster,central_brain,MBp1,,KCg-m,Aso et al. 2019,scRNA-seq,3,1,0,0,0,0,0,0,0,0,0
adult_drosophila_melanogaster,central_brain,MBp4,,KCg-s1,Aso et al. 2019,scRNA-seq,3,1,0,0,0,0,0,0,0,0,0
adult_drosophila_melanogaster,central_brain,MBp4,,KCg-s2,Aso et al. 2019,scRNA-seq,3,1,0,0,0,0,0,0,0,0,0
adult_drosophila_melanogaster,central_brain,MBp1,,KCg-s3,Aso et al. 2019,scRNA-seq,3,1,0,0,0,0,0,0,0,0,0
adult_drosophila_melanogaster,central_brain,putative_primary,,MBON01,Aso et al. 2019,scRNA-seq,3,0,1,0,0,0,0,0,0,0,0
adult_drosophila_melanogaster,central_brain,DL1_dorsal,,MBON17,Aso et al. 2019,scRNA-seq,3,1,0,0,0,0,0,0,0,0,0
adult_drosophila_melanogaster,central_brain,DL1_dorsal,,MBON17-like,Aso et al. 2019,scRNA-seq,3,1,0,0,0,0,0,0,0,0,0
adult_drosophila_melanogaster,central_brain,CREa1_dorsal,,PAM01,Aso et al. 2019,scRNA-seq,3,0,0,0,0,1,0,0,0,0,1
adult_drosophila_melanogaster,central_brain,CREa2_medial,,PAM02,Aso et al. 2019,scRNA-seq,3,0,0,0,0,1,0,0,0,0,0
adult_drosophila_melanogaster,central_brain,CREa1_dorsal,,PAM05,Aso et al. 2019,scRNA-seq,3,0,0,0,0,1,0,0,0,0,1
adult_drosophila_melanogaster,central_brain,CREa1_dorsal,,PAM07,Aso et al. 2019,scRNA-seq,3,0,0,0,0,1,0,0,0,0,0
adult_drosophila_melanogaster,central_brain,CREa1_dorsal,,PAM10,Aso et al. 2019,scRNA-seq,3,0,0,0,0,1,0,0,0,0,0
adult_drosophila_melanogaster,central_brain,CREa1_dorsal,,PAM11,Aso et al. 2019,scRNA-seq,3,0,0,0,0,1,0,0,0,0,0
adult_drosophila_melanogaster,central_brain,CREa2_medial,,PAM12,Aso et al. 2019,scRNA-seq,3,0,0,0,0,1,0,0,0,0,0
adult_drosophila_melanogaster,central_brain,putative_primary,,PPL101,Aso et al. 2019,scRNA-seq,3,0,0,0,0,1,0,0,0,0,1
adult_drosophila_melanogaster,central_brain,putative_primary,,PPL103,Aso et al. 2019,scRNA-seq,3,0,0,0,0,1,0,0,0,0,1
adult_drosophila_melanogaster,central_brain,putative_primary,,PPL105,Aso et al. 2019,scRNA-seq,3,0,0,0,0,1,0,0,0,0,0
adult_drosophila_melanogaster,central_brain,putative_primary,,PPL106,Aso et al. 2019,scRNA-seq,3,0,0,0,0,1,0,0,0,0,0
adult_drosophila_melanogaster,central_brain,putative_primary,,PPL203,Aso et al. 2019,scRNA-seq,3,0,0,1,0,0,0,0,0,0,0
adult_drosophila_melanogaster,central_brain,putative_primary,,MBON01,"Aso et al., 2014",immuno,5,-1,1,-1,0,0,0,0,0,0,0
adult_drosophila_melanogaster,central_brain,putative_primary,,MBON02,"Aso et al., 2014",immuno,5,-1,1,-1,0,0,0,0,0,0,0
adult_drosophila_melanogaster,central_brain,putative_primary,,MBON03,"Aso et al., 2014",immuno,5,-1,1,-1,0,0,0,0,0,0,0
adult_drosophila_melanogaster,central_brain,putative_primary,,MBON04,"Aso et al., 2014",immuno,5,-1,1,-1,0,0,0,0,0,0,0
adult_drosophila_melanogaster,central_brain,putative_primary,,MBON05,"Aso et al., 2014",immuno,5,-1,1,-1,0,0,0,0,0,0,0
adult_drosophila_melanogaster,central_brain,putative_primary,,MBON06,"Aso et al., 2014",immuno,5,-1,1,-1,0,0,0,0,0,0,0
adult_drosophila_melanogaster,central_brain,putative_primary,,MBON07,"Aso et al., 2014",immuno,5,-1,1,-1,0,0,0,0,0,0,0
adult_drosophila_melanogaster,central_brain,putative_primary,,MBON09,"Aso et al., 2014",immuno,5,-1,-1,1,0,0,0,0,0,0,0
adult_drosophila_melanogaster,central_brain,EBa1,,MBON10,"Aso et al., 2014",immuno,5,-1,-1,1,0,0,0,0,0,0,0
adult_drosophila_melanogaster,central_brain,putative_primary,,MBON11,"Aso et al., 2014",immuno,5,-1,-1,1,0,0,0,0,0,0,0
adult_drosophila_melanogaster,central_brain,FLAa2,,MBON12,"Aso et al., 2014",immuno,5,1,-1,-1,0,0,0,0,0,0,0
adult_drosophila_melanogaster,central_brain,FLAa2,,MBON13,"Aso et al., 2014",immuno,5,1,-1,-1,0,0,0,0,0,0,0
adult_drosophila_melanogaster,central_brain,FLAa2,,MBON14,"Aso et al., 2014",immuno,5,1,-1,-1,0,0,0,0,0,0,0
adult_drosophila_melanogaster,central_brain,DL1_dorsal,,MBON15,"Aso et al., 2014",immuno,5,1,-1,-1,0,0,0,0,0,0,0
adult_drosophila_melanogaster,central_brain,DL1_dorsal,,MBON15-like,"Aso et al., 2014",immuno,5,1,-1,-1,0,0,0,0,0,0,0
adult_drosophila_melanogaster,central_brain,DL1_dorsal,,MBON16,"Aso et al., 2014",immuno,5,1,-1,-1,0,0,0,0,0,0,0
adult_drosophila_melanogaster,central_brain,DL1_dorsal,,MBON17,"Aso et al., 2014",immuno,5,1,-1,-1,0,0,0,0,0,0,0
adult_drosophila_melanogaster,central_brain,DL1_dorsal,,MBON17-like,"Aso et al., 2014",immuno,5,1,-1,-1,0,0,0,0,0,0,0
adult_drosophila_melanogaster,central_brain,DL1_dorsal,,MBON18,"Aso et al., 2014",immuno,5,1,-1,-1,0,0,0,0,0,0,0
adult_drosophila_melanogaster,central_brain,DL1_dorsal,,MBON19,"Aso et al., 2014",immuno,5,1,-1,-1,0,0,0,0,0,0,0
adult_drosophila_melanogaster,central_brain,putative_primary,,MBON20,"Aso et al., 2014",immuno,5,-1,-1,1,0,0,0,0,0,0,0
adult_drosophila_melanogaster,central_brain,putative_primary,,MBON33,"Aso et al., 2014",immuno,5,1,-1,-1,0,0,0,0,0,0,0
adult_drosophila_melanogaster,central_brain,putative_primary,,APL,"Aso et al., 2019",scRNA-seq,3,-1,-1,1,0,0,0,0,0,0,0
adult_drosophila_melanogaster,central_brain,putative_primary,,MBON06,"Aso et al., 2019",scRNA-seq,3,-1,1,-1,0,0,0,0,0,0,0
adult_drosophila_melanogaster,central_brain,putative_primary,,MBON07,"Aso et al., 2019",scRNA-seq,3,-1,1,-1,0,0,0,0,0,0,0
adult_drosophila_melanogaster,central_brain,putative_primary,,MBON11,"Aso et al., 2019",scRNA-seq,3,-1,-1,1,0,0,0,0,0,0,0
adult_drosophila_melanogaster,central_brain,FLAa2,,MBON14,"Aso et al., 2019",scRNA-seq,3,1,-1,-1,0,0,0,0,0,0,0
adult_drosophila_melanogaster,central_brain,DL1_dorsal,,MBON16,"Aso et al., 2019",scRNA-seq,3,1,-1,-1,0,0,0,0,0,0,0
larval_drosophila_melanogaster,cns,unpublished,,lch5-1 a1l,"Barnes et al. 2022, Jovanic et al. 2019, Valdes-Aleman et al. 2021, Ohyama, Schneider-Mizell et al. 2015, Jovanic, Schneider-Mizell et al. 2016",0,4,1,0,0,0,0,0,0,0,0,0
larval_drosophila_melanogaster,cns,unpublished,,lch5-1 a1r,"Barnes et al. 2022, Jovanic et al. 2019, Valdes-Aleman et al. 2021, Ohyama, Schneider-Mizell et al. 2015, Jovanic, Schneider-Mizell et al. 2016",0,4,1,0,0,0,0,0,0,0,0,0
larval_drosophila_melanogaster,cns,unpublished,,lch5-2/4 a1l,"Barnes et al. 2022, Jovanic et al. 2019, Valdes-Aleman et al. 2021, Ohyama, Schneider-Mizell et al. 2015, Jovanic, Schneider-Mizell et al. 2016",0,4,1,0,0,0,0,0,0,0,0,0
larval_drosophila_melanogaster,cns,unpublished,,lch5-2/4 a1r,"Barnes et al. 2022, Jovanic et al. 2019, Valdes-Aleman et al. 2021, Ohyama, Schneider-Mizell et al. 2015, Jovanic, Schneider-Mizell et al. 2016",0,4,1,0,0,0,0,0,0,0,0,0
larval_drosophila_melanogaster,cns,unpublished,,lch5-3 a1l,"Barnes et al. 2022, Jovanic et al. 2019, Valdes-Aleman et al. 2021, Ohyama, Schneider-Mizell et al. 2015, Jovanic, Schneider-Mizell et al. 2016",0,4,1,0,0,0,0,0,0,0,0,0
larval_drosophila_melanogaster,cns,unpublished,,lch5-3 a1r,"Barnes et al. 2022, Jovanic et al. 2019, Valdes-Aleman et al. 2021, Ohyama, Schneider-Mizell et al. 2015, Jovanic, Schneider-Mizell et al. 2016",0,4,1,0,0,0,0,0,0,0,0,0
larval_drosophila_melanogaster,cns,unpublished,,lch5-5 a1l,"Barnes et al. 2022, Jovanic et al. 2019, Valdes-Aleman et al. 2021, Ohyama, Schneider-Mizell et al. 2015, Jovanic, Schneider-Mizell et al. 2016",0,4,1,0,0,0,0,0,0,0,0,0
larval_drosophila_melanogaster,cns,unpublished,,lch5-5 a1r,"Barnes et al. 2022, Jovanic et al. 2019, Valdes-Aleman et al. 2021, Ohyama, Schneider-Mizell et al. 2015, Jovanic, Schneider-Mizell et al. 2016",0,4,1,0,0,0,0,0,0,0,0,0
larval_drosophila_melanogaster,cns,unpublished,,v'ch a1l,"Barnes et al. 2022, Jovanic et al. 2019, Valdes-Aleman et al. 2021, Ohyama, Schneider-Mizell et al. 2015, Jovanic, Schneider-Mizell et al. 2016",0,4,1,0,0,0,0,0,0,0,0,0
larval_drosophila_melanogaster,cns,unpublished,,v'ch a1r,"Barnes et al. 2022, Jovanic et al. 2019, Valdes-Aleman et al. 2021, Ohyama, Schneider-Mizell et al. 2015, Jovanic, Schneider-Mizell et al. 2016",0,4,1,0,0,0,0,0,0,0,0,0
larval_drosophila_melanogaster,cns,unpublished,,vchA/B a1l,"Barnes et al. 2022, Jovanic et al. 2019, Valdes-Aleman et al. 2021, Ohyama, Schneider-Mizell et al. 2015, Jovanic, Schneider-Mizell et al. 2016",0,4,1,0,0,0,0,0,0,0,0,0
larval_drosophila_melanogaster,cns,unpublished,,vchA/B a1r,"Barnes et al. 2022, Jovanic et al. 2019, Valdes-Aleman et al. 2021, Ohyama, Schneider-Mizell et al. 2015, Jovanic, Schneider-Mizell et al. 2016",0,4,1,0,0,0,0,0,0,0,0,0
larval_drosophila_melanogaster,cns,unpublished,,Griddle-1 t3l,"Barnes et al. 2022, Jovanic, Schneider-Mizell et al. 2016",0,4,0,0,1,0,0,0,0,0,0,0
larval_drosophila_melanogaster,cns,unpublished,,Griddle-1 t3r,"Barnes et al. 2022, Jovanic, Schneider-Mizell et al. 2016",0,4,0,0,1,0,0,0,0,0,0,0
larval_drosophila_melanogaster,cns,unpublished,,Ladder-f a2,"Barnes et al. 2022, Jovanic, Schneider-Mizell et al. 2016",0,2,0,0,1,0,0,0,0,0,0,0
larval_drosophila_melanogaster,cns,unpublished,,Griddle-2 a1l,"Barnes et al. 2022, Mark et al. 2019, Valdes-Aleman et al. 2021, Jovanic, Schneider-Mizell et al. 2016",0,4,0,0,1,0,0,0,0,0,0,0
larval_drosophila_melanogaster,cns,unpublished,,45a PN right,"Barnes et al. 2022, Miroschnikow et al. 2018, Winding, Pedigo et al. 2023, Berck, Khandelwal et al. 2016, Eichler, Li, Litwin-Kumar et al. 2017",0,4,1,0,0,0,0,0,0,0,0,0
larval_drosophila_melanogaster,cns,unpublished,,Drunken-1 a1l,"Barnes et al. 2022, Valdes-Aleman et al. 2021, Jovanic, Schneider-Mizell et al. 2016",0,4,0,0,1,0,0,0,0,0,0,0
larval_drosophila_melanogaster,cns,unpublished,,Drunken-1 a1r,"Barnes et al. 2022, Valdes-Aleman et al. 2021, Jovanic, Schneider-Mizell et al. 2016",0,4,0,0,1,0,0,0,0,0,0,0
larval_drosophila_melanogaster,cns,unpublished,,Griddle-1 a1r,"Barnes et al. 2022, Valdes-Aleman et al. 2021, Jovanic, Schneider-Mizell et al. 2016",0,4,0,0,1,0,0,0,0,0,0,0
larval_drosophila_melanogaster,cns,unpublished,,Griddle-2 a1r,"Barnes et al. 2022, Valdes-Aleman et al. 2021, Jovanic, Schneider-Mizell et al. 2016",0,4,0,0,1,0,0,0,0,0,0,0
larval_drosophila_melanogaster,cns,unpublished,,Ladder-a_a1,"Barnes et al. 2022, Valdes-Aleman et al. 2021, Jovanic, Schneider-Mizell et al. 2016",0,2,0,0,1,0,0,0,0,0,0,0
larval_drosophila_melanogaster,cns,unpublished,,Ladder-b a1,"Barnes et al. 2022, Valdes-Aleman et al. 2021, Jovanic, Schneider-Mizell et al. 2016",0,2,0,0,1,0,0,0,0,0,0,0
larval_drosophila_melanogaster,cns,unpublished,,Ladder-c a1,"Barnes et al. 2022, Valdes-Aleman et al. 2021, Jovanic, Schneider-Mizell et al. 2016",0,2,0,0,1,0,0,0,0,0,0,0
larval_drosophila_melanogaster,cns,unpublished,,Ladder-d_a1,"Barnes et al. 2022, Valdes-Aleman et al. 2021, Jovanic, Schneider-Mizell et al. 2016",0,4,0,0,1,0,0,0,0,0,0,0
larval_drosophila_melanogaster,cns,unpublished,,Ladder-e a1,"Barnes et al. 2022, Valdes-Aleman et al. 2021, Jovanic, Schneider-Mizell et al. 2016",0,2,0,0,1,0,0,0,0,0,0,0
larval_drosophila_melanogaster,cns,unpublished,,Ladder-f a1,"Barnes et al. 2022, Valdes-Aleman et al. 2021, Jovanic, Schneider-Mizell et al. 2016",0,2,0,0,1,0,0,0,0,0,0,0
larval_drosophila_melanogaster,cns,unpublished,,Griddle-1 a1l,"Barnes et al. 2022, Valdes-Aleman et al. 2021, Mark et al. 2019, Jovanic, Schneider-Mizell et al. 2016",0,4,0,0,1,0,0,0,0,0,0,0
larval_drosophila_melanogaster,cns,unpublished,,A09g a1r Basin-3,"Barnes et al. 2022, Valdes-Aleman et al. 2021, Ohyama, Schneider-Mizell et al. 2015, Jovanic, Schneider-Mizell et al. 2016, Burgos et al 2018",0,2,1,0,0,0,0,0,0,0,0,0
larval_drosophila_melanogaster,cns,unpublished,,A09a a1r Basin-2,"Barnes et al. 2022, Valdes-Aleman et al. 2021, Ohyama, Schneider-Mizell et al. 2015, Jovanic, Schneider-Mizell et al. 2016, Gerhard et al. 2017",0,4,1,0,0,0,0,0,0,0,0,0
larval_drosophila_melanogaster,cns,unpublished,,A09b a1l Basin-1,"Barnes et al. 2022, Valdes-Aleman et al. 2021, Ohyama, Schneider-Mizell et al. 2015, Jovanic, Schneider-Mizell et al. 2016, Gerhard et al. 2017",0,4,1,0,0,0,0,0,0,0,0,0
larval_drosophila_melanogaster,cns,unpublished,,A09b a1r Basin-1,"Barnes et al. 2022, Valdes-Aleman et al. 2021, Ohyama, Schneider-Mizell et al. 2015, Jovanic, Schneider-Mizell et al. 2016, Gerhard et al. 2017",0,4,1,0,0,0,0,0,0,0,0,0
larval_drosophila_melanogaster,cns,unpublished,,A09a a1l Basin-2,"Barnes et al. 2022, Valdes-Aleman et al. 2021, Ohyama, Schneider-Mizell et al. 2015, Jovanic, Schneider-Mizell et al. 2016, Gerhard et al. 2017, Burgos et al 2018",0,4,1,0,0,0,0,0,0,0,0,0
larval_drosophila_melanogaster,cns,unpublished,,A09c a1l Basin-4,"Barnes et al. 2022, Valdes-Aleman et al. 2021, Ohyama, Schneider-Mizell et al. 2015, Jovanic, Schneider-Mizell et al. 2016, Gerhard et al. 2017, Burgos et al 2018",0,2,1,0,0,0,0,0,0,0,0,0
larval_drosophila_melanogaster,cns,unpublished,,A09c a1r Basin-4,"Barnes et al. 2022, Valdes-Aleman et al. 2021, Ohyama, Schneider-Mizell et al. 2015, Jovanic, Schneider-Mizell et al. 2016, Gerhard et al. 2017, Burgos et al 2018",0,2,1,0,0,0,0,0,0,0,0,0
larval_drosophila_melanogaster,cns,unpublished,,broad D1 left,"Barnes et al. 2022, Winding, Pedigo et al. 2023, Berck, Khandelwal et al. 2016",0,4,0,0,1,0,0,0,0,0,0,0
larval_drosophila_melanogaster,cns,unpublished,,broad D1 right,"Barnes et al. 2022, Winding, Pedigo et al. 2023, Berck, Khandelwal et al. 2016",0,4,0,0,1,0,0,0,0,0,0,0
larval_drosophila_melanogaster,cns,unpublished,,broad D2 left,"Barnes et al. 2022, Winding, Pedigo et al. 2023, Berck, Khandelwal et al. 2016",0,4,0,0,1,0,0,0,0,0,0,0
larval_drosophila_melanogaster,cns,unpublished,,broad D2 right,"Barnes et al. 2022, Winding, Pedigo et al. 2023, Berck, Khandelwal et al. 2016",0,4,0,0,1,0,0,0,0,0,0,0
larval_drosophila_melanogaster,cns,unpublished,,45a ORN left,"Barnes et al. 2022, Winding, Pedigo et al. 2023, Hueckesfeld et al. 2020, Berck, Khandelwal et al. 2016",0,4,1,0,0,0,0,0,0,0,0,0
larval_drosophila_melanogaster,cns,unpublished,,45a ORN right,"Barnes et al. 2022, Winding, Pedigo et al. 2023, Hueckesfeld et al. 2020, Berck, Khandelwal et al. 2016",0,4,1,0,0,0,0,0,0,0,0,0
larval_drosophila_melanogaster,cns,unpublished,,82a ORN left,"Barnes et al. 2022, Winding, Pedigo et al. 2023, Hueckesfeld et al. 2020, Berck, Khandelwal et al. 2016",0,4,1,0,0,0,0,0,0,0,0,0
larval_drosophila_melanogaster,cns,unpublished,,82a ORN right,"Barnes et al. 2022, Winding, Pedigo et al. 2023, Hueckesfeld et al. 2020, Berck, Khandelwal et al. 2016",0,4,1,0,0,0,0,0,0,0,0,0
larval_drosophila_melanogaster,cns,unpublished,,45a PN left,"Barnes et al. 2022, Winding, Pedigo et al. 2023, Miroschnikow et al. 2018, Berck, Khandelwal et al. 2016, Eichler, Li, Litwin-Kumar et al. 2017",0,4,1,0,0,0,0,0,0,0,0,0
larval_drosophila_melanogaster,cns,unpublished,,82a PN left,"Barnes et al. 2022, Winding, Pedigo et al. 2023, Miroschnikow et al. 2018, Berck, Khandelwal et al. 2016, Eichler, Li, Litwin-Kumar et al. 2017",0,4,1,0,0,0,0,0,0,0,0,0
larval_drosophila_melanogaster,cns,unpublished,,82a PN right,"Barnes et al. 2022, Winding, Pedigo et al. 2023, Miroschnikow et al. 2018, Berck, Khandelwal et al. 2016, Eichler, Li, Litwin-Kumar et al. 2017",0,4,1,0,0,0,0,0,0,0,0,0
adult_drosophila_melanogaster,central_brain,MBp1,,KCa'b'-ap1,Barnstedt et al. 2016,"immuno, RNAi",5,1,0,0,0,0,0,0,0,0,0
adult_drosophila_melanogaster,central_brain,MBp1,,KCa'b'-ap2,Barnstedt et al. 2016,"immuno, RNAi",5,1,0,0,0,0,0,0,0,0,0
adult_drosophila_melanogaster,central_brain,MBp1,,KCa'b'-m,Barnstedt et al. 2016,"immuno, RNAi",5,1,0,0,0,0,0,0,0,0,0
adult_drosophila_melanogaster,central_brain,MBp1,,KCab,Barnstedt et al. 2016,"immuno, RNAi",5,1,0,0,0,0,0,0,0,0,0
adult_drosophila_melanogaster,central_brain,MBp1,,KCab-c,Barnstedt et al. 2016,"immuno, RNAi",5,1,0,0,0,0,0,0,0,0,0
adult_drosophila_melanogaster,central_brain,MBp1,,KCab-m,Barnstedt et al. 2016,"immuno, RNAi",5,1,0,0,0,0,0,0,0,0,0
adult_drosophila_melanogaster,central_brain,MBp1,,KCab-p,Barnstedt et al. 2016,immuno,5,1,0,0,0,0,0,0,0,0,0
adult_drosophila_melanogaster,central_brain,MBp1,,KCab-s,Barnstedt et al. 2016,"immuno, RNAi",5,1,0,0,0,0,0,0,0,0,0
adult_drosophila_melanogaster,central_brain,MBp1,,KCapbp-ap1,Barnstedt et al. 2016,"immuno, RNAi",5,1,0,0,0,0,0,0,0,0,0
adult_drosophila_melanogaster,central_brain,MBp1,,KCapbp-ap2,Barnstedt et al. 2016,"immuno, RNAi",5,1,0,0,0,0,0,0,0,0,0
adult_drosophila_melanogaster,central_brain,MBp1,,KCapbp-m,Barnstedt et al. 2016,"immuno, RNAi",5,1,0,0,0,0,0,0,0,0,0
adult_drosophila_melanogaster,central_brain,MBp1,,KCg-d,Barnstedt et al. 2016,immuno,5,1,0,0,0,0,0,0,0,0,0
adult_drosophila_melanogaster,central_brain,MBp1,,KCg-m,Barnstedt et al. 2016,immuno,5,1,0,0,0,0,0,0,0,0,0
adult_drosophila_melanogaster,central_brain,MBp4,,KCg-s1,Barnstedt et al. 2016,immuno,5,1,0,0,0,0,0,0,0,0,0
adult_drosophila_melanogaster,central_brain,MBp4,,KCg-s2,Barnstedt et al. 2016,immuno,5,1,0,0,0,0,0,0,0,0,0
adult_drosophila_melanogaster,central_brain,MBp1,,KCg-s3,Barnstedt et al. 2016,immuno,5,1,0,0,0,0,0,0,0,0,0
adult_drosophila_melanogaster,central_brain,SMPpm1,,CL210,Bidaye et al. 2020,unknown,0,1,0,0,0,0,0,0,0,0,0
adult_drosophila_melanogaster,central_brain,SMPpm1,,SMP459,Bidaye et al. 2020,unknown,0,1,0,0,0,0,0,0,0,0,0
adult_drosophila_melanogaster,central_brain,SMPpm1,,SMP460,Bidaye et al. 2020,unknown,0,1,0,0,0,0,0,0,0,0,0
adult_drosophila_melanogaster,central_brain,SMPpm1,,SMP461,Bidaye et al. 2020,unknown,0,1,0,0,0,0,0,0,0,0,0
adult_drosophila_melanogaster,central_brain,ALl1_ventral,,V_l2PN,"Bräcker et al., 2013",immuno,5,1,0,-1,0,-1,-1,0,0,0,0
larval_drosophila_melanogaster,cns,unpublished,,A09l_a3l Down-and-back-1,Burgos et al 2018,0,4,1,0,0,0,0,0,0,0,0,0
larval_drosophila_melanogaster,cns,unpublished,,A09l_a3r Down-and-back-1,Burgos et al 2018,0,4,1,0,0,0,0,0,0,0,0,0
larval_drosophila_melanogaster,cns,unpublished,,A09l_a4l Down-and-back-1,Burgos et al 2018,0,4,1,0,0,0,0,0,0,0,0,0
larval_drosophila_melanogaster,cns,unpublished,,A09l_a4r Down-and-back-1,Burgos et al 2018,0,4,1,0,0,0,0,0,0,0,0,0
larval_drosophila_melanogaster,cns,unpublished,,A09l_a5l_ Down-and-back-1,Burgos et al 2018,0,4,1,0,0,0,0,0,0,0,0,0
larval_drosophila_melanogaster,cns,unpublished,,A09l_a5r Down-and-back-1,Burgos et al 2018,0,4,1,0,0,0,0,0,0,0,0,0
larval_drosophila_melanogaster,cns,unpublished,,A02g_a1r,"Burgos et al 2018, Zarin, Mark et al. 2019",0,4,0,1,0,0,0,0,0,0,0,0
larval_drosophila_melanogaster,cns,unpublished,,A27j_a1l,"Burgos et al 2018, Zarin, Mark et al. 2019",0,4,0,0,1,0,0,0,0,0,0,0
adult_drosophila_melanogaster,central_brain,MX0__prim,,hb1041666949,"Busch et al., 2009","immuno, intersection",5,0,0,0,0,0,0,1,0,0,0
adult_drosophila_melanogaster,central_brain,putative_primary,,hb1535212969,"Busch et al., 2009","immuno, intersection",5,0,0,0,0,0,0,1,0,0,0
adult_drosophila_melanogaster,central_brain,putative_primary,,hb5813069570,"Busch et al., 2009","immuno, intersection",5,0,0,0,0,0,0,1,0,0,0
adult_drosophila_melanogaster,central_brain,putative_primary,,OA-AL2b1,"Busch et al., 2009",immuno,5,0,0,0,0,0,0,1,0,0,0
adult_drosophila_melanogaster,central_brain,putative_primary,,OA-AL2i1,"Busch et al., 2009","immuno, intersection",5,0,0,0,0,0,0,1,0,0,0
adult_drosophila_melanogaster,central_brain,putative_primary,,OA-AL2i2,"Busch et al., 2009","immuno, intersection",5,0,0,0,0,0,0,1,0,0,0
adult_drosophila_melanogaster,central_brain,putative_primary,,OA-AL2i3,"Busch et al., 2009","immuno, intersection",5,0,0,0,0,0,0,1,0,0,0
adult_drosophila_melanogaster,central_brain,putative_primary,,OA-AL2i4,"Busch et al., 2009","immuno, intersection",5,0,0,0,0,0,0,1,0,0,0
adult_drosophila_melanogaster,central_brain,putative_primary,,OA-ASM1,"Busch et al., 2009",immuno,5,0,0,0,0,0,0,1,0,0,0
adult_drosophila_melanogaster,central_brain,putative_primary,,OA-VPM3,"Busch et al., 2009","immuno, intersection",5,0,0,0,0,0,0,1,0,0,0
adult_drosophila_melanogaster,central_brain,putative_primary,,OA-VPM4,"Busch et al., 2009","immuno, intersection",5,0,0,0,0,0,0,1,0,0,0
adult_drosophila_melanogaster,central_brain,MD0__prim,,OA-VUMa1,"Busch et al., 2009","immuno, intersection",5,0,0,0,0,0,0,1,0,0,0
adult_drosophila_melanogaster,central_brain,MD0__prim,,OA-VUMa2,"Busch et al., 2009","immuno, intersection",5,0,0,0,0,0,0,1,0,0,0
adult_drosophila_melanogaster,central_brain,MD0__prim,,OA-VUMa3,"Busch et al., 2009","immuno, intersection",5,0,0,0,0,0,0,1,0,0,0
adult_drosophila_melanogaster,central_brain,MD0__prim,,OA-VUMa4,"Busch et al., 2009","immuno, intersection",5,0,0,0,0,0,0,1,0,0,0
adult_drosophila_melanogaster,central_brain,MD0__prim,,OA-VUMa5,"Busch et al., 2009","immuno, intersection",5,0,0,0,0,0,0,1,0,0,0
adult_drosophila_melanogaster,central_brain,MD0__prim,,OA-VUMa6,"Busch et al., 2009","immuno, intersection",5,0,0,0,0,0,0,1,0,0,0
adult_drosophila_melanogaster,central_brain,MX0__prim,,OA-VUMa7,"Busch et al., 2009","immuno, intersection",5,0,0,0,0,0,0,1,0,0,0
adult_drosophila_melanogaster,central_brain,MX0__prim,,OA-VUMa8,"Busch et al., 2009","immuno, intersection",5,0,0,0,0,0,0,1,0,0,0
adult_drosophila_melanogaster,central_brain,PBp1,,P1-9,"Busch et al., 2009",immuno,5,0,0,0,0,0,0,1,0,0,0
adult_drosophila_melanogaster,central_brain,putative_primary,,PLP244,"Busch et al., 2009",immuno,5,0,0,0,0,0,0,1,0,0,0
adult_drosophila_melanogaster,central_brain,0,,ORN_D,"Carlsson et al., 2010",immuno,5,1,0,0,0,0,0,0,0,0,0
adult_drosophila_melanogaster,central_brain,0,,ORN_DA1,"Carlsson et al., 2010",immuno,5,1,0,0,0,0,0,0,0,0,0
adult_drosophila_melanogaster,central_brain,0,,ORN_DA2,"Carlsson et al., 2010",immuno,5,1,0,0,0,0,0,0,0,0,0
adult_drosophila_melanogaster,central_brain,0,,ORN_DA3,"Carlsson et al., 2010",immuno,5,1,0,0,0,0,0,0,0,0,0
adult_drosophila_melanogaster,central_brain,0,,ORN_DA4l,"Carlsson et al., 2010",immuno,5,1,0,0,0,0,0,0,0,0,0
adult_drosophila_melanogaster,central_brain,0,,ORN_DA4m,"Carlsson et al., 2010",immuno,5,1,0,0,0,0,0,0,0,0,0
adult_drosophila_melanogaster,central_brain,0,,ORN_DC1,"Carlsson et al., 2010",immuno,5,1,0,0,0,0,0,0,0,0,0
adult_drosophila_melanogaster,central_brain,0,,ORN_DC2,"Carlsson et al., 2010",immuno,5,1,0,0,0,0,0,0,0,0,0
adult_drosophila_melanogaster,central_brain,0,,ORN_DC3,"Carlsson et al., 2010",immuno,5,1,0,0,0,0,0,0,0,0,0
adult_drosophila_melanogaster,central_brain,0,,ORN_DC4,"Carlsson et al., 2010",immuno,5,1,0,0,0,0,0,0,0,0,0
adult_drosophila_melanogaster,central_brain,0,,ORN_DL1,"Carlsson et al., 2010",immuno,5,1,0,0,0,0,0,0,0,0,0
adult_drosophila_melanogaster,central_brain,0,,ORN_DL2d,"Carlsson et al., 2010",immuno,5,1,0,0,0,0,0,0,0,0,0
adult_drosophila_melanogaster,central_brain,0,,ORN_DL2v,"Carlsson et al., 2010",immuno,5,1,0,0,0,0,0,0,0,0,0
adult_drosophila_melanogaster,central_brain,0,,ORN_DL3,"Carlsson et al., 2010",immuno,5,1,0,0,0,0,0,0,0,0,0
adult_drosophila_melanogaster,central_brain,0,,ORN_DL4,"Carlsson et al., 2010",immuno,5,1,0,0,0,0,0,0,0,0,0
adult_drosophila_melanogaster,central_brain,0,,ORN_DL5,"Carlsson et al., 2010",immuno,5,1,0,0,0,0,0,0,0,0,0
adult_drosophila_melanogaster,central_brain,0,,ORN_DM1,"Carlsson et al., 2010",immuno,5,1,0,0,0,0,0,0,0,0,0
adult_drosophila_melanogaster,central_brain,0,,ORN_DM2,"Carlsson et al., 2010",immuno,5,1,0,0,0,0,0,0,0,0,0
adult_drosophila_melanogaster,central_brain,0,,ORN_DM3,"Carlsson et al., 2010",immuno,5,1,0,0,0,0,0,0,0,0,0
adult_drosophila_melanogaster,central_brain,0,,ORN_DM4,"Carlsson et al., 2010",immuno,5,1,0,0,0,0,0,0,0,0,0
adult_drosophila_melanogaster,central_brain,0,,ORN_DM5,"Carlsson et al., 2010",immuno,5,1,0,0,0,0,0,0,0,0,0
adult_drosophila_melanogaster,central_brain,0,,ORN_DM6,"Carlsson et al., 2010",immuno,5,1,0,0,0,0,0,0,0,0,0
adult_drosophila_melanogaster,central_brain,0,,ORN_DP1l,"Carlsson et al., 2010",immuno,5,1,0,0,0,0,0,0,0,0,0
adult_drosophila_melanogaster,central_brain,0,,ORN_DP1m,"Carlsson et al., 2010",immuno,5,1,0,0,0,0,0,0,0,0,0
adult_drosophila_melanogaster,central_brain,0,,ORN_V,"Carlsson et al., 2010",immuno,5,1,0,0,0,0,0,0,0,0,0
adult_drosophila_melanogaster,central_brain,0,,ORN_VA1d,"Carlsson et al., 2010",immuno,5,1,0,0,0,0,0,0,0,0,0
adult_drosophila_melanogaster,central_brain,0,,ORN_VA1v,"Carlsson et al., 2010",immuno,5,1,0,0,0,0,0,0,0,0,0
adult_drosophila_melanogaster,central_brain,0,,ORN_VA2,"Carlsson et al., 2010",immuno,5,1,0,0,0,0,0,0,0,0,0
adult_drosophila_melanogaster,central_brain,0,,ORN_VA3,"Carlsson et al., 2010",immuno,5,1,0,0,0,0,0,0,0,0,0
adult_drosophila_melanogaster,central_brain,0,,ORN_VA4,"Carlsson et al., 2010",immuno,5,1,0,0,0,0,0,0,0,0,0
adult_drosophila_melanogaster,central_brain,0,,ORN_VA5,"Carlsson et al., 2010",immuno,5,1,0,0,0,0,0,0,0,0,0
adult_drosophila_melanogaster,central_brain,0,,ORN_VA6,"Carlsson et al., 2010",immuno,5,1,0,0,0,0,0,0,0,0,0
adult_drosophila_melanogaster,central_brain,0,,ORN_VA7l,"Carlsson et al., 2010",immuno,5,1,0,0,0,0,0,0,0,0,0
adult_drosophila_melanogaster,central_brain,0,,ORN_VA7m,"Carlsson et al., 2010",immuno,5,1,0,0,0,0,0,0,0,0,0
adult_drosophila_melanogaster,central_brain,0,,ORN_VC1,"Carlsson et al., 2010",immuno,5,1,0,0,0,0,0,0,0,0,0
adult_drosophila_melanogaster,central_brain,0,,ORN_VC2,"Carlsson et al., 2010",immuno,5,1,0,0,0,0,0,0,0,0,0
adult_drosophila_melanogaster,central_brain,0,,ORN_VC3,"Carlsson et al., 2010",immuno,5,1,0,0,0,0,0,0,0,0,0
adult_drosophila_melanogaster,central_brain,0,,ORN_VC3l,"Carlsson et al., 2010",immuno,5,1,0,0,0,0,0,0,0,0,0
adult_drosophila_melanogaster,central_brain,0,,ORN_VC3m,"Carlsson et al., 2010",immuno,5,1,0,0,0,0,0,0,0,0,0
adult_drosophila_melanogaster,central_brain,0,,ORN_VC4,"Carlsson et al., 2010",immuno,5,1,0,0,0,0,0,0,0,0,0
adult_drosophila_melanogaster,central_brain,0,,ORN_VC5,"Carlsson et al., 2010",immuno,5,1,0,0,0,0,0,0,0,0,0
adult_drosophila_melanogaster,central_brain,0,,ORN_VL1,"Carlsson et al., 2010",immuno,5,1,0,0,0,0,0,0,0,0,0
adult_drosophila_melanogaster,central_brain,0,,ORN_VL2a,"Carlsson et al., 2010",immuno,5,1,0,0,0,0,0,0,0,0,0
adult_drosophila_melanogaster,central_brain,0,,ORN_VL2p,"Carlsson et al., 2010",immuno,5,1,0,0,0,0,0,0,0,0,0
adult_drosophila_melanogaster,central_brain,0,,ORN_VM1,"Carlsson et al., 2010",immuno,5,1,0,0,0,0,0,0,0,0,0
adult_drosophila_melanogaster,central_brain,0,,ORN_VM2,"Carlsson et al., 2010",immuno,5,1,0,0,0,0,0,0,0,0,0
adult_drosophila_melanogaster,central_brain,0,,ORN_VM3,"Carlsson et al., 2010",immuno,5,1,0,0,0,0,0,0,0,0,0
adult_drosophila_melanogaster,central_brain,0,,ORN_VM4,"Carlsson et al., 2010",immuno,5,1,0,0,0,0,0,0,0,0,0
adult_drosophila_melanogaster,central_brain,0,,ORN_VM5d,"Carlsson et al., 2010",immuno,5,1,0,0,0,0,0,0,0,0,0
adult_drosophila_melanogaster,central_brain,0,,ORN_VM5v,"Carlsson et al., 2010",immuno,5,1,0,0,0,0,0,0,0,0,0
adult_drosophila_melanogaster,central_brain,0,,ORN_VM6l,"Carlsson et al., 2010",immuno,5,1,0,0,0,0,0,0,0,0,0
adult_drosophila_melanogaster,central_brain,0,,ORN_VM6m,"Carlsson et al., 2010",immuno,5,1,0,0,0,0,0,0,0,0,0
adult_drosophila_melanogaster,central_brain,0,,ORN_VM6v,"Carlsson et al., 2010",immuno,5,1,0,0,0,0,0,0,0,0,0
adult_drosophila_melanogaster,central_brain,0,,ORN_VM7d,"Carlsson et al., 2010",immuno,5,1,0,0,0,0,0,0,0,0,0
adult_drosophila_melanogaster,central_brain,0,,ORN_VM7v,"Carlsson et al., 2010",immuno,5,1,0,0,0,0,0,0,0,0,0
larval_drosophila_melanogaster,cns,unpublished,,A18b_a2l,"Carreira-Rosario, Arzan Zarin, Clark et al. 2018",0,4,1,0,0,0,0,0,0,0,0,0
larval_drosophila_melanogaster,cns,unpublished,,A18b_a2r,"Carreira-Rosario, Arzan Zarin, Clark et al. 2018",0,4,1,0,0,0,0,0,0,0,0,0
larval_drosophila_melanogaster,cns,unpublished,,A27h_a4l,"Carreira-Rosario, Arzan Zarin, Clark et al. 2018",0,4,1,0,0,0,0,0,0,0,0,0
larval_drosophila_melanogaster,cns,unpublished,,A27h_a5r,"Carreira-Rosario, Arzan Zarin, Clark et al. 2018",0,4,1,0,0,0,0,0,0,0,0,0
larval_drosophila_melanogaster,cns,unpublished,,A27h_a6l,"Carreira-Rosario, Arzan Zarin, Clark et al. 2018",0,4,1,0,0,0,0,0,0,0,0,0
larval_drosophila_melanogaster,cns,unpublished,,A27h_a6r,"Carreira-Rosario, Arzan Zarin, Clark et al. 2018",0,4,1,0,0,0,0,0,0,0,0,0
larval_drosophila_melanogaster,cns,unpublished,,A27h_a7l,"Carreira-Rosario, Arzan Zarin, Clark et al. 2018",0,4,1,0,0,0,0,0,0,0,0,0
larval_drosophila_melanogaster,cns,unpublished,,A27h_a7r,"Carreira-Rosario, Arzan Zarin, Clark et al. 2018",0,4,1,0,0,0,0,0,0,0,0,0
larval_drosophila_melanogaster,cns,unpublished,,A27h?_t3l,"Carreira-Rosario, Arzan Zarin, Clark et al. 2018",0,2,1,0,0,0,0,0,0,0,0,0
larval_drosophila_melanogaster,cns,unpublished,,A27l_a2l,"Carreira-Rosario, Arzan Zarin, Clark et al. 2018",0,4,0,0,1,0,0,0,0,0,0,0
larval_drosophila_melanogaster,cns,unpublished,,A27l_a2r,"Carreira-Rosario, Arzan Zarin, Clark et al. 2018",0,4,0,0,1,0,0,0,0,0,0,0
larval_drosophila_melanogaster,cns,unpublished,,A27l_a3l,"Carreira-Rosario, Arzan Zarin, Clark et al. 2018",0,4,0,0,1,0,0,0,0,0,0,0
larval_drosophila_melanogaster,cns,unpublished,,A27l_a3r,"Carreira-Rosario, Arzan Zarin, Clark et al. 2018",0,4,0,0,1,0,0,0,0,0,0,0
larval_drosophila_melanogaster,cns,unpublished,,SEZ-DN1_left,"Carreira-Rosario, Arzan Zarin, Clark et al. 2018",0,4,0,0,1,0,0,0,0,0,0,0
larval_drosophila_melanogaster,cns,unpublished,,SEZ-DN1_right,"Carreira-Rosario, Arzan Zarin, Clark et al. 2018",0,4,0,0,1,0,0,0,0,0,0,0
larval_drosophila_melanogaster,cns,unpublished,,A27k_a1l,"Carreira-Rosario, Arzan Zarin, Clark et al. 2018, Fushiki et al. 2016, Burgos et al 2018",0,4,1,0,0,0,0,0,0,0,0,0
larval_drosophila_melanogaster,cns,unpublished,,A27k_a1r,"Carreira-Rosario, Arzan Zarin, Clark et al. 2018, Fushiki et al. 2016, Burgos et al 2018",0,4,1,0,0,0,0,0,0,0,0,0
larval_drosophila_melanogaster,cns,unpublished,,A18b_a1l,"Carreira-Rosario, Arzan Zarin, Clark et al. 2018, Zarin, Mark et al. 2019",0,4,1,0,0,0,0,0,0,0,0,0
larval_drosophila_melanogaster,cns,unpublished,,A18b_a1r,"Carreira-Rosario, Arzan Zarin, Clark et al. 2018, Zarin, Mark et al. 2019",0,4,1,0,0,0,0,0,0,0,0,0
larval_drosophila_melanogaster,cns,unpublished,,A27l_a1l,"Carreira-Rosario, Arzan Zarin, Clark et al. 2018, Zarin, Mark et al. 2019",0,4,0,0,1,0,0,0,0,0,0,0
larval_drosophila_melanogaster,cns,unpublished,,A27l_a1r,"Carreira-Rosario, Arzan Zarin, Clark et al. 2018, Zarin, Mark et al. 2019",0,4,0,0,1,0,0,0,0,0,0,0
larval_drosophila_melanogaster,cns,unpublished,,A27k_a2l,"Carreira-Rosario, Arzan Zarin, Clark et al. 2018, Zwart et al. 2016, Zarin, Mark et al. 2019, Fushiki et al. 2016",0,4,1,0,0,0,0,0,0,0,0,0
adult_drosophila_melanogaster,neck_connective,putative_primary,,DNc01,"Cavanaugh et al., 2016",RNA-seq,2,0,1,0,0,0,0,0,0,0,0
adult_drosophila_melanogaster,neck_connective,putative_primary,,DNc02,"Cavanaugh et al., 2016",RNA-seq,2,0,1,0,0,0,0,0,0,0,0
adult_drosophila_melanogaster,neck_connective,putative_primary,,SIFa,"Cavanaugh et al., 2016",RNA-seq,2,0,1,0,0,0,0,0,0,0,0
adult_drosophila_melanogaster,neck_connective,27X,,AN27X004,Cheong et al. 2024,immuno,5,0,0,0,0,0,0,0,0,1,0
adult_drosophila_melanogaster,neck_connective,27X,,AN27X008,Cheong et al. 2024,immuno,5,0,0,0,0,0,0,0,0,1,0
adult_drosophila_melanogaster,neck_connective,PSp2,,CL324,"Cheong et al., 2023",EASI-FISH,4,1,0,0,0,0,0,0,0,0,0
adult_drosophila_melanogaster,neck_connective,DM6_central2,,CL334,"Cheong et al., 2023",EASI-FISH,4,1,0,0,0,0,0,0,0,0,0
adult_drosophila_melanogaster,neck_connective,WEDd1,,DNa01,"Cheong et al., 2023",EASI-FISH,4,1,0,0,0,0,0,0,0,0,0
adult_drosophila_melanogaster,neck_connective,WEDd1,,DNa02,"Cheong et al., 2023",EASI-FISH,4,1,0,0,0,0,0,0,0,0,0
adult_drosophila_melanogaster,neck_connective,WEDd1,,DNa04,"Cheong et al., 2023",EASI-FISH,4,1,0,0,0,0,0,0,0,0,0
adult_drosophila_melanogaster,neck_connective,WEDd1,,DNa08,"Cheong et al., 2023",EASI-FISH,4,1,0,0,0,0,0,0,0,0,0
adult_drosophila_melanogaster,neck_connective,WEDd1,,DNa10,"Cheong et al., 2023",EASI-FISH,4,1,0,0,0,0,0,0,0,0,0
adult_drosophila_melanogaster,neck_connective,putative_primary,,DNb01,"Cheong et al., 2023",EASI-FISH,4,0,1,0,0,0,0,0,0,0,0
adult_drosophila_melanogaster,neck_connective,putative_primary,,DNb02,"Cheong et al., 2023",EASI-FISH,4,0,1,0,0,0,0,0,0,0,0
adult_drosophila_melanogaster,neck_connective,putative_primary,,DNb04,"Cheong et al., 2023",EASI-FISH,4,0,1,0,0,0,0,0,0,0,0
adult_drosophila_melanogaster,neck_connective,putative_primary,,DNb05,"Cheong et al., 2023",EASI-FISH,4,1,0,0,0,0,0,0,0,0,0
adult_drosophila_melanogaster,neck_connective,putative_primary,,DNb09,"Cheong et al., 2023",EASI-FISH,4,0,1,0,0,0,0,0,0,0,0
adult_drosophila_melanogaster,neck_connective,putative_primary,,DNd02,"Cheong et al., 2023",EASI-FISH,3,0,1,0,0,0,0,0,1,0,0
adult_drosophila_melanogaster,neck_connective,putative_primary,,DNd03,"Cheong et al., 2023",EASI-FISH,3,0,1,0,0,0,0,0,0,0,0
adult_drosophila_melanogaster,neck_connective,LB12,,DNg02_a,"Cheong et al., 2023",EASI-FISH,4,1,0,0,0,0,0,0,0,0,0
adult_drosophila_melanogaster,neck_connective,LB12,,DNg02_b,"Cheong et al., 2023",EASI-FISH,4,1,0,0,0,0,0,0,0,0,0
adult_drosophila_melanogaster,neck_connective,LB12,,DNg02_c,"Cheong et al., 2023",EASI-FISH,4,1,0,0,0,0,0,0,0,0,0
adult_drosophila_melanogaster,neck_connective,LB12,,DNg02_d,"Cheong et al., 2023",EASI-FISH,4,1,0,0,0,0,0,0,0,0,0
adult_drosophila_melanogaster,neck_connective,LB12,,DNg02_e,"Cheong et al., 2023",EASI-FISH,4,1,0,0,0,0,0,0,0,0,0
adult_drosophila_melanogaster,neck_connective,LB12,,DNg02_f,"Cheong et al., 2023",EASI-FISH,4,1,0,0,0,0,0,0,0,0,0
adult_drosophila_melanogaster,neck_connective,LB12,,DNg02_g,"Cheong et al., 2023",EASI-FISH,4,1,0,0,0,0,0,0,0,0,0
adult_drosophila_melanogaster,neck_connective,LB12,,DNg02_h,"Cheong et al., 2023",EASI-FISH,4,1,0,0,0,0,0,0,0,0,0
adult_drosophila_melanogaster,neck_connective,LB7,,DNg09,"Cheong et al., 2023",EASI-FISH,4,1,0,0,0,0,0,0,0,0,0
adult_drosophila_melanogaster,neck_connective,MX12__prim,,DNg13,"Cheong et al., 2023",EASI-FISH,4,1,0,0,0,0,0,0,0,0,0
adult_drosophila_melanogaster,neck_connective,putative_primary,,DNg14,"Cheong et al., 2023",EASI-FISH,4,1,0,0,0,0,0,0,0,0,0
adult_drosophila_melanogaster,neck_connective,putative_primary,,DNg27,"Cheong et al., 2023",EASI-FISH,3,1,1,0,0,0,0,0,0,0,0
adult_drosophila_melanogaster,neck_connective,MX7__prim,,DNg29,"Cheong et al., 2023",EASI-FISH,4,1,0,0,0,0,0,0,0,0,0
adult_drosophila_melanogaster,neck_connective,putative_primary,,DNg34,"Cheong et al., 2023",EASI-FISH,4,0,1,0,0,0,0,1,0,0,0
adult_drosophila_melanogaster,neck_connective,putative_primary,,DNg37,"Cheong et al., 2023",EASI-FISH,4,1,0,0,0,0,0,0,0,0,0
adult_drosophila_melanogaster,neck_connective,MX3,,DNg40,"Cheong et al., 2023",EASI-FISH,4,1,1,0,0,0,0,0,0,0,0
adult_drosophila_melanogaster,neck_connective,SMPpv2_ventral,,DNp02,"Cheong et al., 2023",EASI-FISH,4,1,0,0,0,0,0,0,0,0,0
adult_drosophila_melanogaster,neck_connective,putative_primary,,DNp03,"Cheong et al., 2023",EASI-FISH,3,1,0,0,0,0,0,0,0,0,0
adult_drosophila_melanogaster,neck_connective,SMPpv2_ventral,,DNp04,"Cheong et al., 2023",EASI-FISH,4,1,0,0,0,0,0,0,0,0,0
adult_drosophila_melanogaster,neck_connective,putative_primary,,DNp05,"Cheong et al., 2023",EASI-FISH,4,1,0,0,0,0,0,0,0,0,0
adult_drosophila_melanogaster,neck_connective,SMPpv2_ventral,,DNp06,"Cheong et al., 2023",EASI-FISH,4,1,0,0,0,0,0,0,0,0,0
adult_drosophila_melanogaster,neck_connective,putative_primary,,DNp07,"Cheong et al., 2023",EASI-FISH,3,1,0,0,0,0,0,0,0,0,0
adult_drosophila_melanogaster,neck_connective,PSp3,,DNp08,"Cheong et al., 2023",EASI-FISH,4,1,1,0,0,0,0,0,0,0,0
adult_drosophila_melanogaster,neck_connective,SMPpv2_ventral,,DNp09,"Cheong et al., 2023",EASI-FISH,4,1,0,0,0,0,0,0,0,0,0
adult_drosophila_melanogaster,neck_connective,putative_primary,,DNp10,"Cheong et al., 2023",EASI-FISH,4,1,0,0,0,0,0,0,0,0,0
adult_drosophila_melanogaster,neck_connective,DM6_central2,,DNp101,"Cheong et al., 2023",EASI-FISH,4,1,0,0,0,0,0,0,0,0,0
adult_drosophila_melanogaster,neck_connective,PSp2,,DNp102,"Cheong et al., 2023",EASI-FISH,4,1,0,0,0,0,0,0,0,0,0
adult_drosophila_melanogaster,neck_connective,putative_primary,,DNp103,"Cheong et al., 2023",EASI-FISH,4,1,0,0,0,0,0,0,0,0,0
adult_drosophila_melanogaster,neck_connective,PSp2,,DNp104,"Cheong et al., 2023",EASI-FISH,4,1,0,0,0,0,0,0,0,0,0
adult_drosophila_melanogaster,neck_connective,putative_primary,,DNp11,"Cheong et al., 2023",EASI-FISH,3,1,0,0,0,0,0,0,0,0,0
adult_drosophila_melanogaster,neck_connective,putative_primary,,DNp18,"Cheong et al., 2023",EASI-FISH,4,1,0,0,0,0,0,0,0,0,0
adult_drosophila_melanogaster,neck_connective,putative_primary,,DNp20,"Cheong et al., 2023",EASI-FISH,4,1,0,0,0,0,0,0,0,0,0
adult_drosophila_melanogaster,neck_connective,putative_primary,,DNp24,"Cheong et al., 2023",EASI-FISH,4,0,0,1,0,0,0,0,0,0,0
adult_drosophila_melanogaster,neck_connective,DM2_central,,DNp25,"Cheong et al., 2023",EASI-FISH,4,1,0,1,0,0,0,0,0,0,0
adult_drosophila_melanogaster,neck_connective,0,,DNp27,"Cheong et al., 2023",EASI-FISH,3,1,0,0,0,0,0,0,0,0,0
adult_drosophila_melanogaster,neck_connective,putative_primary,,DNp28,"Cheong et al., 2023",EASI-FISH,3,1,0,0,0,0,0,0,0,0,0
adult_drosophila_melanogaster,neck_connective,PSp3,,DNpe022,"Cheong et al., 2023",EASI-FISH,4,1,1,0,0,0,0,0,0,0,0
adult_drosophila_melanogaster,neck_connective,MX12__prim,,hb1696530677,"Cheong et al., 2023",EASI-FISH,4,1,0,0,0,0,0,0,0,0,0
adult_drosophila_melanogaster,neck_connective,MX3,,hb5813056435,"Cheong et al., 2023",EASI-FISH,4,1,1,0,0,0,0,0,0,0,0
adult_drosophila_melanogaster,neck_connective,primary,,MDN,"Cheong et al., 2023",EASI-FISH,4,1,0,0,0,0,0,0,0,0,0
adult_drosophila_melanogaster,neck_connective,27X,,MsAHN,"Cheong et al., 2023",EASI-FISH,4,0,0,0,0,0,0,0,0,1,0
adult_drosophila_melanogaster,neck_connective,0,,MtAHN,"Cheong et al., 2023",EASI-FISH,4,0,0,0,0,0,0,0,0,1,0
adult_drosophila_melanogaster,neck_connective,WEDd1,,PS015,"Cheong et al., 2023",EASI-FISH,4,1,0,0,0,0,0,0,0,0,0
adult_drosophila_melanogaster,neck_connective,PSp2,,PS212,"Cheong et al., 2023",EASI-FISH,4,1,0,0,0,0,0,0,0,0,0
adult_drosophila_melanogaster,neck_connective,PSp3,,PS271,"Cheong et al., 2023",EASI-FISH,4,1,1,0,0,0,0,0,0,0,0
adult_drosophila_melanogaster,neck_connective,putative_primary,,PVLP119,"Cheong et al., 2023",EASI-FISH,4,1,0,0,0,0,0,0,0,0,0
adult_drosophila_melanogaster,neck_connective,putative_primary,,SAD039,"Cheong et al., 2023",EASI-FISH,4,0,1,0,0,0,0,0,1,0,0
adult_drosophila_melanogaster,neck_connective,WEDd1,,VES006,"Cheong et al., 2023",EASI-FISH,4,1,0,0,0,0,0,0,0,0,0
adult_drosophila_melanogaster,central_brain,putative_primary,,aMe14b,"Chiang et al., 2011","MCFO, unsure",1,0,0,0,0,0,0,0,1,0,0
adult_drosophila_melanogaster,central_brain,putative_primary,,ATL042,"Chiang et al., 2011",MCFO,3,0,0,0,0,1,0,0,0,0,0
adult_drosophila_melanogaster,central_brain,putative_primary,,AVLP476,"Chiang et al., 2011",MCFO,3,0,0,0,0,1,0,0,0,0,0
adult_drosophila_melanogaster,central_brain,putative_primary,,AVLP538,"Chiang et al., 2011",MCFO,3,0,0,0,0,0,1,0,0,0,0
adult_drosophila_melanogaster,central_brain,putative_primary,,AVLP544,"Chiang et al., 2011",MCFO,3,0,0,0,0,0,1,0,0,0,0
adult_drosophila_melanogaster,central_brain,CREa1_dorsal,,CB.FB2K0,"Chiang et al., 2011",MCFO,3,0,0,0,0,0,0,0,1,0,0
adult_drosophila_melanogaster,central_brain,CREa1_dorsal,,CB.FB2K1,"Chiang et al., 2011",MCFO,3,0,0,0,0,0,0,0,1,0,0
adult_drosophila_melanogaster,central_brain,putative_primary,,CB.FBTF0,"Chiang et al., 2011",MCFO,3,0,0,0,0,0,1,0,0,0,0
adult_drosophila_melanogaster,central_brain,putative_primary,,cL16,"Chiang et al., 2011",MCFO,3,0,0,0,0,1,0,0,0,0,0
adult_drosophila_melanogaster,central_brain,putative_primary,,CL344,"Chiang et al., 2011",MCFO,3,0,0,0,0,0,1,0,0,0,0
adult_drosophila_melanogaster,central_brain,DM6_posterior,,CL352,"Chiang et al., 2011",MCFO,3,0,0,0,0,0,1,0,0,0,0
adult_drosophila_melanogaster,central_brain,0,,CL360,"Chiang et al., 2011",MCFO,3,0,0,0,0,0,1,0,0,0,0
adult_drosophila_melanogaster,central_brain,putative_primary,,FB1H,"Chiang et al., 2011",MCFO,3,0,0,0,0,0,1,0,0,0,0
adult_drosophila_melanogaster,central_brain,CREa1_dorsal,,FB2B,"Chiang et al., 2011",MCFO,3,0,0,0,0,0,0,0,1,0,0
adult_drosophila_melanogaster,central_brain,putative_primary,,IB118,"Chiang et al., 2011",MCFO,3,0,0,0,0,0,1,0,0,0,0
adult_drosophila_melanogaster,central_brain,putative_primary,,"LAL125,LAL108","Chiang et al., 2011",MCFO,3,0,0,0,0,0,1,0,0,0,0
adult_drosophila_melanogaster,central_brain,SMPpm1,,LAL128,"Chiang et al., 2011",MCFO,3,0,0,0,0,1,0,0,0,0,0
adult_drosophila_melanogaster,central_brain,putative_primary,,LHPV5e3,"Chiang et al., 2011","MCFO, unsure",1,0,0,0,0,1,0,0,0,0,0
adult_drosophila_melanogaster,central_brain,putative_primary,,OA-AL2b2,"Chiang et al., 2011","MCFO, unsure",1,0,0,0,0,0,0,0,1,0,0
adult_drosophila_melanogaster,central_brain,putative_primary,,PAL01,"Chiang et al., 2011",MCFO,3,0,0,0,0,1,0,0,0,0,0
adult_drosophila_melanogaster,central_brain,putative_primary,,PAL02,"Chiang et al., 2011",MCFO,3,0,0,0,0,1,0,0,0,0,0
adult_drosophila_melanogaster,central_brain,putative_primary,,PAL03,"Chiang et al., 2011",MCFO,3,0,0,0,0,1,0,0,0,0,0
adult_drosophila_melanogaster,central_brain,DM1_CX_d2,,PFR,"Chiang et al., 2011",MCFO,3,0,0,0,0,0,0,0,1,0,0
adult_drosophila_melanogaster,central_brain,putative_primary,,PLP030,"Chiang et al., 2011",MCFO,3,0,0,0,0,1,0,0,0,0,0
adult_drosophila_melanogaster,central_brain,putative_primary,,SIP087,"Chiang et al., 2011",MCFO,3,0,0,0,0,0,1,0,0,0,0
adult_drosophila_melanogaster,central_brain,0,,SMP039,"Chiang et al., 2011",MCFO,3,0,0,0,0,0,1,0,0,0,0
adult_drosophila_melanogaster,central_brain,putative_primary,,SMP143,"Chiang et al., 2011","MCFO, unsure",1,0,0,0,0,0,0,0,1,0,0
adult_drosophila_melanogaster,central_brain,DL1_dorsal,,SMP178,"Chiang et al., 2011",MCFO,3,0,0,0,0,1,0,0,0,0,0
adult_drosophila_melanogaster,central_brain,putative_primary,,SMP181,"Chiang et al., 2011",MCFO,3,0,0,0,0,1,0,0,0,0,0
adult_drosophila_melanogaster,central_brain,SMPpd1,,SMP341,"Chiang et al., 2011","MCFO, unsure",1,0,0,0,0,0,0,0,1,0,0
adult_drosophila_melanogaster,central_brain,SMPpd1,,SMP348,"Chiang et al., 2011","MCFO, unsure",1,0,0,0,0,0,0,0,1,0,0
adult_drosophila_melanogaster,central_brain,SMPpd1,,SMP348a,"Chiang et al., 2011","MCFO, unsure",1,0,0,0,0,0,0,0,1,0,0
adult_drosophila_melanogaster,central_brain,SMPpd1,,SMP348b,"Chiang et al., 2011","MCFO, unsure",1,0,0,0,0,0,0,0,1,0,0
adult_drosophila_melanogaster,central_brain,putative_primary,,SMP384,"Chiang et al., 2011",MCFO,3,0,0,0,0,0,1,0,0,0,0
adult_drosophila_melanogaster,central_brain,CLp1,,SMP495,"Chiang et al., 2011","MCFO, unsure",1,0,0,0,0,0,0,0,1,0,0
adult_drosophila_melanogaster,central_brain,CLp1,,SMP495a,"Chiang et al., 2011","MCFO, unsure",1,0,0,0,0,0,0,0,1,0,0
adult_drosophila_melanogaster,central_brain,CLp1,,SMP495b,"Chiang et al., 2011","MCFO, unsure",1,0,0,0,0,0,0,0,1,0,0
adult_drosophila_melanogaster,central_brain,CLp1,,SMP495c,"Chiang et al., 2011","MCFO, unsure",1,0,0,0,0,0,0,0,1,0,0
adult_drosophila_melanogaster,central_brain,putative_primary,,SMP503,"Chiang et al., 2011",MCFO,3,0,0,0,0,0,1,0,0,0,0
adult_drosophila_melanogaster,central_brain,DM4_dorsal,,SMP504,"Chiang et al., 2011",MCFO,3,0,0,0,0,0,1,0,0,0,0
adult_drosophila_melanogaster,central_brain,DM4_dorsal,,SMP505,"Chiang et al., 2011",MCFO,3,0,0,0,0,0,1,0,0,0,0
adult_drosophila_melanogaster,central_brain,putative_primary,,VES047,"Chiang et al., 2011",MCFO,3,0,0,0,0,1,0,0,0,0,0
adult_drosophila_melanogaster,central_brain,ALv2,,v2LN36,"Chou et al., 2022",immuno,5,0,1,0,0,0,0,0,0,0,0
adult_drosophila_melanogaster,central_brain,putative_primary,,AOTU019,"Collie et al., 2025",FISH,3,0,0,1,0,0,0,0,0,0,0
adult_drosophila_melanogaster,central_brain,putative_primary,,cM08b,Croset et al. 2018,scRNA-seq,3,-1,0,0,0,0,0,0,0,0,0
adult_drosophila_melanogaster,neck_connective,putative_primary,,DNg30,Croset et al. 2018,scRNA-seq,3,-1,0,0,0,0,0,0,0,0,0
adult_drosophila_melanogaster,central_brain,ALl1_dorsal,,lLN2P_b,Croset et al. 2018,scRNA-seq,3,-1,0,0,0,0,0,0,0,0,0
adult_drosophila_melanogaster,central_brain,SMPpv2_dorsal,,CB1215,"Croset et al., 2018",scRNA-seq,3,-1,0,0,0,0,0,0,0,0,0
adult_drosophila_melanogaster,central_brain,putative_primary,,DN1pA,"Croset et al., 2018",scRNA-seq,3,-1,0,0,0,0,0,0,0,0,0
adult_drosophila_melanogaster,central_brain,putative_primary,,DN1pB,"Croset et al., 2018",scRNA-seq,3,-1,0,0,0,0,0,0,0,0,0
adult_drosophila_melanogaster,neck_connective,putative_primary,,DNc01,"Croset et al., 2018",scRNA-seq,3,-1,0,0,0,0,0,0,0,0,0
adult_drosophila_melanogaster,neck_connective,putative_primary,,DNc02,"Croset et al., 2018",scRNA-seq,3,-1,0,0,0,0,0,0,0,0,0
adult_drosophila_melanogaster,central_brain,putative_primary,,DNES2,"Croset et al., 2018",scRNA-seq,3,-1,0,0,0,0,0,0,0,0,0
adult_drosophila_melanogaster,central_brain,putative_primary,,DNES3,"Croset et al., 2018",scRNA-seq,3,-1,0,0,0,0,0,0,0,0,0
adult_drosophila_melanogaster,neck_connective,putative_primary,,DNp29,"Croset et al., 2018",scRNA-seq,3,-1,0,0,0,0,0,0,0,0,0
adult_drosophila_melanogaster,central_brain,putative_primary,,l_NSC_DH31,"Croset et al., 2018",scRNA-seq,3,-1,0,0,0,0,0,0,0,0,0
adult_drosophila_melanogaster,central_brain,putative_primary,,l-LNv,"Croset et al., 2018",scRNA-seq,3,-1,0,0,0,0,0,0,0,0,0
adult_drosophila_melanogaster,central_brain,putative_primary,,LNd,"Croset et al., 2018",scRNA-seq,3,-1,0,0,0,0,0,0,0,0,0
adult_drosophila_melanogaster,central_brain,putative_primary,,LNd_a,"Croset et al., 2018",scRNA-seq,3,-1,0,0,0,0,0,0,0,0,0
adult_drosophila_melanogaster,central_brain,SLPav1_lateral,,LNd_c,"Croset et al., 2018",scRNA-seq,3,-1,0,0,0,0,0,0,0,0,0
adult_drosophila_melanogaster,central_brain,DILP__prim,,m_NSC_DILP,"Croset et al., 2018",scRNA-seq,3,-1,-1,-1,0,-1,-1,-1,-1,0,0
adult_drosophila_melanogaster,central_brain,putative_primary,,NPFL1-I,"Croset et al., 2018",scRNA-seq,3,-1,0,0,0,0,0,0,0,0,0
adult_drosophila_melanogaster,neck_connective,putative_primary,,NPFP1,"Croset et al., 2018",scRNA-seq,3,-1,0,0,0,0,0,0,0,0,0
adult_drosophila_melanogaster,central_brain,DILP__prim,,"PI1,PI2,PI3","Croset et al., 2018",scRNA-seq,3,-1,-1,-1,0,-1,-1,-1,-1,0,0
adult_drosophila_melanogaster,central_brain,SMPpv2_dorsal,,PV7c11,"Croset et al., 2018",scRNA-seq,3,-1,0,0,0,0,0,0,0,0,0
adult_drosophila_melanogaster,optic_lobe,0,,s-LNv,"Croset et al., 2018",scRNA-seq,3,-1,0,0,0,0,0,0,0,0,0
adult_drosophila_melanogaster,optic_lobe,0,,s-LNv_b,"Croset et al., 2018",scRNA-seq,3,-1,0,0,0,0,0,0,0,0,0
adult_drosophila_melanogaster,neck_connective,putative_primary,,SIFa,"Croset et al., 2018",scRNA-seq,3,-1,0,0,0,0,0,0,0,0,0
adult_drosophila_melanogaster,central_brain,putative_primary,,CSD,"Dacks et al., 2006",immuno,5,0,0,0,0,0,1,0,0,0,0
adult_drosophila_melanogaster,optic_lobe,0,C2,C2,"Davis et al., 2020",TAPIN,4,-1,-1,1,0,0,0,0,0,0,1
adult_drosophila_melanogaster,optic_lobe,0,C3,C3,"Davis et al., 2020",TAPIN,4,-1,-1,1,0,0,0,0,0,0,1
adult_drosophila_melanogaster,optic_lobe,0,Dm1,Dm1,"Davis et al., 2020",TAPIN,4,-1,1,-1,0,0,0,0,0,0,0
adult_drosophila_melanogaster,optic_lobe,0,Dm10,Dm10,"Davis et al., 2020",TAPIN,4,-1,-1,1,0,0,0,0,0,0,0
adult_drosophila_melanogaster,optic_lobe,0,Dm11,Dm11,"Davis et al., 2020",TAPIN,4,-1,1,-1,0,0,0,0,0,0,0
adult_drosophila_melanogaster,optic_lobe,0,Dm12,Dm12,"Davis et al., 2020",TAPIN,4,-1,1,-1,0,0,0,0,0,0,0
adult_drosophila_melanogaster,optic_lobe,0,Dm3,Dm3p,"Davis et al., 2020",TAPIN,4,-1,1,-1,0,0,0,0,0,0,0
adult_drosophila_melanogaster,optic_lobe,0,Dm3,Dm3q,"Davis et al., 2020",TAPIN,4,-1,1,-1,0,0,0,0,0,0,0
adult_drosophila_melanogaster,optic_lobe,0,Dm4,Dm4,"Davis et al., 2020",TAPIN,4,-1,1,-1,0,0,0,0,0,0,0
adult_drosophila_melanogaster,optic_lobe,0,Dm8,Dm8a,"Davis et al., 2020",TAPIN,4,-1,1,-1,0,0,0,0,0,0,0
adult_drosophila_melanogaster,optic_lobe,0,Dm8,Dm8b,"Davis et al., 2020",TAPIN,4,-1,1,-1,0,0,0,0,0,0,0
adult_drosophila_melanogaster,optic_lobe,0,Dm9,Dm9,"Davis et al., 2020",TAPIN,4,0,1,0,0,0,0,0,0,0,0
adult_drosophila_melanogaster,optic_lobe,0,L1,L1,"Davis et al., 2020",TAPIN,4,-1,1,-1,0,0,0,0,0,0,0
adult_drosophila_melanogaster,optic_lobe,0,L2,L2,"Davis et al., 2020",TAPIN,4,1,-1,-1,0,0,0,0,0,0,0
adult_drosophila_melanogaster,optic_lobe,0,L3,L3,"Davis et al., 2020",TAPIN,4,1,-1,-1,0,0,0,0,0,0,0
adult_drosophila_melanogaster,optic_lobe,0,L4,L4,"Davis et al., 2020",TAPIN,4,1,-1,-1,0,0,0,0,0,0,0
adult_drosophila_melanogaster,optic_lobe,0,L5,L5,"Davis et al., 2020",TAPIN,4,1,-1,-1,0,0,0,0,0,0,0
adult_drosophila_melanogaster,optic_lobe,0,Lai,Lai,"Davis et al., 2020",TAPIN,4,-1,1,-1,0,0,0,0,0,0,0
adult_drosophila_melanogaster,optic_lobe,0,Lawf1,Lawf1,"Davis et al., 2020",TAPIN,4,1,-1,-1,0,0,0,0,0,0,0
adult_drosophila_melanogaster,optic_lobe,0,Lawf2,Lawf2,"Davis et al., 2020",TAPIN,4,1,-1,-1,0,0,0,0,0,0,1
adult_drosophila_melanogaster,optic_lobe,VPNd2,LC10a,LC10a,"Davis et al., 2020",TAPIN,4,1,-1,-1,0,0,0,0,0,0,0
adult_drosophila_melanogaster,optic_lobe,VPNd2,LC10b,LC10b,"Davis et al., 2020",TAPIN,4,1,-1,-1,0,0,0,0,0,0,0
adult_drosophila_melanogaster,optic_lobe,VPNv2,LC16,LC16,"Davis et al., 2020",TAPIN,4,1,-1,-1,0,0,0,0,0,0,0
adult_drosophila_melanogaster,optic_lobe,0,LC4,LC4,"Davis et al., 2020",TAPIN,4,1,-1,-1,0,0,0,0,0,0,0
adult_drosophila_melanogaster,optic_lobe,VPNd3,LC6,LC6,"Davis et al., 2020",TAPIN,4,1,-1,-1,0,0,0,0,0,0,0
adult_drosophila_melanogaster,optic_lobe,0,LLPC1,LLPC1,"Davis et al., 2020",TAPIN,4,1,-1,-1,0,0,0,0,0,0,0
adult_drosophila_melanogaster,optic_lobe,0,LPC1,LPC1,"Davis et al., 2020",TAPIN,4,1,-1,-1,0,0,0,0,0,0,0
adult_drosophila_melanogaster,optic_lobes,0,LPi-34,LPi09,"Davis et al., 2020",TAPIN,0,-1,1,-1,0,0,0,0,0,0,0
adult_drosophila_melanogaster,optic_lobe,VPNd1,LPLC1,LPLC1,"Davis et al., 2020",TAPIN,4,1,-1,-1,0,0,0,0,0,0,0
adult_drosophila_melanogaster,optic_lobe,VPNd1,LPLC2,LPLC2,"Davis et al., 2020",TAPIN,4,1,-1,-1,0,0,0,0,0,0,0
adult_drosophila_melanogaster,optic_lobe,0,Mi1,Mi1,"Davis et al., 2020",TAPIN,4,1,-1,-1,0,0,0,0,0,0,0
adult_drosophila_melanogaster,optic_lobe,0,Mi15,Mi15,"Davis et al., 2020",TAPIN,4,1,-1,-1,0,1,0,0,0,0,1
adult_drosophila_melanogaster,optic_lobe,0,Mi4,Mi4,"Davis et al., 2020",TAPIN,4,-1,-1,1,0,0,0,0,0,0,1
adult_drosophila_melanogaster,optic_lobe,0,Mi9,Mi9,"Davis et al., 2020",TAPIN,4,-1,1,-1,0,0,0,0,0,0,0
adult_drosophila_melanogaster,optic_lobe,0,Pm3,Pm09,"Davis et al., 2020",TAPIN,4,-1,-1,1,0,0,0,0,0,0,0
adult_drosophila_melanogaster,optic_lobe,0,Pm4,Pm05,"Davis et al., 2020",TAPIN,4,-1,-1,1,0,0,0,0,0,0,1
adult_drosophila_melanogaster,optic_lobe,0,R1-6,R1-6,"Davis et al., 2020",TAPIN,4,-1,-1,0,0,0,0,0,0,1,0
adult_drosophila_melanogaster,optic_lobe,0,R7,R7,"Davis et al., 2020",TAPIN,4,0,-1,-1,0,0,0,0,0,1,0
adult_drosophila_melanogaster,optic_lobe,0,R8,R8,"Davis et al., 2020",TAPIN,4,1,-1,-1,0,0,0,0,0,1,0
adult_drosophila_melanogaster,optic_lobe,0,T1,T1,"Davis et al., 2020",TAPIN,4,-1,-1,-1,0,-1,-1,-1,0,0,0
adult_drosophila_melanogaster,optic_lobe,0,T4,T4a,"Davis et al., 2020",TAPIN,4,1,-1,-1,0,0,0,0,0,0,0
adult_drosophila_melanogaster,optic_lobe,0,T4,T4b,"Davis et al., 2020",TAPIN,4,1,-1,-1,0,0,0,0,0,0,0
adult_drosophila_melanogaster,optic_lobe,0,T4,T4c,"Davis et al., 2020",TAPIN,4,1,-1,-1,0,0,0,0,0,0,0
adult_drosophila_melanogaster,optic_lobe,0,T4,T4d,"Davis et al., 2020",TAPIN,4,1,-1,-1,0,0,0,0,0,0,0
adult_drosophila_melanogaster,optic_lobe,0,T5,T5a,"Davis et al., 2020",TAPIN,4,1,-1,-1,0,0,0,0,0,0,0
adult_drosophila_melanogaster,optic_lobe,0,T5,T5b,"Davis et al., 2020",TAPIN,4,1,-1,-1,0,0,0,0,0,0,0
adult_drosophila_melanogaster,optic_lobe,0,T5,T5c,"Davis et al., 2020",TAPIN,4,1,-1,-1,0,0,0,0,0,0,0
adult_drosophila_melanogaster,optic_lobe,0,T5,T5d,"Davis et al., 2020",TAPIN,4,1,-1,-1,0,0,0,0,0,0,0
adult_drosophila_melanogaster,optic_lobe,0,Tm1,Tm1,"Davis et al., 2020",TAPIN,4,1,-1,-1,0,0,0,0,0,0,0
adult_drosophila_melanogaster,optic_lobe,0,Tm2,Tm2,"Davis et al., 2020",TAPIN,4,1,-1,-1,0,0,0,0,0,0,0
adult_drosophila_melanogaster,optic_lobe,0,Tm20,Tm20,"Davis et al., 2020",TAPIN,4,1,-1,-1,0,0,0,0,0,0,0
adult_drosophila_melanogaster,optic_lobe,0,Tm29,Tm5d,"Davis et al., 2020",TAPIN,4,-1,1,-1,0,0,0,0,0,0,0
adult_drosophila_melanogaster,optic_lobe,0,Tm3,Tm3,"Davis et al., 2020",TAPIN,4,1,-1,-1,0,0,0,0,0,0,0
adult_drosophila_melanogaster,optic_lobe,0,Tm4,Tm4,"Davis et al., 2020",TAPIN,4,1,-1,-1,0,0,0,0,0,0,1
adult_drosophila_melanogaster,optic_lobe,0,Tm9,Tm9,"Davis et al., 2020",TAPIN,4,1,-1,-1,0,0,0,0,0,0,0
adult_drosophila_melanogaster,optic_lobe,0,TmY3,TmY3,"Davis et al., 2020",TAPIN,4,1,-1,-1,0,0,0,0,0,0,0
adult_drosophila_melanogaster,optic_lobe,0,TmY5a,TmY5a,"Davis et al., 2020",TAPIN,4,-1,1,-1,0,0,0,0,0,0,0
adult_drosophila_melanogaster,central_brain,putative_primary,,CB0573,"Deng et al., 2019",transgenic,4,0,0,0,0,0,0,0,0,1,0
adult_drosophila_melanogaster,optic_lobe,VLPp&l1_lateral,LC40,LC40,"Dolan et al., 2019",immuno,5,1,-1,-1,0,0,0,0,0,0,0
adult_drosophila_melanogaster,central_brain,SLPal2,,aSP-g1,"Dolan et al., 2019",immuno,5,1,-1,-1,0,0,0,0,0,0,0
adult_drosophila_melanogaster,central_brain,SLPal2,,aSP-g2,"Dolan et al., 2019",immuno,5,1,-1,-1,0,0,0,0,0,0,0
adult_drosophila_melanogaster,central_brain,putative_primary,,aSP-g3A,"Dolan et al., 2019",immuno,5,1,-1,-1,0,0,0,0,0,0,0
adult_drosophila_melanogaster,central_brain,SLPal2,,aSP-g3B,"Dolan et al., 2019",immuno,5,1,-1,-1,0,0,0,0,0,0,0
adult_drosophila_melanogaster,central_brain,SLPal2,,AVLP026,"Dolan et al., 2019",immuno,5,1,-1,-1,0,0,0,0,0,0,0
adult_drosophila_melanogaster,central_brain,ALv1,,AVLP446,"Dolan et al., 2019",immuno,5,-1,-1,1,0,0,0,0,0,0,0
adult_drosophila_melanogaster,central_brain,ALv1,,AVLP447,"Dolan et al., 2019",immuno,5,-1,-1,1,0,0,0,0,0,0,0
adult_drosophila_melanogaster,central_brain,VPNp&v1_posterior,,AVLP560,"Dolan et al., 2019",immuno,5,1,-1,-1,0,0,0,0,0,0,0
adult_drosophila_melanogaster,central_brain,VLPd&p1_posterior,,CB0339,"Dolan et al., 2019",immuno,5,1,-1,-1,0,0,0,0,0,0,0
adult_drosophila_melanogaster,central_brain,WEDa2,,CB0342,"Dolan et al., 2019",immuno,5,1,-1,1,0,0,0,0,0,0,0
adult_drosophila_melanogaster,central_brain,VESa1,,CB0627,"Dolan et al., 2019",immuno,5,1,-1,-1,0,0,0,0,0,0,0
adult_drosophila_melanogaster,central_brain,SLPpm1,,CB1134,"Dolan et al., 2019",immuno,5,-1,1,-1,0,0,0,0,0,0,0
adult_drosophila_melanogaster,central_brain,SLPp&v1_posterior,,CB1218,"Dolan et al., 2019",immuno,5,-1,1,-1,0,0,0,0,0,0,0
adult_drosophila_melanogaster,central_brain,LHl2_dorsal,,CB1244,"Dolan et al., 2019",immuno,5,1,-1,-1,0,0,0,0,0,0,0
adult_drosophila_melanogaster,central_brain,LHl2_dorsal,,CB1245,"Dolan et al., 2019",immuno,5,1,-1,-1,0,0,0,0,0,0,0
adult_drosophila_melanogaster,central_brain,LHp1,,CB1503,"Dolan et al., 2019",immuno,5,-1,1,-1,0,0,0,0,0,0,0
adult_drosophila_melanogaster,central_brain,SLPp&v1_posterior,,CB1511,"Dolan et al., 2019",immuno,5,-1,1,-1,0,0,0,0,0,0,0
adult_drosophila_melanogaster,central_brain,VLPp&l1_anterior,,CB1527,"Dolan et al., 2019",immuno,5,-1,-1,1,0,0,0,0,0,0,0
adult_drosophila_melanogaster,central_brain,DL2_dorsal,,CB1656,"Dolan et al., 2019",immuno,5,1,-1,-1,0,0,0,0,0,0,0
adult_drosophila_melanogaster,central_brain,LHl2_dorsal,,CB1870,"Dolan et al., 2019",immuno,5,1,-1,-1,0,0,0,0,0,0,0
adult_drosophila_melanogaster,central_brain,VLPp&l1_anterior,,CB1966,"Dolan et al., 2019",immuno,5,-1,-1,1,0,0,0,0,0,0,0
adult_drosophila_melanogaster,central_brain,LHd1,,CB2019,"Dolan et al., 2019",immuno,5,1,-1,-1,0,0,0,0,0,0,0
adult_drosophila_melanogaster,central_brain,LHp1,,CB2064,"Dolan et al., 2019",immuno,5,-1,1,-1,0,0,0,0,0,0,0
adult_drosophila_melanogaster,central_brain,VPNp&v1_posterior,,CB2151,"Dolan et al., 2019",immuno,5,-1,-1,1,0,0,0,0,0,0,0
adult_drosophila_melanogaster,central_brain,DL2_dorsal,,CB2524,"Dolan et al., 2019",immuno,5,1,-1,-1,0,0,0,0,0,0,0
adult_drosophila_melanogaster,central_brain,DL2_dorsal,,CB2559,"Dolan et al., 2019",immuno,5,1,-1,-1,0,0,0,0,0,0,0
adult_drosophila_melanogaster,central_brain,VLPd&p1_posterior,,CB2842,"Dolan et al., 2019",immuno,5,1,-1,-1,0,0,0,0,0,0,0
adult_drosophila_melanogaster,central_brain,DL2_dorsal,,CB2960,"Dolan et al., 2019",immuno,5,1,-1,-1,0,0,0,0,0,0,0
adult_drosophila_melanogaster,central_brain,VLPd&p1_posterior,,CB2977,"Dolan et al., 2019",immuno,5,1,-1,-1,0,0,0,0,0,0,0
adult_drosophila_melanogaster,central_brain,DL2_dorsal,,CB2987,"Dolan et al., 2019",immuno,5,1,-1,-1,0,0,0,0,0,0,0
adult_drosophila_melanogaster,central_brain,VLPd&p1_posterior,,CB3009,"Dolan et al., 2019",immuno,5,1,-1,-1,0,0,0,0,0,0,0
adult_drosophila_melanogaster,central_brain,VLPl4_dorsal,,CB3123,"Dolan et al., 2019",immuno,5,-1,-1,1,0,0,0,0,0,0,0
adult_drosophila_melanogaster,central_brain,DL2_dorsal,,CB3138,"Dolan et al., 2019",immuno,5,1,-1,-1,0,0,0,0,0,0,0
adult_drosophila_melanogaster,central_brain,VLPd&p1_posterior,,CB3198,"Dolan et al., 2019",immuno,5,1,-1,-1,0,0,0,0,0,0,0
adult_drosophila_melanogaster,central_brain,VLPd&p1_posterior,,CB3205,"Dolan et al., 2019",immuno,5,1,-1,-1,0,0,0,0,0,0,0
adult_drosophila_melanogaster,central_brain,LHl2_dorsal,,CB3369,"Dolan et al., 2019",immuno,5,1,-1,-1,0,0,0,0,0,0,0
adult_drosophila_melanogaster,central_brain,LHl2_dorsal,,CB3780,"Dolan et al., 2019",immuno,5,1,-1,-1,0,0,0,0,0,0,0
adult_drosophila_melanogaster,central_brain,VESa1,,hb702618710,"Dolan et al., 2019",immuno,5,1,-1,-1,0,0,0,0,0,0,0
adult_drosophila_melanogaster,central_brain,SLPal2,,LHAD1a1,"Dolan et al., 2019",immuno,5,1,-1,-1,0,0,0,0,0,0,0
adult_drosophila_melanogaster,central_brain,SLPal2,,LHAD1a2,"Dolan et al., 2019",immuno,5,1,-1,-1,0,0,0,0,0,0,0
adult_drosophila_melanogaster,central_brain,SLPal2,,"LHAD1a3,LHAD1f5","Dolan et al., 2019",immuno,5,1,-1,-1,0,0,0,0,0,0,0
adult_drosophila_melanogaster,central_brain,SLPal2,,LHAD1a4,"Dolan et al., 2019",immuno,5,1,-1,-1,0,0,0,0,0,0,0
adult_drosophila_melanogaster,central_brain,SLPal2,,LHAD1a4a,"Dolan et al., 2019",immuno,5,1,-1,-1,0,0,0,0,0,0,0
adult_drosophila_melanogaster,central_brain,SLPal2,,LHAD1a4b,"Dolan et al., 2019",immuno,5,1,-1,-1,0,0,0,0,0,0,0
adult_drosophila_melanogaster,central_brain,SLPal2,,LHAD1a4c,"Dolan et al., 2019",immuno,5,1,-1,-1,0,0,0,0,0,0,0
adult_drosophila_melanogaster,central_brain,LHl2_dorsal,,LHAD1b1_b,"Dolan et al., 2019",immuno,5,1,-1,-1,0,0,0,0,0,0,0
adult_drosophila_melanogaster,central_brain,LHl2_dorsal,,LHAD1b2,"Dolan et al., 2019",immuno,5,1,-1,-1,0,0,0,0,0,0,0
adult_drosophila_melanogaster,central_brain,LHl2_dorsal,,"LHAD1b2_a,LHAD1b2_c","Dolan et al., 2019",immuno,5,1,-1,-1,0,0,0,0,0,0,0
adult_drosophila_melanogaster,central_brain,LHl2_dorsal,,LHAD1b3,"Dolan et al., 2019",immuno,5,1,-1,-1,0,0,0,0,0,0,0
adult_drosophila_melanogaster,central_brain,LHl2_dorsal,,LHAD1b4,"Dolan et al., 2019",immuno,5,1,-1,-1,0,0,0,0,0,0,0
adult_drosophila_melanogaster,central_brain,LHl2_dorsal,,LHAD1b5,"Dolan et al., 2019",immuno,5,1,-1,-1,0,0,0,0,0,0,0
adult_drosophila_melanogaster,central_brain,LHl2_dorsal,,LHAD1c2,"Dolan et al., 2019",immuno,5,1,-1,-1,0,0,0,0,0,0,0
adult_drosophila_melanogaster,central_brain,LHl2_dorsal,,LHAD1c2a,"Dolan et al., 2019",immuno,5,1,-1,-1,0,0,0,0,0,0,0
adult_drosophila_melanogaster,central_brain,LHl2_dorsal,,LHAD1c2b,"Dolan et al., 2019",immuno,5,1,-1,-1,0,0,0,0,0,0,0
adult_drosophila_melanogaster,central_brain,LHl2_dorsal,,LHAD1c2c,"Dolan et al., 2019",immuno,5,1,-1,-1,0,0,0,0,0,0,0
adult_drosophila_melanogaster,central_brain,SLPal2,,LHAD1c3,"Dolan et al., 2019",immuno,5,1,-1,-1,0,0,0,0,0,0,0
adult_drosophila_melanogaster,central_brain,LHl2_dorsal,,LHAD1d1,"Dolan et al., 2019",immuno,5,1,-1,-1,0,0,0,0,0,0,0
adult_drosophila_melanogaster,central_brain,LHl2_dorsal,,LHAD1d2,"Dolan et al., 2019",immuno,5,1,-1,-1,0,0,0,0,0,0,0
adult_drosophila_melanogaster,central_brain,SLPal1,,LHAD1f1,"Dolan et al., 2019",immuno,5,-1,1,-1,0,0,0,0,0,0,0
adult_drosophila_melanogaster,central_brain,SLPal1,,LHAD1f1a,"Dolan et al., 2019",immuno,5,-1,1,-1,0,0,0,0,0,0,0
adult_drosophila_melanogaster,central_brain,SLPal1,,LHAD1f1b,"Dolan et al., 2019",immuno,5,-1,1,-1,0,0,0,0,0,0,0
adult_drosophila_melanogaster,central_brain,putative_primary,,LHAD1f2,"Dolan et al., 2019",immuno,5,-1,1,-1,0,0,0,0,0,0,0
adult_drosophila_melanogaster,central_brain,SLPal1,,LHAD1f3_a,"Dolan et al., 2019",immuno,5,-1,1,-1,0,0,0,0,0,0,0
adult_drosophila_melanogaster,central_brain,SLPal1,,LHAD1f3_b,"Dolan et al., 2019",immuno,5,-1,1,-1,0,0,0,0,0,0,0
adult_drosophila_melanogaster,central_brain,SLPal1,,LHAD1f3a,"Dolan et al., 2019",immuno,5,-1,1,-1,0,0,0,0,0,0,0
adult_drosophila_melanogaster,central_brain,SLPal1,,LHAD1f3b,"Dolan et al., 2019",immuno,5,-1,1,-1,0,0,0,0,0,0,0
adult_drosophila_melanogaster,central_brain,SLPal1,,LHAD1f3c,"Dolan et al., 2019",immuno,5,-1,1,-1,0,0,0,0,0,0,0
adult_drosophila_melanogaster,central_brain,SLPal1,,LHAD1f3d,"Dolan et al., 2019",immuno,5,-1,1,-1,0,0,0,0,0,0,0
adult_drosophila_melanogaster,central_brain,SLPal1,,LHAD1f4,"Dolan et al., 2019",immuno,5,-1,1,-1,0,0,0,0,0,0,0
adult_drosophila_melanogaster,central_brain,SLPal1,,LHAD1f4a,"Dolan et al., 2019",immuno,5,-1,1,-1,0,0,0,0,0,0,0
adult_drosophila_melanogaster,central_brain,SLPal1,,LHAD1f4b,"Dolan et al., 2019",immuno,5,-1,1,-1,0,0,0,0,0,0,0
adult_drosophila_melanogaster,central_brain,SLPal1,,LHAD1f4c,"Dolan et al., 2019",immuno,5,-1,1,-1,0,0,0,0,0,0,0
adult_drosophila_melanogaster,central_brain,LHd1,,LHAD3d4,"Dolan et al., 2019",immuno,5,1,-1,-1,0,0,0,0,0,0,0
adult_drosophila_melanogaster,central_brain,VLPl&p2_lateral,,LHAV1a1,"Dolan et al., 2019",immuno,5,1,-1,-1,0,0,0,0,0,0,0
adult_drosophila_melanogaster,central_brain,VLPl&p2_lateral,,LHAV1a3,"Dolan et al., 2019",immuno,5,1,-1,-1,0,0,0,0,0,0,0
adult_drosophila_melanogaster,central_brain,VLPl&p2_lateral,,LHAV1b1,"Dolan et al., 2019",immuno,5,1,-1,-1,0,0,0,0,0,0,0
adult_drosophila_melanogaster,central_brain,VLPl&p2_lateral,,LHAV1b3,"Dolan et al., 2019",immuno,5,1,-1,-1,0,0,0,0,0,0,0
adult_drosophila_melanogaster,central_brain,LHa2,,LHAV2a3,"Dolan et al., 2019",immuno,5,1,-1,-1,0,0,0,0,0,0,0
adult_drosophila_melanogaster,central_brain,LHa2,,LHAV2a3a,"Dolan et al., 2019",immuno,5,1,-1,-1,0,0,0,0,0,0,0
adult_drosophila_melanogaster,central_brain,LHa2,,LHAV2a3b,"Dolan et al., 2019",immuno,5,1,-1,-1,0,0,0,0,0,0,0
adult_drosophila_melanogaster,central_brain,LHa2,,LHAV2a3c,"Dolan et al., 2019",immuno,5,1,-1,-1,0,0,0,0,0,0,0
adult_drosophila_melanogaster,central_brain,VLPl2_posterior,,LHAV2b1,"Dolan et al., 2019",immuno,5,1,-1,-1,0,0,0,0,0,0,0
adult_drosophila_melanogaster,central_brain,VLPl2_posterior,,LHAV2b10,"Dolan et al., 2019",immuno,5,1,-1,-1,0,0,0,0,0,0,0
adult_drosophila_melanogaster,central_brain,VLPl2_posterior,,LHAV2b11,"Dolan et al., 2019",immuno,5,1,-1,-1,0,0,0,0,0,0,0
adult_drosophila_melanogaster,central_brain,VLPl2_posterior,,LHAV2b2,"Dolan et al., 2019",immuno,5,1,-1,-1,0,0,0,0,0,0,0
adult_drosophila_melanogaster,central_brain,VLPl2_posterior,,LHAV2b2a,"Dolan et al., 2019",immuno,5,1,-1,-1,0,0,0,0,0,0,0
adult_drosophila_melanogaster,central_brain,VLPl2_posterior,,LHAV2b2b,"Dolan et al., 2019",immuno,5,1,-1,-1,0,0,0,0,0,0,0
adult_drosophila_melanogaster,central_brain,LHa2,,LHAV2k10,"Dolan et al., 2019",immuno,5,1,-1,-1,0,0,0,0,0,0,0
adult_drosophila_melanogaster,central_brain,LHa2,,LHAV2k13,"Dolan et al., 2019",immuno,5,1,-1,-1,0,0,0,0,0,0,0
adult_drosophila_melanogaster,central_brain,putative_primary,,LHAV2k6,"Dolan et al., 2019",immuno,5,1,-1,-1,0,0,0,0,0,0,0
adult_drosophila_melanogaster,central_brain,putative_primary,,LHAV2k8,"Dolan et al., 2019",immuno,5,1,-1,-1,0,0,0,0,0,0,0
adult_drosophila_melanogaster,central_brain,0,,LHAV3a1_c,"Dolan et al., 2019",immuno,5,1,-1,-1,0,0,0,0,0,0,0
adult_drosophila_melanogaster,central_brain,LHl1,,LHAV4a1_b,"Dolan et al., 2019",immuno,5,-1,-1,1,0,0,0,0,0,0,0
adult_drosophila_melanogaster,central_brain,putative_primary,,LHAV4a2,"Dolan et al., 2019",immuno,5,-1,-1,1,0,0,0,0,0,0,0
adult_drosophila_melanogaster,central_brain,LHl1,,LHAV4a6,"Dolan et al., 2019",immuno,5,-1,-1,1,0,0,0,0,0,0,0
adult_drosophila_melanogaster,central_brain,LHl4_dorsal,,LHAV4b1,"Dolan et al., 2019",immuno,5,-1,-1,1,0,0,0,0,0,0,0
adult_drosophila_melanogaster,central_brain,LHl4_dorsal,,LHAV4b2,"Dolan et al., 2019",immuno,5,-1,-1,1,0,0,0,0,0,0,0
adult_drosophila_melanogaster,central_brain,LHl1,,LHAV4c2,"Dolan et al., 2019",immuno,5,-1,-1,1,0,0,0,0,0,0,0
adult_drosophila_melanogaster,central_brain,VLPl4_dorsal,,LHAV4e7,"Dolan et al., 2019",immuno,5,-1,-1,1,0,0,0,0,0,0,0
adult_drosophila_melanogaster,central_brain,LHl4_dorsal,,LHAV4g1_a,"Dolan et al., 2019",immuno,5,-1,-1,1,0,0,0,0,0,0,0
adult_drosophila_melanogaster,central_brain,LHl4_dorsal,,LHAV4g1_b,"Dolan et al., 2019",immuno,5,-1,-1,1,0,0,0,0,0,0,0
adult_drosophila_melanogaster,central_brain,LHl4_dorsal,,LHAV4g17,"Dolan et al., 2019",immuno,5,-1,-1,1,0,0,0,0,0,0,0
adult_drosophila_melanogaster,central_brain,LHl4_dorsal,,LHAV4g1a,"Dolan et al., 2019",immuno,5,-1,-1,1,0,0,0,0,0,0,0
adult_drosophila_melanogaster,central_brain,LHl4_dorsal,,LHAV4g1b,"Dolan et al., 2019",immuno,5,-1,-1,1,0,0,0,0,0,0,0
adult_drosophila_melanogaster,central_brain,LHl4_dorsal,,LHAV4g1c,"Dolan et al., 2019",immuno,5,-1,-1,1,0,0,0,0,0,0,0
adult_drosophila_melanogaster,central_brain,VLPl4_dorsal,,LHAV4i1,"Dolan et al., 2019",immuno,5,-1,-1,1,0,0,0,0,0,0,0
adult_drosophila_melanogaster,central_brain,LHl1,,LHAV4j1,"Dolan et al., 2019",immuno,5,-1,-1,1,0,0,0,0,0,0,0
adult_drosophila_melanogaster,central_brain,VPNl&d1_dorsal,,LHAV5a1,"Dolan et al., 2019",immuno,5,1,-1,-1,0,0,0,0,0,0,0
adult_drosophila_melanogaster,central_brain,SLPav2,,LHAV5e1,"Dolan et al., 2019",immuno,5,-1,1,-1,0,0,0,0,0,0,0
adult_drosophila_melanogaster,central_brain,LHa1,,LHAV6a1,"Dolan et al., 2019",immuno,5,1,-1,-1,0,0,0,0,0,0,0
adult_drosophila_melanogaster,central_brain,SIPa1_ventral,,LHAV6c1,"Dolan et al., 2019",immuno,5,-1,1,-1,0,0,0,0,0,0,0
adult_drosophila_melanogaster,central_brain,SIPa1_ventral,,LHAV6c1a,"Dolan et al., 2019",immuno,5,-1,1,-1,0,0,0,0,0,0,0
adult_drosophila_melanogaster,central_brain,SIPa1_ventral,,LHAV6c1b,"Dolan et al., 2019",immuno,5,-1,1,-1,0,0,0,0,0,0,0
adult_drosophila_melanogaster,central_brain,AOTUv2,,LHAV7a1_a,"Dolan et al., 2019",immuno,5,1,1,-1,0,0,0,0,0,0,0
adult_drosophila_melanogaster,central_brain,AOTUv2,,LHAV7a1_b,"Dolan et al., 2019",immuno,5,1,1,-1,0,0,0,0,0,0,0
adult_drosophila_melanogaster,central_brain,AOTUv2,,LHAV7a1a,"Dolan et al., 2019",immuno,5,1,1,-1,0,0,0,0,0,0,0
adult_drosophila_melanogaster,central_brain,AOTUv2,,LHAV7a1b,"Dolan et al., 2019",immuno,5,1,1,-1,0,0,0,0,0,0,0
adult_drosophila_melanogaster,central_brain,AOTUv2,,LHAV7a1c,"Dolan et al., 2019",immuno,5,1,1,-1,0,0,0,0,0,0,0
adult_drosophila_melanogaster,central_brain,VLPd&p1_posterior,,LHPD2a1,"Dolan et al., 2019",immuno,5,1,-1,-1,0,0,0,0,0,0,0
adult_drosophila_melanogaster,central_brain,VLPd&p1_posterior,,LHPD2b1,"Dolan et al., 2019",immuno,5,1,-1,-1,0,0,0,0,0,0,0
adult_drosophila_melanogaster,central_brain,VLPd&p1_posterior,,LHPD2c1,"Dolan et al., 2019",immuno,5,1,-1,-1,0,0,0,0,0,0,0
adult_drosophila_melanogaster,central_brain,VLPd&p1_posterior,,LHPD2d1,"Dolan et al., 2019",immuno,5,-1,1,-1,0,0,0,0,0,0,0
adult_drosophila_melanogaster,central_brain,putative_primary,,LHPD2d2,"Dolan et al., 2019",immuno,5,-1,1,-1,0,0,0,0,0,0,0
adult_drosophila_melanogaster,central_brain,LHd2,,LHPD3a2,"Dolan et al., 2019",immuno,5,-1,1,-1,0,0,0,0,0,0,0
adult_drosophila_melanogaster,central_brain,LHd2,,LHPD3a4,"Dolan et al., 2019",immuno,5,-1,1,-1,0,0,0,0,0,0,0
adult_drosophila_melanogaster,central_brain,LHd2,,LHPD3a5,"Dolan et al., 2019",immuno,5,-1,1,-1,0,0,0,0,0,0,0
adult_drosophila_melanogaster,central_brain,LHd2,,LHPD3c1,"Dolan et al., 2019",immuno,5,-1,1,-1,0,0,0,0,0,0,0
adult_drosophila_melanogaster,central_brain,SLPpm1,,LHPD4a1,"Dolan et al., 2019",immuno,5,-1,1,-1,0,0,0,0,0,0,0
adult_drosophila_melanogaster,central_brain,SLPpm1,,LHPD4a2,"Dolan et al., 2019",immuno,5,-1,1,-1,0,0,0,0,0,0,0
adult_drosophila_melanogaster,central_brain,SLPpm1,,LHPD4b1,"Dolan et al., 2019",immuno,5,-1,1,-1,0,0,0,0,0,0,0
adult_drosophila_melanogaster,central_brain,SLPpm1,,LHPD4b1a,"Dolan et al., 2019",immuno,5,-1,1,-1,0,0,0,0,0,0,0
adult_drosophila_melanogaster,central_brain,SLPpm1,,LHPD4b1b,"Dolan et al., 2019",immuno,5,-1,1,-1,0,0,0,0,0,0,0
adult_drosophila_melanogaster,central_brain,putative_primary,,LHPD4c1,"Dolan et al., 2019",immuno,5,1,-1,-1,0,0,0,0,0,0,0
adult_drosophila_melanogaster,central_brain,SLPpm1,,LHPD4d1,"Dolan et al., 2019",immuno,5,-1,1,-1,0,0,0,0,0,0,0
adult_drosophila_melanogaster,central_brain,putative_primary,,LHPD5a1,"Dolan et al., 2019",immuno,5,-1,1,-1,0,0,0,0,0,0,0
adult_drosophila_melanogaster,central_brain,SLPpm3,,LHPD5b1,"Dolan et al., 2019",immuno,5,1,-1,-1,0,0,0,0,0,0,0
adult_drosophila_melanogaster,central_brain,putative_primary,,LHPD5c1,"Dolan et al., 2019",immuno,5,-1,1,-1,0,0,0,0,0,0,0
adult_drosophila_melanogaster,central_brain,putative_primary,,LHPD5d1,"Dolan et al., 2019",immuno,5,1,-1,-1,0,0,0,0,0,0,0
adult_drosophila_melanogaster,central_brain,SMPp&v1_posterior,,LHPD5f1,"Dolan et al., 2019",immuno,5,-1,1,-1,0,0,0,0,0,0,0
adult_drosophila_melanogaster,central_brain,primary,,LHPV12a1,"Dolan et al., 2019",immuno,5,-1,-1,1,0,0,0,0,0,0,0
adult_drosophila_melanogaster,central_brain,putative_primary,,LHPV1c1,"Dolan et al., 2019",immuno,5,1,-1,-1,0,0,0,0,0,0,0
adult_drosophila_melanogaster,central_brain,putative_primary,,LHPV1c2,"Dolan et al., 2019",immuno,5,1,-1,-1,0,0,0,0,0,0,0
adult_drosophila_melanogaster,central_brain,putative_primary,,LHPV1d1,"Dolan et al., 2019",immuno,5,-1,-1,1,0,0,0,0,0,0,0
adult_drosophila_melanogaster,central_brain,VPNp&v1_posterior,,LHPV2a1,"Dolan et al., 2019",immuno,5,-1,-1,1,0,0,0,0,0,0,0
adult_drosophila_melanogaster,central_brain,VPNp&v1_posterior,,LHPV2a1_a,"Dolan et al., 2019",immuno,5,-1,-1,1,0,0,0,0,0,0,0
adult_drosophila_melanogaster,central_brain,VPNp&v1_posterior,,LHPV2a2,"Dolan et al., 2019",immuno,5,-1,-1,1,0,0,0,0,0,0,0
adult_drosophila_melanogaster,central_brain,VLPp&l1_anterior,,LHPV2c1,"Dolan et al., 2019",immuno,5,-1,-1,1,0,0,0,0,0,0,0
adult_drosophila_melanogaster,central_brain,VPNp&v1_posterior,,LHPV2d1,"Dolan et al., 2019",immuno,5,-1,-1,1,0,0,0,0,0,0,0
adult_drosophila_melanogaster,central_brain,VLPp&l1_anterior,,LHPV2e1_a,"Dolan et al., 2019",immuno,5,-1,-1,1,0,0,0,0,0,0,0
adult_drosophila_melanogaster,central_brain,putative_primary,,LHPV2g1,"Dolan et al., 2019",immuno,5,1,-1,-1,0,0,0,0,0,0,0
adult_drosophila_melanogaster,central_brain,LHl4_posterior,,LHPV2h1,"Dolan et al., 2019",immuno,5,1,-1,-1,0,0,0,0,0,0,0
adult_drosophila_melanogaster,central_brain,LHl4_posterior,,LHPV2i1,"Dolan et al., 2019",immuno,5,1,-1,-1,0,0,0,0,0,0,0
adult_drosophila_melanogaster,central_brain,LHl4_posterior,,LHPV2i1a,"Dolan et al., 2019",immuno,5,1,-1,-1,0,0,0,0,0,0,0
adult_drosophila_melanogaster,central_brain,LHl4_posterior,,LHPV2i1b,"Dolan et al., 2019",immuno,5,1,-1,-1,0,0,0,0,0,0,0
adult_drosophila_melanogaster,central_brain,LHl4_posterior,,LHPV2i2,"Dolan et al., 2019",immuno,5,1,-1,-1,0,0,0,0,0,0,0
adult_drosophila_melanogaster,central_brain,LHl4_posterior,,LHPV2i2a,"Dolan et al., 2019",immuno,5,1,-1,-1,0,0,0,0,0,0,0
adult_drosophila_melanogaster,central_brain,LHl4_posterior,,LHPV2i2b,"Dolan et al., 2019",immuno,5,1,-1,-1,0,0,0,0,0,0,0
adult_drosophila_melanogaster,central_brain,VPNp1_medial,,LHPV3a1,"Dolan et al., 2019",immuno,5,1,-1,-1,0,0,0,0,0,0,0
adult_drosophila_melanogaster,central_brain,VPNp1_medial,,LHPV3a2,"Dolan et al., 2019",immuno,5,1,-1,-1,0,0,0,0,0,0,0
adult_drosophila_melanogaster,central_brain,VPNp1_medial,,LHPV3b1_b,"Dolan et al., 2019",immuno,5,1,-1,-1,0,0,0,0,0,0,0
adult_drosophila_melanogaster,central_brain,putative_primary,,LHPV3c1,"Dolan et al., 2019",immuno,5,1,-1,-1,0,0,0,0,0,0,0
adult_drosophila_melanogaster,central_brain,LHp1,,"LHPV4a1,LHPV4a2","Dolan et al., 2019",immuno,5,-1,1,-1,0,0,0,0,0,0,0
adult_drosophila_melanogaster,central_brain,LHp1,,LHPV4a10,"Dolan et al., 2019",immuno,5,-1,1,-1,0,0,0,0,0,0,0
adult_drosophila_melanogaster,central_brain,LHp1,,LHPV4a11,"Dolan et al., 2019",immuno,5,-1,1,-1,0,0,0,0,0,0,0
adult_drosophila_melanogaster,central_brain,LHp1,,LHPV4a2,"Dolan et al., 2019",immuno,5,-1,1,-1,0,0,0,0,0,0,0
adult_drosophila_melanogaster,central_brain,LHp1,,LHPV4a3,"Dolan et al., 2019",immuno,5,-1,1,-1,0,0,0,0,0,0,0
adult_drosophila_melanogaster,central_brain,LHp1,,LHPV4a4,"Dolan et al., 2019",immuno,5,-1,1,-1,0,0,0,0,0,0,0
adult_drosophila_melanogaster,central_brain,LHp1,,LHPV4a5,"Dolan et al., 2019",immuno,5,-1,1,-1,0,0,0,0,0,0,0
adult_drosophila_melanogaster,central_brain,LHp1,,LHPV4a9,"Dolan et al., 2019",immuno,5,-1,1,-1,0,0,0,0,0,0,0
adult_drosophila_melanogaster,central_brain,SLPp&v1_posterior,,LHPV4b1,"Dolan et al., 2019",immuno,5,-1,1,-1,0,0,0,0,0,0,0
adult_drosophila_melanogaster,central_brain,SLPp&v1_posterior,,LHPV4b2,"Dolan et al., 2019",immuno,5,-1,1,-1,0,0,0,0,0,0,0
adult_drosophila_melanogaster,central_brain,SLPp&v1_posterior,,LHPV4b3,"Dolan et al., 2019",immuno,5,-1,1,-1,0,0,0,0,0,0,0
adult_drosophila_melanogaster,central_brain,SLPp&v1_posterior,,LHPV4b9,"Dolan et al., 2019",immuno,5,-1,1,-1,0,0,0,0,0,0,0
adult_drosophila_melanogaster,central_brain,SLPp&v1_posterior,,LHPV4c1,"Dolan et al., 2019",immuno,5,-1,1,-1,0,0,0,0,0,0,0
adult_drosophila_melanogaster,central_brain,SLPp&v1_posterior,,LHPV4c4,"Dolan et al., 2019",immuno,5,-1,1,-1,0,0,0,0,0,0,0
adult_drosophila_melanogaster,central_brain,LHp1,,LHPV4d3,"Dolan et al., 2019",immuno,5,-1,1,-1,0,0,0,0,0,0,0
adult_drosophila_melanogaster,central_brain,putative_primary,,LHPV4e1,"Dolan et al., 2019",immuno,5,-1,1,-1,0,0,0,0,0,0,0
adult_drosophila_melanogaster,central_brain,LHp1,,LHPV4h3,"Dolan et al., 2019",immuno,5,-1,1,-1,0,0,0,0,0,0,0
adult_drosophila_melanogaster,central_brain,LHp1,,LHPV4j3,"Dolan et al., 2019",immuno,5,-1,1,-1,0,0,0,0,0,0,0
adult_drosophila_melanogaster,central_brain,LHp1,,LHPV4k1,"Dolan et al., 2019",immuno,5,-1,1,-1,0,0,0,0,0,0,0
adult_drosophila_melanogaster,central_brain,putative_primary,,LHPV4l1,"Dolan et al., 2019",immuno,5,-1,1,-1,0,0,0,0,0,0,0
adult_drosophila_melanogaster,central_brain,DL2_dorsal,,LHPV5a1,"Dolan et al., 2019",immuno,5,1,-1,-1,0,0,0,0,0,0,0
adult_drosophila_melanogaster,central_brain,DL2_dorsal,,LHPV5a2,"Dolan et al., 2019",immuno,5,1,-1,-1,0,0,0,0,0,0,0
adult_drosophila_melanogaster,central_brain,DL2_dorsal,,LHPV5a3,"Dolan et al., 2019",immuno,5,1,-1,-1,0,0,0,0,0,0,0
adult_drosophila_melanogaster,central_brain,DL2_dorsal,,LHPV5a5,"Dolan et al., 2019",immuno,5,1,-1,-1,0,0,0,0,0,0,0
adult_drosophila_melanogaster,central_brain,DL1_dorsal,,LHPV5b1,"Dolan et al., 2019",immuno,5,1,-1,-1,0,0,0,0,0,0,0
adult_drosophila_melanogaster,central_brain,DL1_dorsal,,LHPV5b2,"Dolan et al., 2019",immuno,5,1,-1,-1,0,0,0,0,0,0,0
adult_drosophila_melanogaster,central_brain,DL1_dorsal,,LHPV5b3,"Dolan et al., 2019",immuno,5,1,-1,-1,0,0,0,0,0,0,0
adult_drosophila_melanogaster,central_brain,DL1_dorsal,,LHPV5b4,"Dolan et al., 2019",immuno,5,1,-1,-1,0,0,0,0,0,0,0
adult_drosophila_melanogaster,central_brain,DL1_dorsal,,LHPV5b5,"Dolan et al., 2019",immuno,5,1,-1,-1,0,0,0,0,0,0,0
adult_drosophila_melanogaster,central_brain,DL1_dorsal,,LHPV5b6,"Dolan et al., 2019",immuno,5,1,-1,-1,0,0,0,0,0,0,0
adult_drosophila_melanogaster,central_brain,DL1_dorsal,,LHPV5c1,"Dolan et al., 2019",immuno,5,1,-1,-1,0,0,0,0,0,0,0
adult_drosophila_melanogaster,central_brain,DL1_dorsal,,LHPV5c2,"Dolan et al., 2019",immuno,5,1,-1,-1,0,0,0,0,0,0,0
adult_drosophila_melanogaster,central_brain,DL1_dorsal,,LHPV5c3,"Dolan et al., 2019",immuno,5,1,-1,-1,0,0,0,0,0,0,0
adult_drosophila_melanogaster,central_brain,DL2_dorsal,,LHPV5d1,"Dolan et al., 2019",immuno,5,1,-1,-1,0,0,0,0,0,0,0
adult_drosophila_melanogaster,central_brain,DL2_dorsal,,LHPV5d3,"Dolan et al., 2019",immuno,5,1,-1,-1,0,0,0,0,0,0,0
adult_drosophila_melanogaster,central_brain,DL2_dorsal,,LHPV5e1,"Dolan et al., 2019",immuno,5,1,-1,-1,0,0,0,0,0,0,0
adult_drosophila_melanogaster,central_brain,DL1_dorsal,,LHPV5e2,"Dolan et al., 2019",immuno,5,1,-1,-1,0,0,0,0,0,0,0
adult_drosophila_melanogaster,central_brain,putative_primary,,LHPV5e3,"Dolan et al., 2019",immuno,5,1,-1,-1,0,0,0,0,0,0,0
adult_drosophila_melanogaster,central_brain,DL2_dorsal,,"LHPV5g1_a,SMP270","Dolan et al., 2019",immuno,5,1,-1,-1,0,0,0,0,0,0,0
adult_drosophila_melanogaster,central_brain,DL2_dorsal,,LHPV5g1_b,"Dolan et al., 2019",immuno,5,1,-1,-1,0,0,0,0,0,0,0
adult_drosophila_melanogaster,central_brain,DL2_dorsal,,LHPV5g2,"Dolan et al., 2019",immuno,5,1,-1,-1,0,0,0,0,0,0,0
adult_drosophila_melanogaster,central_brain,putative_primary,,LHPV5i1,"Dolan et al., 2019",immuno,5,1,-1,-1,0,0,0,0,0,0,0
adult_drosophila_melanogaster,central_brain,putative_primary,,LHPV5l1,"Dolan et al., 2019",immuno,5,1,-1,-1,0,0,0,0,0,0,0
adult_drosophila_melanogaster,central_brain,LHp2,,LHPV6a1,"Dolan et al., 2019",immuno,5,1,-1,-1,0,0,0,0,0,0,0
adult_drosophila_melanogaster,central_brain,LHp2,,LHPV6a10,"Dolan et al., 2019",immuno,5,1,-1,-1,0,0,0,0,0,0,0
adult_drosophila_melanogaster,central_brain,LHp2,,LHPV6a3,"Dolan et al., 2019",immuno,5,1,-1,-1,0,0,0,0,0,0,0
adult_drosophila_melanogaster,central_brain,LHp2,,LHPV6c1,"Dolan et al., 2019",immuno,5,1,-1,-1,0,0,0,0,0,0,0
adult_drosophila_melanogaster,central_brain,LHp2,,LHPV6c2,"Dolan et al., 2019",immuno,5,1,-1,-1,0,0,0,0,0,0,0
adult_drosophila_melanogaster,central_brain,SLPpl2,,LHPV6l1,"Dolan et al., 2019",immuno,5,-1,1,-1,0,0,0,0,0,0,0
adult_drosophila_melanogaster,central_brain,SLPpl2,,LHPV6o1,"Dolan et al., 2019",immuno,5,1,-1,-1,0,0,0,0,0,0,0
adult_drosophila_melanogaster,central_brain,VLPl&p1_posterior,,LHPV7a1,"Dolan et al., 2019",immuno,5,1,-1,-1,0,0,0,0,0,0,0
adult_drosophila_melanogaster,central_brain,VLPl&p1_posterior,,LHPV7a1a,"Dolan et al., 2019",immuno,5,1,-1,-1,0,0,0,0,0,0,0
adult_drosophila_melanogaster,central_brain,VLPl&p1_posterior,,LHPV7a1b,"Dolan et al., 2019",immuno,5,1,-1,-1,0,0,0,0,0,0,0
adult_drosophila_melanogaster,central_brain,putative_primary,,LHPV7a2,"Dolan et al., 2019",immuno,5,1,-1,-1,0,0,0,0,0,0,0
adult_drosophila_melanogaster,central_brain,putative_primary,,LHPV7b1,"Dolan et al., 2019",immuno,5,1,-1,-1,0,0,0,0,0,0,0
adult_drosophila_melanogaster,central_brain,putative_primary,,LHPV7c1,"Dolan et al., 2019",immuno,5,1,-1,-1,0,0,0,0,0,0,0
adult_drosophila_melanogaster,central_brain,VPNp&v1_posterior,,MB-C1,"Dolan et al., 2019",immuno,5,-1,-1,1,0,0,0,0,0,0,0
adult_drosophila_melanogaster,central_brain,VLPl4_dorsal,,"PLP003,LHAV4i2","Dolan et al., 2019",immuno,5,-1,-1,1,0,0,0,0,0,0,0
adult_drosophila_melanogaster,central_brain,VLPp&l1_anterior,,"PLP084,PLP085","Dolan et al., 2019",immuno,5,-1,-1,1,0,0,0,0,0,0,0
adult_drosophila_melanogaster,central_brain,VLPp&l1_anterior,,PLP086,"Dolan et al., 2019",immuno,5,-1,-1,1,0,0,0,0,0,0,0
adult_drosophila_melanogaster,central_brain,VLPp&l1_anterior,,PLP086a,"Dolan et al., 2019",immuno,5,-1,-1,1,0,0,0,0,0,0,0
adult_drosophila_melanogaster,central_brain,VLPp&l1_anterior,,PLP086b,"Dolan et al., 2019",immuno,5,-1,-1,1,0,0,0,0,0,0,0
adult_drosophila_melanogaster,central_brain,VLPp&l1_anterior,,PLP087,"Dolan et al., 2019",immuno,5,-1,-1,1,0,0,0,0,0,0,0
adult_drosophila_melanogaster,central_brain,VLPp&l1_anterior,,PLP087a,"Dolan et al., 2019",immuno,5,-1,-1,1,0,0,0,0,0,0,0
adult_drosophila_melanogaster,central_brain,VLPp&l1_anterior,,PLP087b,"Dolan et al., 2019",immuno,5,-1,-1,1,0,0,0,0,0,0,0
adult_drosophila_melanogaster,central_brain,VLPp&l1_anterior,,PLP089,"Dolan et al., 2019",immuno,5,-1,-1,1,0,0,0,0,0,0,0
adult_drosophila_melanogaster,central_brain,VLPp&l1_anterior,,PLP089b,"Dolan et al., 2019",immuno,5,-1,-1,1,0,0,0,0,0,0,0
adult_drosophila_melanogaster,central_brain,VPNp&v1_posterior,,PLP156,"Dolan et al., 2019",immuno,5,1,-1,-1,0,0,0,0,0,0,0
adult_drosophila_melanogaster,central_brain,SLPpm3,,SLPpm3_P01,"Dolan et al., 2019",immuno,5,1,-1,-1,0,0,0,0,0,0,0
adult_drosophila_melanogaster,central_brain,SMPpd2,,SMP540,"Dolan et al., 2019",immuno,5,0,0,-1,0,0,0,0,0,0,0
adult_drosophila_melanogaster,central_brain,SMPp&v1_posterior,,SMPp&v1A_P03,"Dolan et al., 2019",immuno,5,-1,1,-1,0,0,0,0,0,0,0
adult_drosophila_melanogaster,central_brain,WEDa2,,WEDPN1A,"Dolan et al., 2019",immuno,5,-1,-1,1,0,0,0,0,0,0,0
adult_drosophila_melanogaster,central_brain,WEDa2,,WEDPN1B,"Dolan et al., 2019",immuno,5,-1,-1,1,0,0,0,0,0,0,0
adult_drosophila_melanogaster,central_brain,WEDa2,,WEDPN2A,"Dolan et al., 2019",immuno,5,-1,-1,1,0,0,0,0,0,0,0
adult_drosophila_melanogaster,central_brain,WEDa2,,WEDPN2B,"Dolan et al., 2019",immuno,5,-1,-1,1,0,0,0,0,0,0,0
adult_drosophila_melanogaster,central_brain,WEDa2,,WEDPN3,"Dolan et al., 2019",immuno,5,-1,-1,1,0,0,0,0,0,0,0
adult_drosophila_melanogaster,central_brain,WEDa2,,WEDPN4,"Dolan et al., 2019",immuno,5,-1,-1,1,0,0,0,0,0,0,0
adult_drosophila_melanogaster,central_brain,VPNp&v1_posterior,,WEDPN6A,"Dolan et al., 2019",immuno,5,-1,-1,1,0,0,0,0,0,0,0
adult_drosophila_melanogaster,central_brain,VPNp&v1_posterior,,WEDPN6B,"Dolan et al., 2019",immuno,5,-1,-1,1,0,0,0,0,0,0,0
adult_drosophila_melanogaster,central_brain,VPNp&v1_posterior,,WEDPN6C,"Dolan et al., 2019",immuno,5,-1,-1,1,0,0,0,0,0,0,0
adult_drosophila_melanogaster,central_brain,AOTUv3_dorsal,,TuBu01,"Duan et al., 2023",immuno,5,1,0,0,0,0,0,0,0,0,0
adult_drosophila_melanogaster,central_brain,AOTUv3_dorsal,,TuBu01a,"Duan et al., 2023",immuno,5,1,0,0,0,0,0,0,0,0,0
adult_drosophila_melanogaster,central_brain,AOTUv3_dorsal,,TuBu01b,"Duan et al., 2023",immuno,5,1,0,0,0,0,0,0,0,0,0
adult_drosophila_melanogaster,central_brain,AOTUv4_dorsal,,TuBu02,"Duan et al., 2023",immuno,5,1,0,0,0,0,0,0,0,0,0
adult_drosophila_melanogaster,central_brain,AOTUv4_dorsal,,"TuBu03,TuBu04","Duan et al., 2023",immuno,5,1,0,0,0,0,0,0,0,0,0
adult_drosophila_melanogaster,central_brain,AOTUv4_dorsal,,TuBu05,"Duan et al., 2023",immuno,5,1,0,0,0,0,0,0,0,0,0
adult_drosophila_melanogaster,central_brain,AOTUv3_dorsal,,TuBu06,"Duan et al., 2023",immuno,5,1,0,0,0,0,0,0,0,0,0
adult_drosophila_melanogaster,central_brain,AOTUv3_dorsal,,TuBu06a,"Duan et al., 2023",immuno,5,1,0,0,0,0,0,0,0,0,0
adult_drosophila_melanogaster,central_brain,AOTUv3_dorsal,,TuBu06b,"Duan et al., 2023",immuno,5,1,0,0,0,0,0,0,0,0,0
adult_drosophila_melanogaster,central_brain,AOTUv3_dorsal,,TuBu07,"Duan et al., 2023",immuno,5,1,0,0,0,0,0,0,0,0,0
adult_drosophila_melanogaster,central_brain,AOTUv3_dorsal,,TuBu08,"Duan et al., 2023",immuno,5,1,0,0,0,0,0,0,0,0,0
adult_drosophila_melanogaster,central_brain,AOTUv3_dorsal,,"TuBu09,TuBu10","Duan et al., 2023",immuno,5,1,0,0,0,0,0,0,0,0,0
adult_drosophila_melanogaster,ventral_nerve_cord,00B,,EA00B006,"Ehrhardt et al., 2023",immuno,5,0,0,0,0,0,0,1,0,0,0
adult_drosophila_melanogaster,ventral_nerve_cord,00B,,EA00B022,"Ehrhardt et al., 2023",immuno,5,0,0,0,0,0,0,1,0,0,0
adult_drosophila_melanogaster,ventral_nerve_cord,00B,,EN00B001,"Ehrhardt et al., 2023",immuno,5,0,0,0,0,0,0,1,0,0,0
adult_drosophila_melanogaster,ventral_nerve_cord,00B,,EN00B008,"Ehrhardt et al., 2023",immuno,5,0,0,0,0,0,0,1,0,0,0
adult_drosophila_melanogaster,ventral_nerve_cord,00B,,EN00B011,"Ehrhardt et al., 2023",immuno,5,0,0,0,0,0,0,1,0,0,0
adult_drosophila_melanogaster,ventral_nerve_cord,00B,,EN00B017,"Ehrhardt et al., 2023",immuno,5,0,0,0,0,0,0,1,0,0,0
adult_drosophila_melanogaster,ventral_nerve_cord,00B,,EN00B023,"Ehrhardt et al., 2023",immuno,5,0,0,0,0,0,0,1,0,0,0
adult_drosophila_melanogaster,ventral_nerve_cord,00B,,EN00B025,"Ehrhardt et al., 2023",immuno,5,0,0,0,0,0,0,1,0,0,0
adult_drosophila_melanogaster,ventral_nerve_cord,00B,,EN00B026,"Ehrhardt et al., 2023",immuno,5,0,0,0,0,0,0,1,0,0,0
adult_drosophila_melanogaster,ventral_nerve_cord,00B,,mesVUM-MJ,"Ehrhardt et al., 2023",immuno,5,0,0,0,0,0,0,1,0,0,0
larval_drosophila_melanogaster,cns,unpublished,,KC very young - DPLc s Left,"Eichler, Li, Litwin-Kumar et al. 2017",0,2,1,0,0,0,0,0,0,0,0,0
larval_drosophila_melanogaster,cns,unpublished,,BN ; DALcm12 L m ant lat 3_left,"Eschbach, Fushiki et al. 2020, Eschbach, Fushiki et al. 2020b, Winding, Pedigo et al. 2023",0,4,-1,-1,1,0,0,0,0,0,0,0
larval_drosophila_melanogaster,cns,unpublished,,BN ; DALcm12 L m ant lat 3_right,"Eschbach, Fushiki et al. 2020, Eschbach, Fushiki et al. 2020b, Winding, Pedigo et al. 2023",0,4,-1,-1,1,0,0,0,0,0,0,0
larval_drosophila_melanogaster,cns,unpublished,,DA_left,"Eschbach, Fushiki et al. 2020, Eschbach, Fushiki et al. 2020b, Winding, Pedigo et al. 2023",0,4,-1,1,-1,0,0,0,0,0,0,0
larval_drosophila_melanogaster,cns,unpublished,,DA_right,"Eschbach, Fushiki et al. 2020, Eschbach, Fushiki et al. 2020b, Winding, Pedigo et al. 2023",0,4,-1,1,-1,0,0,0,0,0,0,0
larval_drosophila_melanogaster,cns,unpublished,,DE: CPe 1_left,"Eschbach, Fushiki et al. 2020, Eschbach, Fushiki et al. 2020b, Winding, Pedigo et al. 2023",0,4,1,-1,-1,0,0,0,0,0,0,0
larval_drosophila_melanogaster,cns,unpublished,,DE: CPe 1_right,"Eschbach, Fushiki et al. 2020, Eschbach, Fushiki et al. 2020b, Winding, Pedigo et al. 2023",0,4,1,-1,-1,0,0,0,0,0,0,0
larval_drosophila_melanogaster,cns,unpublished,,DPMpl lat 4 loSMpl_left,"Eschbach, Fushiki et al. 2020, Eschbach, Fushiki et al. 2020b, Winding, Pedigo et al. 2023",0,4,-1,-1,1,0,0,0,0,0,0,0
larval_drosophila_melanogaster,cns,unpublished,,DPMpl lat 4 loSMpl_right,"Eschbach, Fushiki et al. 2020, Eschbach, Fushiki et al. 2020b, Winding, Pedigo et al. 2023",0,4,-1,-1,1,0,0,0,0,0,0,0
larval_drosophila_melanogaster,cns,unpublished,,LP: BAmas d 3_left,"Eschbach, Fushiki et al. 2020, Eschbach, Fushiki et al. 2020b, Winding, Pedigo et al. 2023",0,4,1,-1,-1,0,0,0,0,0,0,0
larval_drosophila_melanogaster,cns,unpublished,,LP: BAmas d 3_right,"Eschbach, Fushiki et al. 2020, Eschbach, Fushiki et al. 2020b, Winding, Pedigo et al. 2023",0,4,1,-1,-1,0,0,0,0,0,0,0
larval_drosophila_melanogaster,cns,unpublished,,N_left,"Eschbach, Fushiki et al. 2020, Eschbach, Fushiki et al. 2020b, Winding, Pedigo et al. 2023",0,4,1,-1,-1,0,0,0,0,0,0,0
larval_drosophila_melanogaster,cns,unpublished,,N_right,"Eschbach, Fushiki et al. 2020, Eschbach, Fushiki et al. 2020b, Winding, Pedigo et al. 2023",0,4,1,-1,-1,0,0,0,0,0,0,0
larval_drosophila_melanogaster,cns,unpublished,,SJ: DALv23 L LAL dor pos 2_left,"Eschbach, Fushiki et al. 2020, Eschbach, Fushiki et al. 2020b, Winding, Pedigo et al. 2023",0,4,1,-1,-1,0,0,0,0,0,0,0
larval_drosophila_melanogaster,cns,unpublished,,SJ: DALv23 L LAL dor pos 2_right,"Eschbach, Fushiki et al. 2020, Eschbach, Fushiki et al. 2020b, Winding, Pedigo et al. 2023",0,4,1,-1,-1,0,0,0,0,0,0,0
larval_drosophila_melanogaster,cns,unpublished,,U ; Convergence Sibling; DALcm12 m ant lat 12_left,"Eschbach, Fushiki et al. 2020, Eschbach, Fushiki et al. 2020b, Winding, Pedigo et al. 2023",0,4,-1,-1,1,0,0,0,0,0,0,0
larval_drosophila_melanogaster,cns,unpublished,,U ; Convergence Sibling; DALcm12 m ant lat 12_right,"Eschbach, Fushiki et al. 2020, Eschbach, Fushiki et al. 2020b, Winding, Pedigo et al. 2023",0,4,-1,-1,1,0,0,0,0,0,0,0
larval_drosophila_melanogaster,cns,unpublished,,bilateral L,"Eschbach, Fushiki et al. 2020, Winding, Pedigo et al. 2023",0,4,-1,1,-1,0,0,0,0,0,0,0
larval_drosophila_melanogaster,cns,unpublished,,bilateral-3 L,"Eschbach, Fushiki et al. 2020, Winding, Pedigo et al. 2023",0,4,-1,1,-1,0,0,0,0,0,0,0
larval_drosophila_melanogaster,cns,unpublished,,bilateral-3 R,"Eschbach, Fushiki et al. 2020, Winding, Pedigo et al. 2023",0,4,-1,1,-1,0,0,0,0,0,0,0
larval_drosophila_melanogaster,cns,unpublished,,Headphone_left,"Eschbach, Fushiki et al. 2020, Winding, Pedigo et al. 2023",0,4,1,-1,-1,0,0,0,0,0,0,0
larval_drosophila_melanogaster,cns,unpublished,,Headphone_right,"Eschbach, Fushiki et al. 2020, Winding, Pedigo et al. 2023",0,4,1,-1,-1,0,0,0,0,0,0,0
larval_drosophila_melanogaster,cns,unpublished,,bilateral R,"Eschbach, Fushiki et al. 2020, Winding, Pedigo et al. 2023, Imambocus et al",0,4,-1,1,-1,0,0,0,0,0,0,0
larval_drosophila_melanogaster,cns,unpublished,,42a PN left,"Eschbach, Fushiki et al. 2020b, Miroschnikow et al. 2018, Winding, Pedigo et al. 2023, Berck, Khandelwal et al. 2016, Eichler, Li, Litwin-Kumar et al. 2017",0,4,1,-1,-1,0,0,0,0,0,0,0
larval_drosophila_melanogaster,cns,unpublished,,42a PN right,"Eschbach, Fushiki et al. 2020b, Miroschnikow et al. 2018, Winding, Pedigo et al. 2023, Berck, Khandelwal et al. 2016, Eichler, Li, Litwin-Kumar et al. 2017",0,4,1,-1,-1,0,0,0,0,0,0,0
larval_drosophila_melanogaster,cns,unpublished,,MBE2a left,"Eschbach, Fushiki et al. 2020b, Miroschnikow et al. 2018, Winding, Pedigo et al. 2023, Eichler, Li, Litwin-Kumar et al. 2017",0,4,-1,1,-1,0,0,0,0,0,0,0
larval_drosophila_melanogaster,cns,unpublished,,MBE5b right,"Eschbach, Fushiki et al. 2020b, Miroschnikow et al. 2018, Winding, Pedigo et al. 2023, Eichler, Li, Litwin-Kumar et al. 2017",0,4,-1,1,-1,0,0,0,0,0,0,0
larval_drosophila_melanogaster,cns,unpublished,,BK: DALcl12 v d 19_left,"Eschbach, Fushiki et al. 2020b, Winding, Pedigo et al. 2023",0,4,-1,1,-1,0,0,0,0,0,0,0
larval_drosophila_melanogaster,cns,unpublished,,BK: DALcl12 v d 19_right,"Eschbach, Fushiki et al. 2020b, Winding, Pedigo et al. 2023",0,4,-1,1,-1,0,0,0,0,0,0,0
larval_drosophila_melanogaster,cns,unpublished,,BK1;DALcl12 v d 20_left,"Eschbach, Fushiki et al. 2020b, Winding, Pedigo et al. 2023",0,4,-1,1,-1,0,0,0,0,0,0,0
larval_drosophila_melanogaster,cns,unpublished,,BK1;DALcl12 v d 20_right,"Eschbach, Fushiki et al. 2020b, Winding, Pedigo et al. 2023",0,4,-1,1,-1,0,0,0,0,0,0,0
larval_drosophila_melanogaster,cns,unpublished,,BSD; BAmd2 ven desc lat 5_right,"Eschbach, Fushiki et al. 2020b, Winding, Pedigo et al. 2023",0,4,-1,1,-1,0,0,0,0,0,0,0
larval_drosophila_melanogaster,cns,unpublished,,BT; BAmd2 ven desc lat 5_left,"Eschbach, Fushiki et al. 2020b, Winding, Pedigo et al. 2023",0,4,-1,1,-1,0,0,0,0,0,0,0
larval_drosophila_melanogaster,cns,unpublished,,LH bilateral axon 4_left; BLVa12 b 4,"Eschbach, Fushiki et al. 2020b, Winding, Pedigo et al. 2023",0,4,1,-1,-1,0,0,0,0,0,0,0
larval_drosophila_melanogaster,cns,unpublished,,LH bilateral axon 4_right; BLVa12 b 4,"Eschbach, Fushiki et al. 2020b, Winding, Pedigo et al. 2023",0,4,1,-1,-1,0,0,0,0,0,0,0
larval_drosophila_melanogaster,cns,unpublished,,S ; Convergence Sibling AB Left; DALcm12 L m ant lat 2_left,"Eschbach, Fushiki et al. 2020b, Winding, Pedigo et al. 2023",0,4,-1,-1,1,0,0,0,0,0,0,0
larval_drosophila_melanogaster,cns,unpublished,,S ; Convergence Sibling AB Right; DALcm12 m ant lat 2_right,"Eschbach, Fushiki et al. 2020b, Winding, Pedigo et al. 2023",0,4,-1,-1,1,0,0,0,0,0,0,0
larval_drosophila_melanogaster,cns,unpublished,,Tomato Vine_right,"Eschbach, Fushiki et al. 2020b, Winding, Pedigo et al. 2023",0,2,1,-1,-1,0,0,0,0,0,0,0
larval_drosophila_melanogaster,cns,unpublished,,Ladder (olfactory) ant.,"Eschbach, Fushiki et al. 2020b, Winding, Pedigo et al. 2023, Berck, Khandelwal et al. 2016, Eichler, Li, Litwin-Kumar et al. 2017",0,4,0,0,0,0,0,0,1,0,0,0
larval_drosophila_melanogaster,cns,unpublished,,Ladder (olfactory) post.,"Eschbach, Fushiki et al. 2020b, Winding, Pedigo et al. 2023, Berck, Khandelwal et al. 2016, Eichler, Li, Litwin-Kumar et al. 2017",0,4,0,0,0,0,0,0,1,0,0,0
larval_drosophila_melanogaster,cns,unpublished,,KC #0,"Eschbach, Fushiki et al. 2020b, Winding, Pedigo et al. 2023, Eichler, Li, Litwin-Kumar et al. 2017",0,2,1,-1,-1,0,0,0,0,0,0,0
larval_drosophila_melanogaster,cns,unpublished,,KC no claws,"Eschbach, Fushiki et al. 2020b, Winding, Pedigo et al. 2023, Eichler, Li, Litwin-Kumar et al. 2017",0,2,1,-1,-1,0,0,0,0,0,0,0
larval_drosophila_melanogaster,cns,unpublished,,KC no pair,"Eschbach, Fushiki et al. 2020b, Winding, Pedigo et al. 2023, Eichler, Li, Litwin-Kumar et al. 2017",0,2,1,-1,-1,0,0,0,0,0,0,0
larval_drosophila_melanogaster,cns,unpublished,,KC very young,"Eschbach, Fushiki et al. 2020b, Winding, Pedigo et al. 2023, Eichler, Li, Litwin-Kumar et al. 2017",0,2,1,-1,-1,0,0,0,0,0,0,0
larval_drosophila_melanogaster,cns,unpublished,,KC young,"Eschbach, Fushiki et al. 2020b, Winding, Pedigo et al. 2023, Eichler, Li, Litwin-Kumar et al. 2017",0,2,1,-1,-1,0,0,0,0,0,0,0
larval_drosophila_melanogaster,cns,unpublished,,KC young no claw,"Eschbach, Fushiki et al. 2020b, Winding, Pedigo et al. 2023, Eichler, Li, Litwin-Kumar et al. 2017",0,2,1,-1,-1,0,0,0,0,0,0,0
larval_drosophila_melanogaster,cns,unpublished,,KC young no claws,"Eschbach, Fushiki et al. 2020b, Winding, Pedigo et al. 2023, Eichler, Li, Litwin-Kumar et al. 2017",0,2,1,-1,-1,0,0,0,0,0,0,0
larval_drosophila_melanogaster,cns,unpublished,,KC1,"Eschbach, Fushiki et al. 2020b, Winding, Pedigo et al. 2023, Eichler, Li, Litwin-Kumar et al. 2017",0,2,1,-1,-1,0,0,0,0,0,0,0
larval_drosophila_melanogaster,cns,unpublished,,KC10,"Eschbach, Fushiki et al. 2020b, Winding, Pedigo et al. 2023, Eichler, Li, Litwin-Kumar et al. 2017",0,2,1,-1,-1,0,0,0,0,0,0,0
larval_drosophila_melanogaster,cns,unpublished,,KC100,"Eschbach, Fushiki et al. 2020b, Winding, Pedigo et al. 2023, Eichler, Li, Litwin-Kumar et al. 2017",0,2,1,-1,-1,0,0,0,0,0,0,0
larval_drosophila_melanogaster,cns,unpublished,,KC101 very young,"Eschbach, Fushiki et al. 2020b, Winding, Pedigo et al. 2023, Eichler, Li, Litwin-Kumar et al. 2017",0,2,1,-1,-1,0,0,0,0,0,0,0
larval_drosophila_melanogaster,cns,unpublished,,KC103 very young,"Eschbach, Fushiki et al. 2020b, Winding, Pedigo et al. 2023, Eichler, Li, Litwin-Kumar et al. 2017",0,2,1,-1,-1,0,0,0,0,0,0,0
larval_drosophila_melanogaster,cns,unpublished,,KC104 very young,"Eschbach, Fushiki et al. 2020b, Winding, Pedigo et al. 2023, Eichler, Li, Litwin-Kumar et al. 2017",0,2,1,-1,-1,0,0,0,0,0,0,0
larval_drosophila_melanogaster,cns,unpublished,,KC11,"Eschbach, Fushiki et al. 2020b, Winding, Pedigo et al. 2023, Eichler, Li, Litwin-Kumar et al. 2017",0,2,1,-1,-1,0,0,0,0,0,0,0
larval_drosophila_melanogaster,cns,unpublished,,KC12,"Eschbach, Fushiki et al. 2020b, Winding, Pedigo et al. 2023, Eichler, Li, Litwin-Kumar et al. 2017",0,2,1,-1,-1,0,0,0,0,0,0,0
larval_drosophila_melanogaster,cns,unpublished,,KC13,"Eschbach, Fushiki et al. 2020b, Winding, Pedigo et al. 2023, Eichler, Li, Litwin-Kumar et al. 2017",0,2,1,-1,-1,0,0,0,0,0,0,0
larval_drosophila_melanogaster,cns,unpublished,,KC14,"Eschbach, Fushiki et al. 2020b, Winding, Pedigo et al. 2023, Eichler, Li, Litwin-Kumar et al. 2017",0,2,1,-1,-1,0,0,0,0,0,0,0
larval_drosophila_melanogaster,cns,unpublished,,KC15,"Eschbach, Fushiki et al. 2020b, Winding, Pedigo et al. 2023, Eichler, Li, Litwin-Kumar et al. 2017",0,2,1,-1,-1,0,0,0,0,0,0,0
larval_drosophila_melanogaster,cns,unpublished,,KC16,"Eschbach, Fushiki et al. 2020b, Winding, Pedigo et al. 2023, Eichler, Li, Litwin-Kumar et al. 2017",0,2,1,-1,-1,0,0,0,0,0,0,0
larval_drosophila_melanogaster,cns,unpublished,,KC17,"Eschbach, Fushiki et al. 2020b, Winding, Pedigo et al. 2023, Eichler, Li, Litwin-Kumar et al. 2017",0,2,1,-1,-1,0,0,0,0,0,0,0
larval_drosophila_melanogaster,cns,unpublished,,KC18 young,"Eschbach, Fushiki et al. 2020b, Winding, Pedigo et al. 2023, Eichler, Li, Litwin-Kumar et al. 2017",0,2,1,-1,-1,0,0,0,0,0,0,0
larval_drosophila_melanogaster,cns,unpublished,,KC19,"Eschbach, Fushiki et al. 2020b, Winding, Pedigo et al. 2023, Eichler, Li, Litwin-Kumar et al. 2017",0,2,1,-1,-1,0,0,0,0,0,0,0
larval_drosophila_melanogaster,cns,unpublished,,KC2,"Eschbach, Fushiki et al. 2020b, Winding, Pedigo et al. 2023, Eichler, Li, Litwin-Kumar et al. 2017",0,2,1,-1,-1,0,0,0,0,0,0,0
larval_drosophila_melanogaster,cns,unpublished,,KC2/24,"Eschbach, Fushiki et al. 2020b, Winding, Pedigo et al. 2023, Eichler, Li, Litwin-Kumar et al. 2017",0,2,1,-1,-1,0,0,0,0,0,0,0
larval_drosophila_melanogaster,cns,unpublished,,KC20,"Eschbach, Fushiki et al. 2020b, Winding, Pedigo et al. 2023, Eichler, Li, Litwin-Kumar et al. 2017",0,2,1,-1,-1,0,0,0,0,0,0,0
larval_drosophila_melanogaster,cns,unpublished,,KC21,"Eschbach, Fushiki et al. 2020b, Winding, Pedigo et al. 2023, Eichler, Li, Litwin-Kumar et al. 2017",0,2,1,-1,-1,0,0,0,0,0,0,0
larval_drosophila_melanogaster,cns,unpublished,,KC22,"Eschbach, Fushiki et al. 2020b, Winding, Pedigo et al. 2023, Eichler, Li, Litwin-Kumar et al. 2017",0,2,1,-1,-1,0,0,0,0,0,0,0
larval_drosophila_melanogaster,cns,unpublished,,KC23,"Eschbach, Fushiki et al. 2020b, Winding, Pedigo et al. 2023, Eichler, Li, Litwin-Kumar et al. 2017",0,2,1,-1,-1,0,0,0,0,0,0,0
larval_drosophila_melanogaster,cns,unpublished,,KC24,"Eschbach, Fushiki et al. 2020b, Winding, Pedigo et al. 2023, Eichler, Li, Litwin-Kumar et al. 2017",0,2,1,-1,-1,0,0,0,0,0,0,0
larval_drosophila_melanogaster,cns,unpublished,,KC25,"Eschbach, Fushiki et al. 2020b, Winding, Pedigo et al. 2023, Eichler, Li, Litwin-Kumar et al. 2017",0,2,1,-1,-1,0,0,0,0,0,0,0
larval_drosophila_melanogaster,cns,unpublished,,KC26,"Eschbach, Fushiki et al. 2020b, Winding, Pedigo et al. 2023, Eichler, Li, Litwin-Kumar et al. 2017",0,2,1,-1,-1,0,0,0,0,0,0,0
larval_drosophila_melanogaster,cns,unpublished,,KC27,"Eschbach, Fushiki et al. 2020b, Winding, Pedigo et al. 2023, Eichler, Li, Litwin-Kumar et al. 2017",0,2,1,-1,-1,0,0,0,0,0,0,0
larval_drosophila_melanogaster,cns,unpublished,,KC28,"Eschbach, Fushiki et al. 2020b, Winding, Pedigo et al. 2023, Eichler, Li, Litwin-Kumar et al. 2017",0,2,1,-1,-1,0,0,0,0,0,0,0
larval_drosophila_melanogaster,cns,unpublished,,KC29,"Eschbach, Fushiki et al. 2020b, Winding, Pedigo et al. 2023, Eichler, Li, Litwin-Kumar et al. 2017",0,2,1,-1,-1,0,0,0,0,0,0,0
larval_drosophila_melanogaster,cns,unpublished,,KC3,"Eschbach, Fushiki et al. 2020b, Winding, Pedigo et al. 2023, Eichler, Li, Litwin-Kumar et al. 2017",0,2,1,-1,-1,0,0,0,0,0,0,0
larval_drosophila_melanogaster,cns,unpublished,,KC30,"Eschbach, Fushiki et al. 2020b, Winding, Pedigo et al. 2023, Eichler, Li, Litwin-Kumar et al. 2017",0,2,1,-1,-1,0,0,0,0,0,0,0
larval_drosophila_melanogaster,cns,unpublished,,KC31,"Eschbach, Fushiki et al. 2020b, Winding, Pedigo et al. 2023, Eichler, Li, Litwin-Kumar et al. 2017",0,2,1,-1,-1,0,0,0,0,0,0,0
larval_drosophila_melanogaster,cns,unpublished,,KC32,"Eschbach, Fushiki et al. 2020b, Winding, Pedigo et al. 2023, Eichler, Li, Litwin-Kumar et al. 2017",0,2,1,-1,-1,0,0,0,0,0,0,0
larval_drosophila_melanogaster,cns,unpublished,,KC33,"Eschbach, Fushiki et al. 2020b, Winding, Pedigo et al. 2023, Eichler, Li, Litwin-Kumar et al. 2017",0,2,1,-1,-1,0,0,0,0,0,0,0
larval_drosophila_melanogaster,cns,unpublished,,KC34,"Eschbach, Fushiki et al. 2020b, Winding, Pedigo et al. 2023, Eichler, Li, Litwin-Kumar et al. 2017",0,2,1,-1,-1,0,0,0,0,0,0,0
larval_drosophila_melanogaster,cns,unpublished,,KC35,"Eschbach, Fushiki et al. 2020b, Winding, Pedigo et al. 2023, Eichler, Li, Litwin-Kumar et al. 2017",0,2,1,-1,-1,0,0,0,0,0,0,0
larval_drosophila_melanogaster,cns,unpublished,,KC36,"Eschbach, Fushiki et al. 2020b, Winding, Pedigo et al. 2023, Eichler, Li, Litwin-Kumar et al. 2017",0,2,1,-1,-1,0,0,0,0,0,0,0
larval_drosophila_melanogaster,cns,unpublished,,KC37,"Eschbach, Fushiki et al. 2020b, Winding, Pedigo et al. 2023, Eichler, Li, Litwin-Kumar et al. 2017",0,2,1,-1,-1,0,0,0,0,0,0,0
larval_drosophila_melanogaster,cns,unpublished,,KC38,"Eschbach, Fushiki et al. 2020b, Winding, Pedigo et al. 2023, Eichler, Li, Litwin-Kumar et al. 2017",0,2,1,-1,-1,0,0,0,0,0,0,0
larval_drosophila_melanogaster,cns,unpublished,,KC39,"Eschbach, Fushiki et al. 2020b, Winding, Pedigo et al. 2023, Eichler, Li, Litwin-Kumar et al. 2017",0,2,1,-1,-1,0,0,0,0,0,0,0
larval_drosophila_melanogaster,cns,unpublished,,KC4,"Eschbach, Fushiki et al. 2020b, Winding, Pedigo et al. 2023, Eichler, Li, Litwin-Kumar et al. 2017",0,2,1,-1,-1,0,0,0,0,0,0,0
larval_drosophila_melanogaster,cns,unpublished,,KC40,"Eschbach, Fushiki et al. 2020b, Winding, Pedigo et al. 2023, Eichler, Li, Litwin-Kumar et al. 2017",0,2,1,-1,-1,0,0,0,0,0,0,0
larval_drosophila_melanogaster,cns,unpublished,,KC41 young,"Eschbach, Fushiki et al. 2020b, Winding, Pedigo et al. 2023, Eichler, Li, Litwin-Kumar et al. 2017",0,2,1,-1,-1,0,0,0,0,0,0,0
larval_drosophila_melanogaster,cns,unpublished,,KC42,"Eschbach, Fushiki et al. 2020b, Winding, Pedigo et al. 2023, Eichler, Li, Litwin-Kumar et al. 2017",0,2,1,-1,-1,0,0,0,0,0,0,0
larval_drosophila_melanogaster,cns,unpublished,,KC43 very young,"Eschbach, Fushiki et al. 2020b, Winding, Pedigo et al. 2023, Eichler, Li, Litwin-Kumar et al. 2017",0,2,1,-1,-1,0,0,0,0,0,0,0
larval_drosophila_melanogaster,cns,unpublished,,KC44 young,"Eschbach, Fushiki et al. 2020b, Winding, Pedigo et al. 2023, Eichler, Li, Litwin-Kumar et al. 2017",0,2,1,-1,-1,0,0,0,0,0,0,0
larval_drosophila_melanogaster,cns,unpublished,,KC45 very young,"Eschbach, Fushiki et al. 2020b, Winding, Pedigo et al. 2023, Eichler, Li, Litwin-Kumar et al. 2017",0,2,1,-1,-1,0,0,0,0,0,0,0
larval_drosophila_melanogaster,cns,unpublished,,KC46 young,"Eschbach, Fushiki et al. 2020b, Winding, Pedigo et al. 2023, Eichler, Li, Litwin-Kumar et al. 2017",0,2,1,-1,-1,0,0,0,0,0,0,0
larval_drosophila_melanogaster,cns,unpublished,,KC47 very young,"Eschbach, Fushiki et al. 2020b, Winding, Pedigo et al. 2023, Eichler, Li, Litwin-Kumar et al. 2017",0,2,1,-1,-1,0,0,0,0,0,0,0
larval_drosophila_melanogaster,cns,unpublished,,KC48,"Eschbach, Fushiki et al. 2020b, Winding, Pedigo et al. 2023, Eichler, Li, Litwin-Kumar et al. 2017",0,2,1,-1,-1,0,0,0,0,0,0,0
larval_drosophila_melanogaster,cns,unpublished,,KC49,"Eschbach, Fushiki et al. 2020b, Winding, Pedigo et al. 2023, Eichler, Li, Litwin-Kumar et al. 2017",0,2,1,-1,-1,0,0,0,0,0,0,0
larval_drosophila_melanogaster,cns,unpublished,,KC49?,"Eschbach, Fushiki et al. 2020b, Winding, Pedigo et al. 2023, Eichler, Li, Litwin-Kumar et al. 2017",0,2,1,-1,-1,0,0,0,0,0,0,0
larval_drosophila_melanogaster,cns,unpublished,,KC5,"Eschbach, Fushiki et al. 2020b, Winding, Pedigo et al. 2023, Eichler, Li, Litwin-Kumar et al. 2017",0,2,1,-1,-1,0,0,0,0,0,0,0
larval_drosophila_melanogaster,cns,unpublished,,KC50,"Eschbach, Fushiki et al. 2020b, Winding, Pedigo et al. 2023, Eichler, Li, Litwin-Kumar et al. 2017",0,2,1,-1,-1,0,0,0,0,0,0,0
larval_drosophila_melanogaster,cns,unpublished,,KC51,"Eschbach, Fushiki et al. 2020b, Winding, Pedigo et al. 2023, Eichler, Li, Litwin-Kumar et al. 2017",0,2,1,-1,-1,0,0,0,0,0,0,0
larval_drosophila_melanogaster,cns,unpublished,,KC52,"Eschbach, Fushiki et al. 2020b, Winding, Pedigo et al. 2023, Eichler, Li, Litwin-Kumar et al. 2017",0,2,1,-1,-1,0,0,0,0,0,0,0
larval_drosophila_melanogaster,cns,unpublished,,KC53,"Eschbach, Fushiki et al. 2020b, Winding, Pedigo et al. 2023, Eichler, Li, Litwin-Kumar et al. 2017",0,2,1,-1,-1,0,0,0,0,0,0,0
larval_drosophila_melanogaster,cns,unpublished,,KC54,"Eschbach, Fushiki et al. 2020b, Winding, Pedigo et al. 2023, Eichler, Li, Litwin-Kumar et al. 2017",0,2,1,-1,-1,0,0,0,0,0,0,0
larval_drosophila_melanogaster,cns,unpublished,,KC55 young,"Eschbach, Fushiki et al. 2020b, Winding, Pedigo et al. 2023, Eichler, Li, Litwin-Kumar et al. 2017",0,2,1,-1,-1,0,0,0,0,0,0,0
larval_drosophila_melanogaster,cns,unpublished,,KC56 young,"Eschbach, Fushiki et al. 2020b, Winding, Pedigo et al. 2023, Eichler, Li, Litwin-Kumar et al. 2017",0,2,1,-1,-1,0,0,0,0,0,0,0
larval_drosophila_melanogaster,cns,unpublished,,KC57 very young,"Eschbach, Fushiki et al. 2020b, Winding, Pedigo et al. 2023, Eichler, Li, Litwin-Kumar et al. 2017",0,2,1,-1,-1,0,0,0,0,0,0,0
larval_drosophila_melanogaster,cns,unpublished,,KC58 very young,"Eschbach, Fushiki et al. 2020b, Winding, Pedigo et al. 2023, Eichler, Li, Litwin-Kumar et al. 2017",0,2,1,-1,-1,0,0,0,0,0,0,0
larval_drosophila_melanogaster,cns,unpublished,,KC59 young,"Eschbach, Fushiki et al. 2020b, Winding, Pedigo et al. 2023, Eichler, Li, Litwin-Kumar et al. 2017",0,2,1,-1,-1,0,0,0,0,0,0,0
larval_drosophila_melanogaster,cns,unpublished,,KC6 young,"Eschbach, Fushiki et al. 2020b, Winding, Pedigo et al. 2023, Eichler, Li, Litwin-Kumar et al. 2017",0,2,1,-1,-1,0,0,0,0,0,0,0
larval_drosophila_melanogaster,cns,unpublished,,KC60 very young,"Eschbach, Fushiki et al. 2020b, Winding, Pedigo et al. 2023, Eichler, Li, Litwin-Kumar et al. 2017",0,2,1,-1,-1,0,0,0,0,0,0,0
larval_drosophila_melanogaster,cns,unpublished,,KC61 very young,"Eschbach, Fushiki et al. 2020b, Winding, Pedigo et al. 2023, Eichler, Li, Litwin-Kumar et al. 2017",0,2,1,-1,-1,0,0,0,0,0,0,0
larval_drosophila_melanogaster,cns,unpublished,,KC62 young,"Eschbach, Fushiki et al. 2020b, Winding, Pedigo et al. 2023, Eichler, Li, Litwin-Kumar et al. 2017",0,2,1,-1,-1,0,0,0,0,0,0,0
larval_drosophila_melanogaster,cns,unpublished,,KC63 young,"Eschbach, Fushiki et al. 2020b, Winding, Pedigo et al. 2023, Eichler, Li, Litwin-Kumar et al. 2017",0,2,1,-1,-1,0,0,0,0,0,0,0
larval_drosophila_melanogaster,cns,unpublished,,KC64,"Eschbach, Fushiki et al. 2020b, Winding, Pedigo et al. 2023, Eichler, Li, Litwin-Kumar et al. 2017",0,2,1,-1,-1,0,0,0,0,0,0,0
larval_drosophila_melanogaster,cns,unpublished,,KC65;_42a left,"Eschbach, Fushiki et al. 2020b, Winding, Pedigo et al. 2023, Eichler, Li, Litwin-Kumar et al. 2017",0,2,1,-1,-1,0,0,0,0,0,0,0
larval_drosophila_melanogaster,cns,unpublished,,KC65;_42a right,"Eschbach, Fushiki et al. 2020b, Winding, Pedigo et al. 2023, Eichler, Li, Litwin-Kumar et al. 2017",0,2,1,-1,-1,0,0,0,0,0,0,0
larval_drosophila_melanogaster,cns,unpublished,,KC66,"Eschbach, Fushiki et al. 2020b, Winding, Pedigo et al. 2023, Eichler, Li, Litwin-Kumar et al. 2017",0,2,1,-1,-1,0,0,0,0,0,0,0
larval_drosophila_melanogaster,cns,unpublished,,KC67,"Eschbach, Fushiki et al. 2020b, Winding, Pedigo et al. 2023, Eichler, Li, Litwin-Kumar et al. 2017",0,2,1,-1,-1,0,0,0,0,0,0,0
larval_drosophila_melanogaster,cns,unpublished,,KC68 young,"Eschbach, Fushiki et al. 2020b, Winding, Pedigo et al. 2023, Eichler, Li, Litwin-Kumar et al. 2017",0,2,1,-1,-1,0,0,0,0,0,0,0
larval_drosophila_melanogaster,cns,unpublished,,KC69 young,"Eschbach, Fushiki et al. 2020b, Winding, Pedigo et al. 2023, Eichler, Li, Litwin-Kumar et al. 2017",0,2,1,-1,-1,0,0,0,0,0,0,0
larval_drosophila_melanogaster,cns,unpublished,,KC7,"Eschbach, Fushiki et al. 2020b, Winding, Pedigo et al. 2023, Eichler, Li, Litwin-Kumar et al. 2017",0,2,1,-1,-1,0,0,0,0,0,0,0
larval_drosophila_melanogaster,cns,unpublished,,KC70,"Eschbach, Fushiki et al. 2020b, Winding, Pedigo et al. 2023, Eichler, Li, Litwin-Kumar et al. 2017",0,2,1,-1,-1,0,0,0,0,0,0,0
larval_drosophila_melanogaster,cns,unpublished,,KC71 young,"Eschbach, Fushiki et al. 2020b, Winding, Pedigo et al. 2023, Eichler, Li, Litwin-Kumar et al. 2017",0,2,1,-1,-1,0,0,0,0,0,0,0
larval_drosophila_melanogaster,cns,unpublished,,KC72,"Eschbach, Fushiki et al. 2020b, Winding, Pedigo et al. 2023, Eichler, Li, Litwin-Kumar et al. 2017",0,2,1,-1,-1,0,0,0,0,0,0,0
larval_drosophila_melanogaster,cns,unpublished,,KC73,"Eschbach, Fushiki et al. 2020b, Winding, Pedigo et al. 2023, Eichler, Li, Litwin-Kumar et al. 2017",0,2,1,-1,-1,0,0,0,0,0,0,0
larval_drosophila_melanogaster,cns,unpublished,,KC74 young,"Eschbach, Fushiki et al. 2020b, Winding, Pedigo et al. 2023, Eichler, Li, Litwin-Kumar et al. 2017",0,2,1,-1,-1,0,0,0,0,0,0,0
larval_drosophila_melanogaster,cns,unpublished,,KC75 young,"Eschbach, Fushiki et al. 2020b, Winding, Pedigo et al. 2023, Eichler, Li, Litwin-Kumar et al. 2017",0,2,1,-1,-1,0,0,0,0,0,0,0
larval_drosophila_melanogaster,cns,unpublished,,KC76,"Eschbach, Fushiki et al. 2020b, Winding, Pedigo et al. 2023, Eichler, Li, Litwin-Kumar et al. 2017",0,2,1,-1,-1,0,0,0,0,0,0,0
larval_drosophila_melanogaster,cns,unpublished,,KC77,"Eschbach, Fushiki et al. 2020b, Winding, Pedigo et al. 2023, Eichler, Li, Litwin-Kumar et al. 2017",0,2,1,-1,-1,0,0,0,0,0,0,0
larval_drosophila_melanogaster,cns,unpublished,,KC78,"Eschbach, Fushiki et al. 2020b, Winding, Pedigo et al. 2023, Eichler, Li, Litwin-Kumar et al. 2017",0,2,1,-1,-1,0,0,0,0,0,0,0
larval_drosophila_melanogaster,cns,unpublished,,KC78?,"Eschbach, Fushiki et al. 2020b, Winding, Pedigo et al. 2023, Eichler, Li, Litwin-Kumar et al. 2017",0,2,1,-1,-1,0,0,0,0,0,0,0
larval_drosophila_melanogaster,cns,unpublished,,KC79 young,"Eschbach, Fushiki et al. 2020b, Winding, Pedigo et al. 2023, Eichler, Li, Litwin-Kumar et al. 2017",0,2,1,-1,-1,0,0,0,0,0,0,0
larval_drosophila_melanogaster,cns,unpublished,,KC8 young,"Eschbach, Fushiki et al. 2020b, Winding, Pedigo et al. 2023, Eichler, Li, Litwin-Kumar et al. 2017",0,2,1,-1,-1,0,0,0,0,0,0,0
larval_drosophila_melanogaster,cns,unpublished,,KC80 young,"Eschbach, Fushiki et al. 2020b, Winding, Pedigo et al. 2023, Eichler, Li, Litwin-Kumar et al. 2017",0,2,1,-1,-1,0,0,0,0,0,0,0
larval_drosophila_melanogaster,cns,unpublished,,KC81 very young,"Eschbach, Fushiki et al. 2020b, Winding, Pedigo et al. 2023, Eichler, Li, Litwin-Kumar et al. 2017",0,2,1,-1,-1,0,0,0,0,0,0,0
larval_drosophila_melanogaster,cns,unpublished,,KC82,"Eschbach, Fushiki et al. 2020b, Winding, Pedigo et al. 2023, Eichler, Li, Litwin-Kumar et al. 2017",0,2,1,-1,-1,0,0,0,0,0,0,0
larval_drosophila_melanogaster,cns,unpublished,,KC83,"Eschbach, Fushiki et al. 2020b, Winding, Pedigo et al. 2023, Eichler, Li, Litwin-Kumar et al. 2017",0,2,1,-1,-1,0,0,0,0,0,0,0
larval_drosophila_melanogaster,cns,unpublished,,KC84,"Eschbach, Fushiki et al. 2020b, Winding, Pedigo et al. 2023, Eichler, Li, Litwin-Kumar et al. 2017",0,2,1,-1,-1,0,0,0,0,0,0,0
larval_drosophila_melanogaster,cns,unpublished,,KC85 young,"Eschbach, Fushiki et al. 2020b, Winding, Pedigo et al. 2023, Eichler, Li, Litwin-Kumar et al. 2017",0,2,1,-1,-1,0,0,0,0,0,0,0
larval_drosophila_melanogaster,cns,unpublished,,KC86,"Eschbach, Fushiki et al. 2020b, Winding, Pedigo et al. 2023, Eichler, Li, Litwin-Kumar et al. 2017",0,2,1,-1,-1,0,0,0,0,0,0,0
larval_drosophila_melanogaster,cns,unpublished,,KC87 very young,"Eschbach, Fushiki et al. 2020b, Winding, Pedigo et al. 2023, Eichler, Li, Litwin-Kumar et al. 2017",0,2,1,-1,-1,0,0,0,0,0,0,0
larval_drosophila_melanogaster,cns,unpublished,,KC88 very young,"Eschbach, Fushiki et al. 2020b, Winding, Pedigo et al. 2023, Eichler, Li, Litwin-Kumar et al. 2017",0,2,1,-1,-1,0,0,0,0,0,0,0
larval_drosophila_melanogaster,cns,unpublished,,KC89 young,"Eschbach, Fushiki et al. 2020b, Winding, Pedigo et al. 2023, Eichler, Li, Litwin-Kumar et al. 2017",0,2,1,-1,-1,0,0,0,0,0,0,0
larval_drosophila_melanogaster,cns,unpublished,,KC9 young,"Eschbach, Fushiki et al. 2020b, Winding, Pedigo et al. 2023, Eichler, Li, Litwin-Kumar et al. 2017",0,2,1,-1,-1,0,0,0,0,0,0,0
larval_drosophila_melanogaster,cns,unpublished,,KC90,"Eschbach, Fushiki et al. 2020b, Winding, Pedigo et al. 2023, Eichler, Li, Litwin-Kumar et al. 2017",0,2,1,-1,-1,0,0,0,0,0,0,0
larval_drosophila_melanogaster,cns,unpublished,,KC91,"Eschbach, Fushiki et al. 2020b, Winding, Pedigo et al. 2023, Eichler, Li, Litwin-Kumar et al. 2017",0,2,1,-1,-1,0,0,0,0,0,0,0
larval_drosophila_melanogaster,cns,unpublished,,KC92,"Eschbach, Fushiki et al. 2020b, Winding, Pedigo et al. 2023, Eichler, Li, Litwin-Kumar et al. 2017",0,2,1,-1,-1,0,0,0,0,0,0,0
larval_drosophila_melanogaster,cns,unpublished,,KC93,"Eschbach, Fushiki et al. 2020b, Winding, Pedigo et al. 2023, Eichler, Li, Litwin-Kumar et al. 2017",0,2,1,-1,-1,0,0,0,0,0,0,0
larval_drosophila_melanogaster,cns,unpublished,,KC94,"Eschbach, Fushiki et al. 2020b, Winding, Pedigo et al. 2023, Eichler, Li, Litwin-Kumar et al. 2017",0,2,1,-1,-1,0,0,0,0,0,0,0
larval_drosophila_melanogaster,cns,unpublished,,KC95,"Eschbach, Fushiki et al. 2020b, Winding, Pedigo et al. 2023, Eichler, Li, Litwin-Kumar et al. 2017",0,2,1,-1,-1,0,0,0,0,0,0,0
larval_drosophila_melanogaster,cns,unpublished,,KC96,"Eschbach, Fushiki et al. 2020b, Winding, Pedigo et al. 2023, Eichler, Li, Litwin-Kumar et al. 2017",0,2,1,-1,-1,0,0,0,0,0,0,0
larval_drosophila_melanogaster,cns,unpublished,,KC97,"Eschbach, Fushiki et al. 2020b, Winding, Pedigo et al. 2023, Eichler, Li, Litwin-Kumar et al. 2017",0,2,1,-1,-1,0,0,0,0,0,0,0
larval_drosophila_melanogaster,cns,unpublished,,KC98 young,"Eschbach, Fushiki et al. 2020b, Winding, Pedigo et al. 2023, Eichler, Li, Litwin-Kumar et al. 2017",0,2,1,-1,-1,0,0,0,0,0,0,0
larval_drosophila_melanogaster,cns,unpublished,,KC99,"Eschbach, Fushiki et al. 2020b, Winding, Pedigo et al. 2023, Eichler, Li, Litwin-Kumar et al. 2017",0,2,1,-1,-1,0,0,0,0,0,0,0
larval_drosophila_melanogaster,cns,unpublished,,LON KC left,"Eschbach, Fushiki et al. 2020b, Winding, Pedigo et al. 2023, Eichler, Li, Litwin-Kumar et al. 2017",0,2,1,-1,-1,0,0,0,0,0,0,0
larval_drosophila_melanogaster,cns,unpublished,,LON KC right,"Eschbach, Fushiki et al. 2020b, Winding, Pedigo et al. 2023, Eichler, Li, Litwin-Kumar et al. 2017",0,2,1,-1,-1,0,0,0,0,0,0,0
larval_drosophila_melanogaster,cns,unpublished,,MBE11b left,"Eschbach, Fushiki et al. 2020b, Winding, Pedigo et al. 2023, Eichler, Li, Litwin-Kumar et al. 2017",0,4,-1,-1,1,0,0,0,0,0,0,0
larval_drosophila_melanogaster,cns,unpublished,,MBE11b right,"Eschbach, Fushiki et al. 2020b, Winding, Pedigo et al. 2023, Eichler, Li, Litwin-Kumar et al. 2017",0,4,-1,-1,1,0,0,0,0,0,0,0
larval_drosophila_melanogaster,cns,unpublished,,MBE13a left,"Eschbach, Fushiki et al. 2020b, Winding, Pedigo et al. 2023, Eichler, Li, Litwin-Kumar et al. 2017",0,2,-1,-1,1,0,0,0,0,0,0,0
larval_drosophila_melanogaster,cns,unpublished,,MBE13a right,"Eschbach, Fushiki et al. 2020b, Winding, Pedigo et al. 2023, Eichler, Li, Litwin-Kumar et al. 2017",0,2,-1,-1,1,0,0,0,0,0,0,0
larval_drosophila_melanogaster,cns,unpublished,,MBE13b left,"Eschbach, Fushiki et al. 2020b, Winding, Pedigo et al. 2023, Eichler, Li, Litwin-Kumar et al. 2017",0,2,-1,-1,1,0,0,0,0,0,0,0
larval_drosophila_melanogaster,cns,unpublished,,MBE13b right,"Eschbach, Fushiki et al. 2020b, Winding, Pedigo et al. 2023, Eichler, Li, Litwin-Kumar et al. 2017",0,2,-1,-1,1,0,0,0,0,0,0,0
larval_drosophila_melanogaster,cns,unpublished,,MBE15a left,"Eschbach, Fushiki et al. 2020b, Winding, Pedigo et al. 2023, Eichler, Li, Litwin-Kumar et al. 2017",0,4,-1,-1,1,0,0,0,0,0,0,0
larval_drosophila_melanogaster,cns,unpublished,,MBE15a right,"Eschbach, Fushiki et al. 2020b, Winding, Pedigo et al. 2023, Eichler, Li, Litwin-Kumar et al. 2017",0,4,-1,-1,1,0,0,0,0,0,0,0
larval_drosophila_melanogaster,cns,unpublished,,MBE15b left,"Eschbach, Fushiki et al. 2020b, Winding, Pedigo et al. 2023, Eichler, Li, Litwin-Kumar et al. 2017",0,4,-1,-1,1,0,0,0,0,0,0,0
larval_drosophila_melanogaster,cns,unpublished,,MBE15b right,"Eschbach, Fushiki et al. 2020b, Winding, Pedigo et al. 2023, Eichler, Li, Litwin-Kumar et al. 2017",0,4,-1,-1,1,0,0,0,0,0,0,0
larval_drosophila_melanogaster,cns,unpublished,,MBE18 right,"Eschbach, Fushiki et al. 2020b, Winding, Pedigo et al. 2023, Eichler, Li, Litwin-Kumar et al. 2017",0,4,1,-1,-1,0,0,0,0,0,0,0
larval_drosophila_melanogaster,cns,unpublished,,MBE1b left,"Eschbach, Fushiki et al. 2020b, Winding, Pedigo et al. 2023, Eichler, Li, Litwin-Kumar et al. 2017",0,4,0,0,0,0,1,0,0,0,0,0
larval_drosophila_melanogaster,cns,unpublished,,MBE1b right,"Eschbach, Fushiki et al. 2020b, Winding, Pedigo et al. 2023, Eichler, Li, Litwin-Kumar et al. 2017",0,4,0,0,0,0,1,0,0,0,0,0
larval_drosophila_melanogaster,cns,unpublished,,MBE1c left,"Eschbach, Fushiki et al. 2020b, Winding, Pedigo et al. 2023, Eichler, Li, Litwin-Kumar et al. 2017",0,4,0,0,0,0,1,0,0,0,0,0
larval_drosophila_melanogaster,cns,unpublished,,MBE1c right,"Eschbach, Fushiki et al. 2020b, Winding, Pedigo et al. 2023, Eichler, Li, Litwin-Kumar et al. 2017",0,4,0,0,0,0,1,0,0,0,0,0
larval_drosophila_melanogaster,cns,unpublished,,MBE1d left,"Eschbach, Fushiki et al. 2020b, Winding, Pedigo et al. 2023, Eichler, Li, Litwin-Kumar et al. 2017",0,4,0,0,0,0,1,0,0,0,0,0
larval_drosophila_melanogaster,cns,unpublished,,MBE1d right,"Eschbach, Fushiki et al. 2020b, Winding, Pedigo et al. 2023, Eichler, Li, Litwin-Kumar et al. 2017",0,4,0,0,0,0,1,0,0,0,0,0
larval_drosophila_melanogaster,cns,unpublished,,MBE20 left,"Eschbach, Fushiki et al. 2020b, Winding, Pedigo et al. 2023, Eichler, Li, Litwin-Kumar et al. 2017",0,4,-1,-1,1,0,0,0,0,0,0,0
larval_drosophila_melanogaster,cns,unpublished,,MBE20 right,"Eschbach, Fushiki et al. 2020b, Winding, Pedigo et al. 2023, Eichler, Li, Litwin-Kumar et al. 2017",0,4,-1,-1,1,0,0,0,0,0,0,0
larval_drosophila_melanogaster,cns,unpublished,,MBE22 left,"Eschbach, Fushiki et al. 2020b, Winding, Pedigo et al. 2023, Eichler, Li, Litwin-Kumar et al. 2017",0,4,0,0,0,0,0,0,1,0,0,0
larval_drosophila_melanogaster,cns,unpublished,,MBE22 right,"Eschbach, Fushiki et al. 2020b, Winding, Pedigo et al. 2023, Eichler, Li, Litwin-Kumar et al. 2017",0,4,0,0,0,0,0,0,1,0,0,0
larval_drosophila_melanogaster,cns,unpublished,,MBE2a right,"Eschbach, Fushiki et al. 2020b, Winding, Pedigo et al. 2023, Eichler, Li, Litwin-Kumar et al. 2017",0,4,-1,1,-1,0,0,0,0,0,0,0
larval_drosophila_melanogaster,cns,unpublished,,MBE4a left,"Eschbach, Fushiki et al. 2020b, Winding, Pedigo et al. 2023, Eichler, Li, Litwin-Kumar et al. 2017",0,4,0,0,0,0,1,0,0,0,0,0
larval_drosophila_melanogaster,cns,unpublished,,MBE4a right,"Eschbach, Fushiki et al. 2020b, Winding, Pedigo et al. 2023, Eichler, Li, Litwin-Kumar et al. 2017",0,4,0,0,0,0,1,0,0,0,0,0
larval_drosophila_melanogaster,cns,unpublished,,MBE4f left,"Eschbach, Fushiki et al. 2020b, Winding, Pedigo et al. 2023, Eichler, Li, Litwin-Kumar et al. 2017",0,4,0,0,0,0,1,0,0,0,0,0
larval_drosophila_melanogaster,cns,unpublished,,MBE4f right,"Eschbach, Fushiki et al. 2020b, Winding, Pedigo et al. 2023, Eichler, Li, Litwin-Kumar et al. 2017",0,4,0,0,0,0,1,0,0,0,0,0
larval_drosophila_melanogaster,cns,unpublished,,MBE4g left,"Eschbach, Fushiki et al. 2020b, Winding, Pedigo et al. 2023, Eichler, Li, Litwin-Kumar et al. 2017",0,4,0,0,0,0,1,0,0,0,0,0
larval_drosophila_melanogaster,cns,unpublished,,MBE4g right,"Eschbach, Fushiki et al. 2020b, Winding, Pedigo et al. 2023, Eichler, Li, Litwin-Kumar et al. 2017",0,4,0,0,0,0,1,0,0,0,0,0
larval_drosophila_melanogaster,cns,unpublished,,MBE4h left,"Eschbach, Fushiki et al. 2020b, Winding, Pedigo et al. 2023, Eichler, Li, Litwin-Kumar et al. 2017",0,4,0,0,0,0,1,0,0,0,0,0
larval_drosophila_melanogaster,cns,unpublished,,MBE4h right,"Eschbach, Fushiki et al. 2020b, Winding, Pedigo et al. 2023, Eichler, Li, Litwin-Kumar et al. 2017",0,4,0,0,0,0,1,0,0,0,0,0
larval_drosophila_melanogaster,cns,unpublished,,MBE5a left,"Eschbach, Fushiki et al. 2020b, Winding, Pedigo et al. 2023, Eichler, Li, Litwin-Kumar et al. 2017",0,4,-1,1,-1,0,0,0,0,0,0,0
larval_drosophila_melanogaster,cns,unpublished,,MBE5a right,"Eschbach, Fushiki et al. 2020b, Winding, Pedigo et al. 2023, Eichler, Li, Litwin-Kumar et al. 2017",0,4,-1,1,-1,0,0,0,0,0,0,0
larval_drosophila_melanogaster,cns,unpublished,,MBE6 left,"Eschbach, Fushiki et al. 2020b, Winding, Pedigo et al. 2023, Eichler, Li, Litwin-Kumar et al. 2017",0,4,-1,-1,1,0,0,0,0,0,0,0
larval_drosophila_melanogaster,cns,unpublished,,MBE6 right,"Eschbach, Fushiki et al. 2020b, Winding, Pedigo et al. 2023, Eichler, Li, Litwin-Kumar et al. 2017",0,4,-1,-1,1,0,0,0,0,0,0,0
larval_drosophila_melanogaster,cns,unpublished,,MBE7a left,"Eschbach, Fushiki et al. 2020b, Winding, Pedigo et al. 2023, Eichler, Li, Litwin-Kumar et al. 2017",0,4,1,-1,-1,0,0,0,0,0,0,0
larval_drosophila_melanogaster,cns,unpublished,,MBE7a right,"Eschbach, Fushiki et al. 2020b, Winding, Pedigo et al. 2023, Eichler, Li, Litwin-Kumar et al. 2017",0,4,1,-1,-1,0,0,0,0,0,0,0
larval_drosophila_melanogaster,cns,unpublished,,MBE7b left,"Eschbach, Fushiki et al. 2020b, Winding, Pedigo et al. 2023, Eichler, Li, Litwin-Kumar et al. 2017",0,4,1,-1,-1,0,0,0,0,0,0,0
larval_drosophila_melanogaster,cns,unpublished,,MBE7b right,"Eschbach, Fushiki et al. 2020b, Winding, Pedigo et al. 2023, Eichler, Li, Litwin-Kumar et al. 2017",0,4,1,-1,-1,0,0,0,0,0,0,0
larval_drosophila_melanogaster,cns,unpublished,,MBE9a left,"Eschbach, Fushiki et al. 2020b, Winding, Pedigo et al. 2023, Eichler, Li, Litwin-Kumar et al. 2017",0,4,0,0,0,0,0,0,1,0,0,0
larval_drosophila_melanogaster,cns,unpublished,,MBE9a right,"Eschbach, Fushiki et al. 2020b, Winding, Pedigo et al. 2023, Eichler, Li, Litwin-Kumar et al. 2017",0,4,0,0,0,0,0,0,1,0,0,0
larval_drosophila_melanogaster,cns,unpublished,,Thermo KC A_Left   -   Mushroom Body  Right,"Eschbach, Fushiki et al. 2020b, Winding, Pedigo et al. 2023, Eichler, Li, Litwin-Kumar et al. 2017",0,2,1,-1,-1,0,0,0,0,0,0,0
larval_drosophila_melanogaster,cns,unpublished,,Thermo KC A_Right - Mushroom Body  Left,"Eschbach, Fushiki et al. 2020b, Winding, Pedigo et al. 2023, Eichler, Li, Litwin-Kumar et al. 2017",0,2,1,-1,-1,0,0,0,0,0,0,0
larval_drosophila_melanogaster,cns,unpublished,,Thermo KC B_left - mbi2 - unknown,"Eschbach, Fushiki et al. 2020b, Winding, Pedigo et al. 2023, Eichler, Li, Litwin-Kumar et al. 2017",0,2,1,-1,-1,0,0,0,0,0,0,0
larval_drosophila_melanogaster,cns,unpublished,,Thermo KC B_right - mbi2 - unknown,"Eschbach, Fushiki et al. 2020b, Winding, Pedigo et al. 2023, Eichler, Li, Litwin-Kumar et al. 2017",0,2,1,-1,-1,0,0,0,0,0,0,0
larval_drosophila_melanogaster,cns,unpublished,,42b PN left,"Eschbach, Fushiki et al. 2020b, Winding, Pedigo et al. 2023, Miroschnikow et al. 2018, Berck, Khandelwal et al. 2016, Eichler, Li, Litwin-Kumar et al. 2017",0,4,1,-1,-1,0,0,0,0,0,0,0
larval_drosophila_melanogaster,cns,unpublished,,42b PN right,"Eschbach, Fushiki et al. 2020b, Winding, Pedigo et al. 2023, Miroschnikow et al. 2018, Berck, Khandelwal et al. 2016, Eichler, Li, Litwin-Kumar et al. 2017",0,4,1,-1,-1,0,0,0,0,0,0,0
larval_drosophila_melanogaster,cns,unpublished,,MBE11a left,"Eschbach, Fushiki et al. 2020b, Winding, Pedigo et al. 2023, Miroschnikow et al. 2018, Eichler, Li, Litwin-Kumar et al. 2017",0,4,-1,-1,1,0,0,0,0,0,0,0
larval_drosophila_melanogaster,cns,unpublished,,MBE11a right,"Eschbach, Fushiki et al. 2020b, Winding, Pedigo et al. 2023, Miroschnikow et al. 2018, Eichler, Li, Litwin-Kumar et al. 2017",0,4,-1,-1,1,0,0,0,0,0,0,0
larval_drosophila_melanogaster,cns,unpublished,,MBE16 left,"Eschbach, Fushiki et al. 2020b, Winding, Pedigo et al. 2023, Miroschnikow et al. 2018, Eichler, Li, Litwin-Kumar et al. 2017",0,4,-1,1,-1,0,0,0,0,0,0,0
larval_drosophila_melanogaster,cns,unpublished,,MBE16 right,"Eschbach, Fushiki et al. 2020b, Winding, Pedigo et al. 2023, Miroschnikow et al. 2018, Eichler, Li, Litwin-Kumar et al. 2017",0,4,-1,1,-1,0,0,0,0,0,0,0
larval_drosophila_melanogaster,cns,unpublished,,MBE18 left,"Eschbach, Fushiki et al. 2020b, Winding, Pedigo et al. 2023, Miroschnikow et al. 2018, Eichler, Li, Litwin-Kumar et al. 2017",0,4,1,-1,-1,0,0,0,0,0,0,0
larval_drosophila_melanogaster,cns,unpublished,,MBE5b left,"Eschbach, Fushiki et al. 2020b, Winding, Pedigo et al. 2023, Miroschnikow et al. 2018, Eichler, Li, Litwin-Kumar et al. 2017",0,4,-1,1,-1,0,0,0,0,0,0,0
larval_drosophila_melanogaster,cns,unpublished,,MBE9b left,"Eschbach, Fushiki et al. 2020b, Winding, Pedigo et al. 2023, Miroschnikow et al. 2018, Eichler, Li, Litwin-Kumar et al. 2017",0,4,1,-1,-1,0,0,0,0,0,0,0
larval_drosophila_melanogaster,cns,unpublished,,MBE9b right,"Eschbach, Fushiki et al. 2020b, Winding, Pedigo et al. 2023, Miroschnikow et al. 2018, Eichler, Li, Litwin-Kumar et al. 2017",0,4,1,-1,-1,0,0,0,0,0,0,0
adult_drosophila_melanogaster,optic_lobe,0,,s-LNv,"Frenkel et al., 2017",RNAi,1,0,0,0,1,0,0,0,0,0,0
adult_drosophila_melanogaster,optic_lobe,0,,s-LNv_b,"Frenkel et al., 2017",RNAi,1,0,0,0,1,0,0,0,0,0,0
larval_drosophila_melanogaster,cns,unpublished,,A02d_a1r,Fushiki et al. 2016,0,2,0,1,0,0,0,0,0,0,0,0
larval_drosophila_melanogaster,cns,unpublished,,A02j Looper-10_a4l,Fushiki et al. 2016,0,2,0,1,0,0,0,0,0,0,0,0
larval_drosophila_melanogaster,cns,unpublished,,A02j Looper-10_a4r,Fushiki et al. 2016,0,2,0,1,0,0,0,0,0,0,0,0
larval_drosophila_melanogaster,cns,unpublished,,A03 12946255,Fushiki et al. 2016,0,2,1,0,0,0,0,0,0,0,0,0
larval_drosophila_melanogaster,cns,unpublished,,A03a4_a2l,Fushiki et al. 2016,0,2,1,0,0,0,0,0,0,0,0,0
larval_drosophila_melanogaster,cns,unpublished,,A03a4_a2r,Fushiki et al. 2016,0,2,1,0,0,0,0,0,0,0,0,0
larval_drosophila_melanogaster,cns,unpublished,,A03ax_a1l,Fushiki et al. 2016,0,2,1,0,0,0,0,0,0,0,0,0
larval_drosophila_melanogaster,cns,unpublished,,a03d/e_a2l,Fushiki et al. 2016,0,2,1,0,0,0,0,0,0,0,0,0
larval_drosophila_melanogaster,cns,unpublished,,a03d/e_a2r,Fushiki et al. 2016,0,2,1,0,0,0,0,0,0,0,0,0
larval_drosophila_melanogaster,cns,unpublished,,A03g_t3r (T03g),Fushiki et al. 2016,0,4,1,0,0,0,0,0,0,0,0,0
larval_drosophila_melanogaster,cns,unpublished,,A18b3_a2l,Fushiki et al. 2016,0,4,1,0,0,0,0,0,0,0,0,0
larval_drosophila_melanogaster,cns,unpublished,,A18b3_a2r,Fushiki et al. 2016,0,4,1,0,0,0,0,0,0,0,0,0
larval_drosophila_melanogaster,cns,unpublished,,A27h_a2l,Fushiki et al. 2016,0,4,1,0,0,0,0,0,0,0,0,0
larval_drosophila_melanogaster,cns,unpublished,,A27h_a2r,Fushiki et al. 2016,0,4,1,0,0,0,0,0,0,0,0,0
larval_drosophila_melanogaster,cns,unpublished,,A27j2_a1l_GABA,Fushiki et al. 2016,0,4,0,0,1,0,0,0,0,0,0,0
larval_drosophila_melanogaster,cns,unpublished,,A27j2_a1r_GABA,Fushiki et al. 2016,0,4,0,0,1,0,0,0,0,0,0,0
larval_drosophila_melanogaster,cns,unpublished,,A31f_a1l?,Fushiki et al. 2016,0,2,0,0,1,0,0,0,0,0,0,0
larval_drosophila_melanogaster,cns,unpublished,,A31f_a1r?,Fushiki et al. 2016,0,2,0,0,1,0,0,0,0,0,0,0
larval_drosophila_melanogaster,cns,unpublished,,Saaghi-1_a2l (AAZ1 (A06l)),"Fushiki et al. 2016, Heckscher et al. 2015",0,4,0,0,1,0,0,0,0,0,0,0
larval_drosophila_melanogaster,cns,unpublished,,Saaghi-1_a2r (AAZ1 (A06l)),"Fushiki et al. 2016, Heckscher et al. 2015",0,4,0,0,1,0,0,0,0,0,0,0
adult_drosophila_melanogaster,neck_connective,MX0__prim,,DNg26,Gautham et al. 2024,transgenics,2,0,0,0,0,0,1,0,0,0,0
larval_drosophila_melanogaster,cns,unpublished,,A09l_a2l Down-and-back-1,"Gerhard et al. 2017, Burgos et al 2018",0,4,1,0,0,0,0,0,0,0,0,0
larval_drosophila_melanogaster,cns,unpublished,,"A09l_a2r Down-and-back-1	","Gerhard et al. 2017, Burgos et al 2018",0,4,1,0,0,0,0,0,0,0,0,0
larval_drosophila_melanogaster,cns,unpublished,,A09l_t3l Down-and-back-1,"Gerhard et al. 2017, Burgos et al 2018",0,4,1,0,0,0,0,0,0,0,0,0
larval_drosophila_melanogaster,cns,unpublished,,A09l_t3r Down-and-back-1,"Gerhard et al. 2017, Burgos et al 2018",0,4,1,0,0,0,0,0,0,0,0,0
adult_drosophila_melanogaster,central_brain,putative_primary,,DN1pA,Guo et al. 2016,immuno,5,0,1,0,0,0,0,0,0,0,0
adult_drosophila_melanogaster,central_brain,putative_primary,,DN1pB,Guo et al. 2016,immuno,5,0,1,0,0,0,0,0,0,0,0
adult_drosophila_melanogaster,central_brain,DL1_dorsal,,CB.FB6E1,Hasenhuetl et al. 2024,intersection,4,0,1,0,0,0,0,0,0,0,0
adult_drosophila_melanogaster,central_brain,DL1_dorsal,,CB.FB6E2,Hasenhuetl et al. 2024,intersection,4,0,1,0,0,0,0,0,0,0,0
adult_drosophila_melanogaster,central_brain,DL1_dorsal,,CB.FB6E3,Hasenhuetl et al. 2024,intersection,4,0,1,0,0,0,0,0,0,0,0
adult_drosophila_melanogaster,central_brain,DL1_dorsal,,CB.FB6E4,Hasenhuetl et al. 2024,intersection,4,0,1,0,0,0,0,0,0,0,0
adult_drosophila_melanogaster,central_brain,DL1_dorsal,,CB.FB7E1,Hasenhuetl et al. 2024,intersection,4,0,1,0,0,0,0,0,0,0,0
adult_drosophila_melanogaster,central_brain,DL1_dorsal,,CB.FB7E2,Hasenhuetl et al. 2024,intersection,4,0,1,0,0,0,0,0,0,0,0
adult_drosophila_melanogaster,central_brain,DL1_dorsal,,FB6A,Hasenhuetl et al. 2024,intersection,4,0,1,0,0,0,0,0,0,0,0
adult_drosophila_melanogaster,central_brain,DL1_dorsal,,"FB6C,FB6I",Hasenhuetl et al. 2024,intersection,4,0,1,0,0,0,0,0,0,0,0
adult_drosophila_melanogaster,central_brain,DL1_dorsal,,FB6D,Hasenhuetl et al. 2024,intersection,4,0,1,0,0,0,0,0,0,0,0
adult_drosophila_melanogaster,central_brain,DL1_dorsal,,FB6E,Hasenhuetl et al. 2024,intersection,4,0,1,0,0,0,0,0,0,0,0
adult_drosophila_melanogaster,central_brain,DL1_dorsal,,FB6H,Hasenhuetl et al. 2024,intersection,4,0,1,0,0,0,0,0,0,0,0
adult_drosophila_melanogaster,central_brain,DL1_dorsal,,FB6Z,Hasenhuetl et al. 2024,intersection,4,0,1,0,0,0,0,0,0,0,0
adult_drosophila_melanogaster,central_brain,DL1_dorsal,,"FB7A,FB7K",Hasenhuetl et al. 2024,intersection,4,0,1,0,0,0,0,0,0,0,0
adult_drosophila_melanogaster,central_brain,DL1_dorsal,,"FB7A,FB7K,FB6G",Hasenhuetl et al. 2024,intersection,4,0,1,0,0,0,0,0,0,0,0
adult_drosophila_melanogaster,central_brain,DL1_dorsal,,FB7B,Hasenhuetl et al. 2024,intersection,4,0,1,0,0,0,0,0,0,0,0
adult_drosophila_melanogaster,central_brain,putative_primary,,DPM,Haynes et al. 2015,immuno,5,0,0,1,0,0,0,0,0,0,0
larval_drosophila_melanogaster,cns,unpublished,,A06e_a1r (Saaghi-3),Heckscher et al. 2015,0,2,0,0,1,0,0,0,0,0,0,0
larval_drosophila_melanogaster,cns,unpublished,,A08e1_a2l,Heckscher et al. 2015,0,4,1,0,0,0,0,0,0,0,0,0
larval_drosophila_melanogaster,cns,unpublished,,A08e1_a2r,Heckscher et al. 2015,0,4,1,0,0,0,0,0,0,0,0,0
larval_drosophila_melanogaster,cns,unpublished,,dbd_a1l,Heckscher et al. 2015,0,2,1,0,0,0,0,0,0,0,0,0
larval_drosophila_melanogaster,cns,unpublished,,dbd_a1r,Heckscher et al. 2015,0,2,1,0,0,0,0,0,0,0,0,0
larval_drosophila_melanogaster,cns,unpublished,,dbd_a2l,Heckscher et al. 2015,0,2,1,0,0,0,0,0,0,0,0,0
larval_drosophila_melanogaster,cns,unpublished,,dbd_a2r,Heckscher et al. 2015,0,2,1,0,0,0,0,0,0,0,0,0
larval_drosophila_melanogaster,cns,unpublished,,dbd_t3l,Heckscher et al. 2015,0,2,1,0,0,0,0,0,0,0,0,0
larval_drosophila_melanogaster,cns,unpublished,,dbd_t3r,Heckscher et al. 2015,0,2,1,0,0,0,0,0,0,0,0,0
larval_drosophila_melanogaster,cns,unpublished,,ddaD_a1l (class I),Heckscher et al. 2015,0,2,1,0,0,0,0,0,0,0,0,0
larval_drosophila_melanogaster,cns,unpublished,,ddaD_a1r (class I),Heckscher et al. 2015,0,2,1,0,0,0,0,0,0,0,0,0
larval_drosophila_melanogaster,cns,unpublished,,ddaD_a2l,Heckscher et al. 2015,0,2,1,0,0,0,0,0,0,0,0,0
larval_drosophila_melanogaster,cns,unpublished,,ddaE_t3l,Heckscher et al. 2015,0,2,1,0,0,0,0,0,0,0,0,0
larval_drosophila_melanogaster,cns,unpublished,,ddaE_t3r,Heckscher et al. 2015,0,2,1,0,0,0,0,0,0,0,0,0
larval_drosophila_melanogaster,cns,unpublished,,dmd1_a1l,Heckscher et al. 2015,0,2,1,0,0,0,0,0,0,0,0,0
larval_drosophila_melanogaster,cns,unpublished,,dmd1_a1r,Heckscher et al. 2015,0,2,1,0,0,0,0,0,0,0,0,0
larval_drosophila_melanogaster,cns,unpublished,,Saaghi-3_a2l (AAZ3 (A06e)),Heckscher et al. 2015,0,2,0,0,1,0,0,0,0,0,0,0
larval_drosophila_melanogaster,cns,unpublished,,Saaghi-3_a2r (AAZ3 (A06e)),Heckscher et al. 2015,0,2,0,0,1,0,0,0,0,0,0,0
larval_drosophila_melanogaster,cns,unpublished,,sensory neuron projection_a2r,Heckscher et al. 2015,0,2,1,0,0,0,0,0,0,0,0,0
larval_drosophila_melanogaster,cns,unpublished,,vbd_a1l_,Heckscher et al. 2015,0,2,1,0,0,0,0,0,0,0,0,0
larval_drosophila_melanogaster,cns,unpublished,,vbd_a1r,Heckscher et al. 2015,0,2,1,0,0,0,0,0,0,0,0,0
larval_drosophila_melanogaster,cns,unpublished,,vpda_t3l,Heckscher et al. 2015,0,2,1,0,0,0,0,0,0,0,0,0
larval_drosophila_melanogaster,cns,unpublished,,vpda_t3r,Heckscher et al. 2015,0,2,1,0,0,0,0,0,0,0,0,0
adult_drosophila_melanogaster,central_brain,DM6__prim,,CB.FB2H0,"Hulse et al., 2020",immuno,5,0,0,0,0,1,0,0,0,0,0
adult_drosophila_melanogaster,central_brain,DM6__prim,,"CB.FB3,4A10","Hulse et al., 2020",immuno,5,0,0,0,0,1,0,0,0,0,0
adult_drosophila_melanogaster,central_brain,DM6__prim,,"CB.FB3,4A21","Hulse et al., 2020",immuno,5,0,0,0,0,1,0,0,0,0,0
adult_drosophila_melanogaster,central_brain,putative_primary,,CB.FB5F0,"Hulse et al., 2020",immuno,5,0,0,0,0,1,0,0,0,0,0
adult_drosophila_melanogaster,central_brain,DL1_dorsal,,CB.FB6E2,"Hulse et al., 2020",immuno,5,-1,1,-1,0,1,1,-1,-1,0,0
adult_drosophila_melanogaster,central_brain,DL1_dorsal,,CB.FB7E2,"Hulse et al., 2020",immuno,5,0,0,0,0,1,0,0,0,0,0
adult_drosophila_melanogaster,central_brain,DM6__prim,,FB2A,"Hulse et al., 2020",immuno,5,0,0,0,0,1,0,0,0,0,0
adult_drosophila_melanogaster,central_brain,DM6__prim,,FB4L,"Hulse et al., 2020",immuno,5,0,0,0,0,1,0,0,0,0,0
adult_drosophila_melanogaster,central_brain,DM6__prim,,FB4M,"Hulse et al., 2020",immuno,5,0,0,0,0,1,0,0,0,0,0
adult_drosophila_melanogaster,central_brain,putative_primary,,FB5H,"Hulse et al., 2020",immuno,5,0,0,0,0,1,0,0,0,0,0
adult_drosophila_melanogaster,central_brain,DL1_dorsal,,FB6H,"Hulse et al., 2020",immuno,5,-1,1,-1,0,1,1,-1,-1,0,0
adult_drosophila_melanogaster,central_brain,DL1_dorsal,,FB7B,"Hulse et al., 2020",immuno,5,0,0,0,0,1,0,0,0,0,0
adult_drosophila_melanogaster,central_brain,putative_primary,,PLP249,"Isaacson et al., 2023",FISH,3,0,0,1,0,0,0,0,0,0,0
adult_drosophila_melanogaster,central_brain,ALad1,,"(M_adPNm4,M_adPNm5)a","Ito et al., 2013","immuno, lineage based",2,0,0,-1,0,0,0,0,0,0,0
adult_drosophila_melanogaster,central_brain,ALad1,,"(M_adPNm4,M_adPNm5)b","Ito et al., 2013","immuno, lineage based",2,0,0,-1,0,0,0,0,0,0,0
adult_drosophila_melanogaster,central_brain,ALad1,,"(M_adPNm4,M_adPNm5)c","Ito et al., 2013","immuno, lineage based",2,0,0,-1,0,0,0,0,0,0,0
adult_drosophila_melanogaster,central_brain,ALad1,,"(M_adPNm4,M_adPNm5)d","Ito et al., 2013","immuno, lineage based",2,0,0,-1,0,0,0,0,0,0,0
adult_drosophila_melanogaster,central_brain,VPNp1_medial,,"(PLP191,PLP192)a","Ito et al., 2013","immuno, lineage based",2,0,0,-1,0,0,0,0,0,0,0
adult_drosophila_melanogaster,central_brain,VPNp1_medial,,"(PLP191,PLP192)b","Ito et al., 2013","immuno, lineage based",2,0,0,-1,0,0,0,0,0,0,0
adult_drosophila_melanogaster,central_brain,AOTUv3_ventral,,"(PS082,PS084)a","Ito et al., 2013","immuno, lineage based",2,0,0,-1,0,0,0,0,0,0,0
adult_drosophila_melanogaster,central_brain,AOTUv3_ventral,,"(PS082,PS084)b","Ito et al., 2013","immuno, lineage based",2,0,0,-1,0,0,0,0,0,0,0
adult_drosophila_melanogaster,central_brain,CLp1,,"(SLP402,SMP426)a","Ito et al., 2013","immuno, lineage based",2,0,0,-1,0,0,0,0,0,0,0
adult_drosophila_melanogaster,central_brain,CLp1,,"(SLP402,SMP426)b","Ito et al., 2013","immuno, lineage based",2,0,0,-1,0,0,0,0,0,0,0
adult_drosophila_melanogaster,central_brain,CLp1,,"(SLP402,SMP426)c","Ito et al., 2013","immuno, lineage based",2,0,0,-1,0,0,0,0,0,0,0
adult_drosophila_melanogaster,central_brain,VLPd&p1_posterior,,"(SMP206,SLP327)a","Ito et al., 2013","immuno, lineage based",2,0,0,-1,0,0,0,0,0,0,0
adult_drosophila_melanogaster,central_brain,VLPd&p1_posterior,,"(SMP206,SLP327)b","Ito et al., 2013","immuno, lineage based",2,0,0,-1,0,0,0,0,0,0,0
adult_drosophila_melanogaster,central_brain,AOTUv3_dorsal,,AOTU005,"Ito et al., 2013","immuno, lineage based",2,0,0,-1,0,0,0,0,0,0,0
adult_drosophila_melanogaster,central_brain,AOTUv3_dorsal,,AOTU006,"Ito et al., 2013","immuno, lineage based",2,0,0,-1,0,0,0,0,0,0,0
adult_drosophila_melanogaster,central_brain,AOTUv3_dorsal,,AOTU007,"Ito et al., 2013","immuno, lineage based",2,0,0,-1,0,0,0,0,0,0,0
adult_drosophila_melanogaster,central_brain,AOTUv3_dorsal,,AOTU008,"Ito et al., 2013","immuno, lineage based",2,0,0,-1,0,0,0,0,0,0,0
adult_drosophila_melanogaster,central_brain,AOTUv3_dorsal,,AOTU008a,"Ito et al., 2013","immuno, lineage based",2,0,0,-1,0,0,0,0,0,0,0
adult_drosophila_melanogaster,central_brain,AOTUv3_dorsal,,AOTU008b,"Ito et al., 2013","immuno, lineage based",2,0,0,-1,0,0,0,0,0,0,0
adult_drosophila_melanogaster,central_brain,AOTUv3_dorsal,,AOTU008c,"Ito et al., 2013","immuno, lineage based",2,0,0,-1,0,0,0,0,0,0,0
adult_drosophila_melanogaster,central_brain,AOTUv3_dorsal,,AOTU008d,"Ito et al., 2013","immuno, lineage based",2,0,0,-1,0,0,0,0,0,0,0
adult_drosophila_melanogaster,central_brain,AOTUv4_dorsal,,"AOTU018,AOTU031","Ito et al., 2013","immuno, lineage based",2,0,0,-1,0,0,0,0,0,0,0
adult_drosophila_melanogaster,central_brain,AOTUv3_dorsal,,AOTU024,"Ito et al., 2013","immuno, lineage based",2,0,0,-1,0,0,0,0,0,0,0
adult_drosophila_melanogaster,central_brain,AOTUv3_dorsal,,AOTU025,"Ito et al., 2013","immuno, lineage based",2,0,0,-1,0,0,0,0,0,0,0
adult_drosophila_melanogaster,central_brain,AOTUv3_dorsal,,AOTU026,"Ito et al., 2013","immuno, lineage based",2,0,0,-1,0,0,0,0,0,0,0
adult_drosophila_melanogaster,central_brain,AOTUv3_dorsal,,AOTU027,"Ito et al., 2013","immuno, lineage based",2,0,0,-1,0,0,0,0,0,0,0
adult_drosophila_melanogaster,central_brain,AOTUv4_dorsal,,AOTU029,"Ito et al., 2013","immuno, lineage based",2,0,0,-1,0,0,0,0,0,0,0
adult_drosophila_melanogaster,central_brain,AOTUv4_dorsal,,AOTU030,"Ito et al., 2013","immuno, lineage based",2,0,0,-1,0,0,0,0,0,0,0
adult_drosophila_melanogaster,central_brain,AOTUv3_ventral,,AOTU036,"Ito et al., 2013","immuno, lineage based",2,0,0,-1,0,0,0,0,0,0,0
adult_drosophila_melanogaster,central_brain,AOTUv3_ventral,,AOTU037,"Ito et al., 2013","immuno, lineage based",2,0,0,-1,0,0,0,0,0,0,0
adult_drosophila_melanogaster,central_brain,AOTUv3_ventral,,AOTU038,"Ito et al., 2013","immuno, lineage based",2,0,0,-1,0,0,0,0,0,0,0
adult_drosophila_melanogaster,central_brain,AOTUv3_ventral,,AOTU039,"Ito et al., 2013","immuno, lineage based",2,0,0,-1,0,0,0,0,0,0,0
adult_drosophila_melanogaster,optic_lobe,VLPd&p1_posterior,,AOTU044,"Ito et al., 2013","immuno, lineage based",2,0,0,-1,0,0,0,0,0,0,0
adult_drosophila_melanogaster,central_brain,AOTUv3_dorsal,,AOTUv3_dorsal_26,"Ito et al., 2013","immuno, lineage based",2,0,0,-1,0,0,0,0,0,0,0
adult_drosophila_melanogaster,central_brain,AOTUv3_dorsal,,AOTUv3_dorsal_36,"Ito et al., 2013","immuno, lineage based",2,0,0,-1,0,0,0,0,0,0,0
adult_drosophila_melanogaster,central_brain,AOTUv3_dorsal,,AOTUv3_dorsal_37,"Ito et al., 2013","immuno, lineage based",2,0,0,-1,0,0,0,0,0,0,0
adult_drosophila_melanogaster,central_brain,AOTUv3_ventral,,AOTUv3_ventral_31,"Ito et al., 2013","immuno, lineage based",2,0,0,-1,0,0,0,0,0,0,0
adult_drosophila_melanogaster,central_brain,AOTUv3_dorsal,,AOTUv3B_M01,"Ito et al., 2013","immuno, lineage based",2,0,0,-1,0,0,0,0,0,0,0
adult_drosophila_melanogaster,central_brain,AOTUv3_dorsal,,AOTUv3B_P01,"Ito et al., 2013","immuno, lineage based",2,0,0,-1,0,0,0,0,0,0,0
adult_drosophila_melanogaster,central_brain,AOTUv3_dorsal,,AOTUv3B_P02,"Ito et al., 2013","immuno, lineage based",2,0,0,-1,0,0,0,0,0,0,0
adult_drosophila_melanogaster,central_brain,AOTUv3_dorsal,,AOTUv3B_P06,"Ito et al., 2013","immuno, lineage based",2,0,0,-1,0,0,0,0,0,0,0
adult_drosophila_melanogaster,central_brain,AOTUv4_dorsal,,AOTUv4_dorsal_26,"Ito et al., 2013","immuno, lineage based",2,0,0,-1,0,0,0,0,0,0,0
adult_drosophila_melanogaster,central_brain,AOTUv4_dorsal,,AOTUv4_dorsal_30,"Ito et al., 2013","immuno, lineage based",2,0,0,-1,0,0,0,0,0,0,0
adult_drosophila_melanogaster,central_brain,AOTUv4_dorsal,,AOTUv4B_P02,"Ito et al., 2013","immuno, lineage based",2,0,0,-1,0,0,0,0,0,0,0
adult_drosophila_melanogaster,central_brain,SLPpl1,,APDN3,"Ito et al., 2013","lineage, based",2,0,0,-1,0,0,0,0,0,0,0
adult_drosophila_melanogaster,central_brain,SLPad1_anterior,,"aSP-f1A,aSP-f1B,aSP-f2","Ito et al., 2013","immuno, lineage based",2,0,0,-1,0,0,0,0,0,0,0
adult_drosophila_melanogaster,central_brain,SLPad1_anterior,,aSP-f3,"Ito et al., 2013","immuno, lineage based",2,0,0,-1,0,0,0,0,0,0,0
adult_drosophila_melanogaster,central_brain,SLPad1_anterior,,aSP-f4,"Ito et al., 2013","immuno, lineage based",2,0,0,-1,0,0,0,0,0,0,0
adult_drosophila_melanogaster,central_brain,VLPd1,,AVLP033,"Ito et al., 2013","immuno, lineage based",2,0,0,-1,0,0,0,0,0,0,0
adult_drosophila_melanogaster,central_brain,VLPd1,,AVLP034,"Ito et al., 2013","immuno, lineage based",2,0,0,-1,0,0,0,0,0,0,0
adult_drosophila_melanogaster,central_brain,VLPd1,,AVLP035,"Ito et al., 2013","immuno, lineage based",2,0,0,-1,0,0,0,0,0,0,0
adult_drosophila_melanogaster,central_brain,VLPd1,,"AVLP037,AVLP038","Ito et al., 2013","immuno, lineage based",2,0,0,-1,0,0,0,0,0,0,0
adult_drosophila_melanogaster,central_brain,VLPd1,,AVLP039,"Ito et al., 2013","immuno, lineage based",2,0,0,-1,0,0,0,0,0,0,0
adult_drosophila_melanogaster,central_brain,VLPd1,,AVLP040,"Ito et al., 2013","immuno, lineage based",2,0,0,-1,0,0,0,0,0,0,0
adult_drosophila_melanogaster,central_brain,VLPd1,,AVLP041,"Ito et al., 2013","immuno, lineage based",2,0,0,-1,0,0,0,0,0,0,0
adult_drosophila_melanogaster,central_brain,VLPd1,,AVLP042,"Ito et al., 2013","immuno, lineage based",2,0,0,-1,0,0,0,0,0,0,0
adult_drosophila_melanogaster,central_brain,VLPd1,,AVLP043,"Ito et al., 2013","immuno, lineage based",2,0,0,-1,0,0,0,0,0,0,0
adult_drosophila_melanogaster,central_brain,VLPd1,,AVLP044,"Ito et al., 2013","immuno, lineage based",2,0,0,-1,0,0,0,0,0,0,0
adult_drosophila_melanogaster,central_brain,VLPd1,,AVLP044a,"Ito et al., 2013","immuno, lineage based",2,0,0,-1,0,0,0,0,0,0,0
adult_drosophila_melanogaster,central_brain,VLPd1,,AVLP044b,"Ito et al., 2013","immuno, lineage based",2,0,0,-1,0,0,0,0,0,0,0
adult_drosophila_melanogaster,central_brain,VLPd1,,AVLP045,"Ito et al., 2013","immuno, lineage based",2,0,0,-1,0,0,0,0,0,0,0
adult_drosophila_melanogaster,central_brain,VLPd1,,AVLP046,"Ito et al., 2013","immuno, lineage based",2,0,0,-1,0,0,0,0,0,0,0
adult_drosophila_melanogaster,central_brain,VLPd1,,AVLP047,"Ito et al., 2013","immuno, lineage based",2,0,0,-1,0,0,0,0,0,0,0
adult_drosophila_melanogaster,central_brain,VLPd1,,AVLP048,"Ito et al., 2013","immuno, lineage based",2,0,0,-1,0,0,0,0,0,0,0
adult_drosophila_melanogaster,central_brain,VLPd1,,AVLP049,"Ito et al., 2013","immuno, lineage based",2,0,0,-1,0,0,0,0,0,0,0
adult_drosophila_melanogaster,central_brain,VLPd1,,AVLP050,"Ito et al., 2013","immuno, lineage based",2,0,0,-1,0,0,0,0,0,0,0
adult_drosophila_melanogaster,central_brain,VLPd1,,AVLP051,"Ito et al., 2013","immuno, lineage based",2,0,0,-1,0,0,0,0,0,0,0
adult_drosophila_melanogaster,central_brain,VLPd&p1_dorsal,,AVLP055,"Ito et al., 2013","immuno, lineage based",2,0,0,-1,0,0,0,0,0,0,0
adult_drosophila_melanogaster,central_brain,VLPa1_lateral,,AVLP282,"Ito et al., 2013","immuno, lineage based",2,0,0,-1,0,0,0,0,0,0,0
adult_drosophila_melanogaster,central_brain,VLPa1_lateral,,AVLP283,"Ito et al., 2013","immuno, lineage based",2,0,0,-1,0,0,0,0,0,0,0
adult_drosophila_melanogaster,central_brain,VLPa1_lateral,,AVLP284,"Ito et al., 2013","immuno, lineage based",2,0,0,-1,0,0,0,0,0,0,0
adult_drosophila_melanogaster,central_brain,VLPa1_lateral,,AVLP286,"Ito et al., 2013","immuno, lineage based",2,0,0,-1,0,0,0,0,0,0,0
adult_drosophila_melanogaster,central_brain,VLPa1_lateral,,AVLP287,"Ito et al., 2013","immuno, lineage based",2,0,0,-1,0,0,0,0,0,0,0
adult_drosophila_melanogaster,central_brain,VLPa1_lateral,,AVLP288,"Ito et al., 2013","immuno, lineage based",2,0,0,-1,0,0,0,0,0,0,0
adult_drosophila_melanogaster,central_brain,VLPa1_lateral,,AVLP290,"Ito et al., 2013","immuno, lineage based",2,0,0,-1,0,0,0,0,0,0,0
adult_drosophila_melanogaster,central_brain,VLPa1_lateral,,AVLP290a,"Ito et al., 2013","immuno, lineage based",2,0,0,-1,0,0,0,0,0,0,0
adult_drosophila_melanogaster,central_brain,VLPa1_lateral,,AVLP290b,"Ito et al., 2013","immuno, lineage based",2,0,0,-1,0,0,0,0,0,0,0
adult_drosophila_melanogaster,central_brain,VLPa1_lateral,,AVLP292,"Ito et al., 2013","immuno, lineage based",2,0,0,-1,0,0,0,0,0,0,0
adult_drosophila_melanogaster,central_brain,VLPa1_lateral,,AVLP293,"Ito et al., 2013","immuno, lineage based",2,0,0,-1,0,0,0,0,0,0,0
adult_drosophila_melanogaster,central_brain,VLPa1_lateral,,AVLP294,"Ito et al., 2013","immuno, lineage based",2,0,0,-1,0,0,0,0,0,0,0
adult_drosophila_melanogaster,central_brain,VLPa1_lateral,,AVLP295,"Ito et al., 2013","immuno, lineage based",2,0,0,-1,0,0,0,0,0,0,0
adult_drosophila_melanogaster,central_brain,VLPa1_lateral,,AVLP297,"Ito et al., 2013","immuno, lineage based",2,0,0,-1,0,0,0,0,0,0,0
adult_drosophila_melanogaster,central_brain,VLPa1_lateral,,AVLP298,"Ito et al., 2013","immuno, lineage based",2,0,0,-1,0,0,0,0,0,0,0
adult_drosophila_melanogaster,central_brain,VLPa1_lateral,,AVLP299_a,"Ito et al., 2013","immuno, lineage based",2,0,0,-1,0,0,0,0,0,0,0
adult_drosophila_melanogaster,central_brain,VLPa1_lateral,,AVLP299_b,"Ito et al., 2013","immuno, lineage based",2,0,0,-1,0,0,0,0,0,0,0
adult_drosophila_melanogaster,central_brain,VLPa1_lateral,,AVLP299_c,"Ito et al., 2013","immuno, lineage based",2,0,0,-1,0,0,0,0,0,0,0
adult_drosophila_melanogaster,central_brain,VLPa1_lateral,,AVLP300_a,"Ito et al., 2013","immuno, lineage based",2,0,0,-1,0,0,0,0,0,0,0
adult_drosophila_melanogaster,central_brain,VLPa1_lateral,,AVLP300_b,"Ito et al., 2013","immuno, lineage based",2,0,0,-1,0,0,0,0,0,0,0
adult_drosophila_melanogaster,central_brain,VLPa1_lateral,,AVLP303,"Ito et al., 2013","immuno, lineage based",2,0,0,-1,0,0,0,0,0,0,0
adult_drosophila_melanogaster,central_brain,VLPa1_lateral,,AVLP304,"Ito et al., 2013","immuno, lineage based",2,0,0,-1,0,0,0,0,0,0,0
adult_drosophila_melanogaster,central_brain,VLPa1_lateral,,AVLP305,"Ito et al., 2013","immuno, lineage based",2,0,0,-1,0,0,0,0,0,0,0
adult_drosophila_melanogaster,central_brain,VLPa1_lateral,,AVLP306,"Ito et al., 2013","immuno, lineage based",2,0,0,-1,0,0,0,0,0,0,0
adult_drosophila_melanogaster,central_brain,VLPa1_lateral,,AVLP308,"Ito et al., 2013","immuno, lineage based",2,0,0,-1,0,0,0,0,0,0,0
adult_drosophila_melanogaster,central_brain,VLPa1_lateral,,AVLP309,"Ito et al., 2013","immuno, lineage based",2,0,0,-1,0,0,0,0,0,0,0
adult_drosophila_melanogaster,central_brain,VLPa1_lateral,,AVLP309a,"Ito et al., 2013","immuno, lineage based",2,0,0,-1,0,0,0,0,0,0,0
adult_drosophila_melanogaster,central_brain,VLPa1_lateral,,AVLP309b,"Ito et al., 2013","immuno, lineage based",2,0,0,-1,0,0,0,0,0,0,0
adult_drosophila_melanogaster,central_brain,VLPa1_lateral,,AVLP310,"Ito et al., 2013","immuno, lineage based",2,0,0,-1,0,0,0,0,0,0,0
adult_drosophila_melanogaster,central_brain,VLPa1_lateral,,AVLP310a,"Ito et al., 2013","immuno, lineage based",2,0,0,-1,0,0,0,0,0,0,0
adult_drosophila_melanogaster,central_brain,VLPa1_lateral,,AVLP310b,"Ito et al., 2013","immuno, lineage based",2,0,0,-1,0,0,0,0,0,0,0
adult_drosophila_melanogaster,central_brain,SLPav1_medial,,AVLP312,"Ito et al., 2013","lineage, based",2,0,0,-1,0,0,0,0,0,0,0
adult_drosophila_melanogaster,central_brain,SLPav1_medial,,AVLP312a,"Ito et al., 2013","lineage, based",2,0,0,-1,0,0,0,0,0,0,0
adult_drosophila_melanogaster,central_brain,SLPav1_medial,,AVLP312b,"Ito et al., 2013","lineage, based",2,0,0,-1,0,0,0,0,0,0,0
adult_drosophila_melanogaster,central_brain,SLPav1_medial,,AVLP313,"Ito et al., 2013","lineage, based",2,0,0,-1,0,0,0,0,0,0,0
adult_drosophila_melanogaster,central_brain,PSa1,,AVLP460,"Ito et al., 2013",immuno,2,0,0,1,0,0,0,0,0,0,0
adult_drosophila_melanogaster,central_brain,PSa1,,AVLP462,"Ito et al., 2013",immuno,2,0,0,1,0,0,0,0,0,0,0
adult_drosophila_melanogaster,central_brain,PSa1,,AVLP462a,"Ito et al., 2013",immuno,2,0,0,1,0,0,0,0,0,0,0
adult_drosophila_melanogaster,central_brain,PSa1,,AVLP462b,"Ito et al., 2013",immuno,2,0,0,1,0,0,0,0,0,0,0
adult_drosophila_melanogaster,central_brain,DL2_ventral,,AVLP567,"Ito et al., 2013","immuno, lineage based",2,0,0,-1,0,0,0,0,0,0,0
adult_drosophila_melanogaster,central_brain,DL2_ventral,,AVLP568,"Ito et al., 2013","immuno, lineage based",2,0,0,-1,0,0,0,0,0,0,0
adult_drosophila_melanogaster,central_brain,DL2_ventral,,AVLP569,"Ito et al., 2013","immuno, lineage based",2,0,0,-1,0,0,0,0,0,0,0
adult_drosophila_melanogaster,central_brain,DL2_ventral,,AVLP570,"Ito et al., 2013","immuno, lineage based",2,0,0,-1,0,0,0,0,0,0,0
adult_drosophila_melanogaster,central_brain,VLPp2,,AVLP579,"Ito et al., 2013","immuno, lineage based",2,0,0,-1,0,0,0,0,0,0,0
adult_drosophila_melanogaster,central_brain,AOTUv4_ventral,,"CB.FB3,4D0","Ito et al., 2013","immuno, lineage based",2,0,0,-1,0,0,0,0,0,0,0
adult_drosophila_melanogaster,central_brain,AOTUv4_ventral,,"CB.FB3,4D1","Ito et al., 2013","immuno, lineage based",2,0,0,-1,0,0,0,0,0,0,0
adult_drosophila_melanogaster,central_brain,AOTUv4_ventral,,"CB.FB3,4D2","Ito et al., 2013","immuno, lineage based",2,0,0,-1,0,0,0,0,0,0,0
adult_drosophila_melanogaster,central_brain,AOTUv4_ventral,,"CB.FB3,4D3","Ito et al., 2013","immuno, lineage based",2,0,0,-1,0,0,0,0,0,0,0
adult_drosophila_melanogaster,central_brain,AOTUv4_ventral,,"CB.FB3,4D4","Ito et al., 2013","immuno, lineage based",2,0,0,-1,0,0,0,0,0,0,0
adult_drosophila_melanogaster,central_brain,EBa1,,"CB.FB3,4L0","Ito et al., 2013",immuno,2,0,0,1,0,0,0,0,0,0,0
adult_drosophila_melanogaster,central_brain,EBa1,,"CB.FB3,4L1","Ito et al., 2013",immuno,2,0,0,1,0,0,0,0,0,0,0
adult_drosophila_melanogaster,central_brain,AOTUv4_ventral,,CB.FB5D0,"Ito et al., 2013","immuno, lineage based",2,0,0,-1,0,0,0,0,0,0,0
adult_drosophila_melanogaster,central_brain,AOTUv4_ventral,,CB.FB5D1,"Ito et al., 2013","immuno, lineage based",2,0,0,-1,0,0,0,0,0,0,0
adult_drosophila_melanogaster,central_brain,AOTUv4_ventral,,CB.FB5D10,"Ito et al., 2013","immuno, lineage based",2,0,0,-1,0,0,0,0,0,0,0
adult_drosophila_melanogaster,central_brain,AOTUv4_ventral,,CB.FB5D2,"Ito et al., 2013","immuno, lineage based",2,0,0,-1,0,0,0,0,0,0,0
adult_drosophila_melanogaster,central_brain,AOTUv4_ventral,,CB.FB5D3,"Ito et al., 2013","immuno, lineage based",2,0,0,-1,0,0,0,0,0,0,0
adult_drosophila_melanogaster,central_brain,AOTUv4_ventral,,CB.FB5D4,"Ito et al., 2013","immuno, lineage based",2,0,0,-1,0,0,0,0,0,0,0
adult_drosophila_melanogaster,central_brain,AOTUv4_ventral,,CB.FB5D5,"Ito et al., 2013","immuno, lineage based",2,0,0,-1,0,0,0,0,0,0,0
adult_drosophila_melanogaster,central_brain,AOTUv4_ventral,,CB.FB5D6,"Ito et al., 2013","immuno, lineage based",2,0,0,-1,0,0,0,0,0,0,0
adult_drosophila_melanogaster,central_brain,AOTUv4_ventral,,CB.FB5D7,"Ito et al., 2013","immuno, lineage based",2,0,0,-1,0,0,0,0,0,0,0
adult_drosophila_melanogaster,central_brain,AOTUv4_ventral,,CB.FB5D8,"Ito et al., 2013","immuno, lineage based",2,0,0,-1,0,0,0,0,0,0,0
adult_drosophila_melanogaster,central_brain,AOTUv4_ventral,,CB.FB5D9,"Ito et al., 2013","immuno, lineage based",2,0,0,-1,0,0,0,0,0,0,0
adult_drosophila_melanogaster,central_brain,AOTUv4_ventral,,CB.FB6D0,"Ito et al., 2013","immuno, lineage based",2,0,0,-1,0,0,0,0,0,0,0
adult_drosophila_melanogaster,central_brain,AOTUv4_ventral,,CB.FB6D1,"Ito et al., 2013","immuno, lineage based",2,0,0,-1,0,0,0,0,0,0,0
adult_drosophila_melanogaster,central_brain,AOTUv4_ventral,,CB.FB6D2,"Ito et al., 2013","immuno, lineage based",2,0,0,-1,0,0,0,0,0,0,0
adult_drosophila_melanogaster,central_brain,AOTUv4_ventral,,CB.FB7D0,"Ito et al., 2013","immuno, lineage based",2,0,0,-1,0,0,0,0,0,0,0
adult_drosophila_melanogaster,central_brain,AOTUv4_ventral,,CB.FB7D1,"Ito et al., 2013","immuno, lineage based",2,0,0,-1,0,0,0,0,0,0,0
adult_drosophila_melanogaster,central_brain,AOTUv4_ventral,,CB.FB8D0,"Ito et al., 2013","immuno, lineage based",2,0,0,-1,0,0,0,0,0,0,0
adult_drosophila_melanogaster,central_brain,AOTUv4_ventral,,CB.FB8D1,"Ito et al., 2013","immuno, lineage based",2,0,0,-1,0,0,0,0,0,0,0
adult_drosophila_melanogaster,central_brain,AOTUv4_ventral,,CB.FB8D2,"Ito et al., 2013","immuno, lineage based",2,0,0,-1,0,0,0,0,0,0,0
adult_drosophila_melanogaster,central_brain,AOTUv4_ventral,,CB.FB9D0,"Ito et al., 2013","immuno, lineage based",2,0,0,-1,0,0,0,0,0,0,0
adult_drosophila_melanogaster,central_brain,WEDa1,,CB0027,"Ito et al., 2013",immuno,2,0,0,1,0,0,0,0,0,0,0
adult_drosophila_melanogaster,central_brain,SMPp&v1_posterior,,CB0084,"Ito et al., 2013","immuno, lineage based",2,0,0,-1,0,0,0,0,0,0,0
adult_drosophila_melanogaster,central_brain,PSp3,,CB0151,"Ito et al., 2013","immuno, lineage based",2,0,0,-1,0,0,0,0,0,0,0
adult_drosophila_melanogaster,central_brain,PSp1,,CB0206,"Ito et al., 2013","immuno, lineage based",2,0,0,-1,0,0,0,0,0,0,0
adult_drosophila_melanogaster,central_brain,DM5_central,,CB0220,"Ito et al., 2013","immuno, lineage based",2,0,0,-1,0,0,0,0,0,0,0
adult_drosophila_melanogaster,central_brain,PSp2,,CB0266,"Ito et al., 2013","immuno, lineage based",2,0,0,-1,0,0,0,0,0,0,0
adult_drosophila_melanogaster,central_brain,PSp2,,CB0285,"Ito et al., 2013","immuno, lineage based",2,0,0,-1,0,0,0,0,0,0,0
adult_drosophila_melanogaster,central_brain,AOTUv4_ventral,,CB0294,"Ito et al., 2013","immuno, lineage based",2,0,0,-1,0,0,0,0,0,0,0
adult_drosophila_melanogaster,central_brain,WEDa1,,CB0307,"Ito et al., 2013",immuno,2,0,0,1,0,0,0,0,0,0,0
adult_drosophila_melanogaster,central_brain,PSp2,,CB0324,"Ito et al., 2013","immuno, lineage based",2,0,0,-1,0,0,0,0,0,0,0
adult_drosophila_melanogaster,central_brain,VLPd&p1_posterior,,CB0339,"Ito et al., 2013","immuno, lineage based",2,0,0,-1,0,0,0,0,0,0,0
adult_drosophila_melanogaster,central_brain,VLPp2,,CB0343,"Ito et al., 2013","immuno, lineage based",2,0,0,-1,0,0,0,0,0,0,0
adult_drosophila_melanogaster,central_brain,AOTUv4_dorsal,,CB0361,"Ito et al., 2013","immuno, lineage based",2,0,0,-1,0,0,0,0,0,0,0
adult_drosophila_melanogaster,central_brain,PSp2,,CB0382,"Ito et al., 2013","immuno, lineage based",2,0,0,-1,0,0,0,0,0,0,0
adult_drosophila_melanogaster,central_brain,SMPp&v1_posterior,,CB0386,"Ito et al., 2013","immuno, lineage based",2,0,0,-1,0,0,0,0,0,0,0
adult_drosophila_melanogaster,central_brain,VLPd1,,CB0396,"Ito et al., 2013","immuno, lineage based",2,0,0,-1,0,0,0,0,0,0,0
adult_drosophila_melanogaster,central_brain,SLPad1_anterior,,CB0406,"Ito et al., 2013","immuno, lineage based",2,0,0,-1,0,0,0,0,0,0,0
adult_drosophila_melanogaster,central_brain,ALlv1,,CB0591,"Ito et al., 2013","immuno, lineage based",2,0,0,-1,0,0,0,0,0,0,0
adult_drosophila_melanogaster,central_brain,SMPad1,,CB0710,"Ito et al., 2013","immuno, lineage based",2,0,0,-1,0,0,0,0,0,0,0
adult_drosophila_melanogaster,central_brain,PSp2,,CB0742,"Ito et al., 2013","immuno, lineage based",2,0,0,-1,0,0,0,0,0,0,0
adult_drosophila_melanogaster,central_brain,VLPd&p1_dorsal,,CB0829,"Ito et al., 2013","immuno, lineage based",2,0,0,-1,0,0,0,0,0,0,0
adult_drosophila_melanogaster,central_brain,SLPad1_posterior,,CB0945,"Ito et al., 2013","immuno, lineage based",2,0,0,-1,0,0,0,0,0,0,0
adult_drosophila_melanogaster,central_brain,VPNp1_medial,,CB0952,"Ito et al., 2013","immuno, lineage based",2,0,0,-1,0,0,0,0,0,0,0
adult_drosophila_melanogaster,central_brain,SLPpl1,,CB0965,"Ito et al., 2013","lineage, based",2,0,0,-1,0,0,0,0,0,0,0
adult_drosophila_melanogaster,central_brain,VLPd&p1_posterior,,CB0966,"Ito et al., 2013","immuno, lineage based",2,0,0,-1,0,0,0,0,0,0,0
adult_drosophila_melanogaster,central_brain,SLPad1_anterior,,CB0968,"Ito et al., 2013","immuno, lineage based",2,0,0,-1,0,0,0,0,0,0,0
adult_drosophila_melanogaster,central_brain,SLPal1,,CB0971,"Ito et al., 2013","immuno, lineage based",2,0,0,-1,0,0,0,0,0,0,0
adult_drosophila_melanogaster,central_brain,SLPpm1,,CB0973,"Ito et al., 2013","immuno, lineage based",2,0,0,-1,0,0,0,0,0,0,0
adult_drosophila_melanogaster,central_brain,SLPpm1,,CB0974,"Ito et al., 2013","immuno, lineage based",2,0,0,-1,0,0,0,0,0,0,0
adult_drosophila_melanogaster,central_brain,SMPp&v1_posterior,,CB0976,"Ito et al., 2013","immuno, lineage based",2,0,0,-1,0,0,0,0,0,0,0
adult_drosophila_melanogaster,central_brain,SLPad1_posterior,,CB1006,"Ito et al., 2013","immuno, lineage based",2,0,0,-1,0,0,0,0,0,0,0
adult_drosophila_melanogaster,central_brain,SLPpl1,,CB1011,"Ito et al., 2013","lineage, based",2,0,0,-1,0,0,0,0,0,0,0
adult_drosophila_melanogaster,central_brain,SLPpm1,,CB1015,"Ito et al., 2013","immuno, lineage based",2,0,0,-1,0,0,0,0,0,0,0
adult_drosophila_melanogaster,central_brain,CLp1,,CB1016,"Ito et al., 2013","immuno, lineage based",2,0,0,-1,0,0,0,0,0,0,0
adult_drosophila_melanogaster,central_brain,LHd1,,CB1020,"Ito et al., 2013","immuno, lineage based",2,0,0,-1,0,0,0,0,0,0,0
adult_drosophila_melanogaster,central_brain,SLPpm1,,CB1032,"Ito et al., 2013","immuno, lineage based",2,0,0,-1,0,0,0,0,0,0,0
adult_drosophila_melanogaster,central_brain,LHd1,,CB1033,"Ito et al., 2013","immuno, lineage based",2,0,0,-1,0,0,0,0,0,0,0
adult_drosophila_melanogaster,central_brain,SLPpm1,,CB1035,"Ito et al., 2013","immuno, lineage based",2,0,0,-1,0,0,0,0,0,0,0
adult_drosophila_melanogaster,central_brain,SMPpd1,,CB1051,"Ito et al., 2013","immuno, lineage based",2,0,0,-1,0,0,0,0,0,0,0
adult_drosophila_melanogaster,central_brain,PSp2,,CB1053,"Ito et al., 2013","immuno, lineage based",2,0,0,-1,0,0,0,0,0,0,0
adult_drosophila_melanogaster,central_brain,VLPd&p1_posterior,,CB1060,"Ito et al., 2013","immuno, lineage based",2,0,0,-1,0,0,0,0,0,0,0
adult_drosophila_melanogaster,central_brain,WEDa1,,CB1065,"Ito et al., 2013",immuno,2,0,0,1,0,0,0,0,0,0,0
adult_drosophila_melanogaster,central_brain,AOTUv4_dorsal,,CB1068,"Ito et al., 2013","immuno, lineage based",2,0,0,-1,0,0,0,0,0,0,0
adult_drosophila_melanogaster,central_brain,AOTUv4_dorsal,,CB1080,"Ito et al., 2013","immuno, lineage based",2,0,0,-1,0,0,0,0,0,0,0
adult_drosophila_melanogaster,central_brain,VLPa1_medial,,CB1085,"Ito et al., 2013","immuno, lineage based",2,0,0,-1,0,0,0,0,0,0,0
adult_drosophila_melanogaster,central_brain,VLPa1_medial,,CB1090,"Ito et al., 2013","immuno, lineage based",2,0,0,-1,0,0,0,0,0,0,0
adult_drosophila_melanogaster,central_brain,WEDa1,,CB1098,"Ito et al., 2013",immuno,2,0,0,1,0,0,0,0,0,0,0
adult_drosophila_melanogaster,central_brain,SLPad1_posterior,,CB1126,"Ito et al., 2013","immuno, lineage based",2,0,0,-1,0,0,0,0,0,0,0
adult_drosophila_melanogaster,central_brain,LHd1,,CB1133,"Ito et al., 2013","immuno, lineage based",2,0,0,-1,0,0,0,0,0,0,0
adult_drosophila_melanogaster,central_brain,SLPpm1,,CB1134,"Ito et al., 2013","immuno, lineage based",2,0,0,-1,0,0,0,0,0,0,0
adult_drosophila_melanogaster,central_brain,SLPad1_posterior,,CB1148,"Ito et al., 2013","immuno, lineage based",2,0,0,-1,0,0,0,0,0,0,0
adult_drosophila_melanogaster,central_brain,SLPad1_posterior,,CB1149,"Ito et al., 2013","immuno, lineage based",2,0,0,-1,0,0,0,0,0,0,0
adult_drosophila_melanogaster,central_brain,SLPal1,,CB1150,"Ito et al., 2013","immuno, lineage based",2,0,0,-1,0,0,0,0,0,0,0
adult_drosophila_melanogaster,central_brain,SLPad1_posterior,,CB1151,"Ito et al., 2013","immuno, lineage based",2,0,0,-1,0,0,0,0,0,0,0
adult_drosophila_melanogaster,central_brain,DL2_ventral,,CB1161,"Ito et al., 2013","immuno, lineage based",2,0,0,-1,0,0,0,0,0,0,0
adult_drosophila_melanogaster,central_brain,SLPad1_posterior,,CB1168,"Ito et al., 2013","immuno, lineage based",2,0,0,-1,0,0,0,0,0,0,0
adult_drosophila_melanogaster,central_brain,SLPad1_posterior,,CB1169,"Ito et al., 2013","immuno, lineage based",2,0,0,-1,0,0,0,0,0,0,0
adult_drosophila_melanogaster,central_brain,SLPad1_posterior,,CB1171,"Ito et al., 2013","immuno, lineage based",2,0,0,-1,0,0,0,0,0,0,0
adult_drosophila_melanogaster,central_brain,SLPad1_posterior,,CB1172,"Ito et al., 2013","immuno, lineage based",2,0,0,-1,0,0,0,0,0,0,0
adult_drosophila_melanogaster,central_brain,SLPad1_posterior,,CB1173,"Ito et al., 2013","immuno, lineage based",2,0,0,-1,0,0,0,0,0,0,0
adult_drosophila_melanogaster,central_brain,VLPa1_lateral,,CB1193,"Ito et al., 2013","immuno, lineage based",2,0,0,-1,0,0,0,0,0,0,0
adult_drosophila_melanogaster,central_brain,SLPad1_posterior,,CB1197,"Ito et al., 2013","immuno, lineage based",2,0,0,-1,0,0,0,0,0,0,0
adult_drosophila_melanogaster,central_brain,WEDa1,,CB1198,"Ito et al., 2013",immuno,2,0,0,1,0,0,0,0,0,0,0
adult_drosophila_melanogaster,central_brain,VLPd&p1_posterior,,CB1200,"Ito et al., 2013","immuno, lineage based",2,0,0,-1,0,0,0,0,0,0,0
adult_drosophila_melanogaster,central_brain,VLPa1_lateral,,CB1211,"Ito et al., 2013","immuno, lineage based",2,0,0,-1,0,0,0,0,0,0,0
adult_drosophila_melanogaster,central_brain,LHp1,,CB1219,"Ito et al., 2013","immuno, lineage based",2,0,0,-1,0,0,0,0,0,0,0
adult_drosophila_melanogaster,central_brain,SLPad1_posterior,,CB1220,"Ito et al., 2013","immuno, lineage based",2,0,0,-1,0,0,0,0,0,0,0
adult_drosophila_melanogaster,central_brain,VLPa1_medial,,CB1221,"Ito et al., 2013","immuno, lineage based",2,0,0,-1,0,0,0,0,0,0,0
adult_drosophila_melanogaster,central_brain,PSp2,,CB1222,"Ito et al., 2013","immuno, lineage based",2,0,0,-1,0,0,0,0,0,0,0
adult_drosophila_melanogaster,central_brain,SMPad1,,CB1226,"Ito et al., 2013","immuno, lineage based",2,0,0,-1,0,0,0,0,0,0,0
adult_drosophila_melanogaster,central_brain,WEDa1,,CB1231,"Ito et al., 2013",immuno,2,0,0,1,0,0,0,0,0,0,0
adult_drosophila_melanogaster,central_brain,LHp1,,CB1247,"Ito et al., 2013","immuno, lineage based",2,0,0,-1,0,0,0,0,0,0,0
adult_drosophila_melanogaster,central_brain,VLPa1_medial,,CB1259,"Ito et al., 2013","immuno, lineage based",2,0,0,-1,0,0,0,0,0,0,0
adult_drosophila_melanogaster,central_brain,SMPp&v1_posterior,,CB1262,"Ito et al., 2013","immuno, lineage based",2,0,0,-1,0,0,0,0,0,0,0
adult_drosophila_melanogaster,central_brain,LHd1,,CB1263,"Ito et al., 2013","immuno, lineage based",2,0,0,-1,0,0,0,0,0,0,0
adult_drosophila_melanogaster,central_brain,PSp3,,CB1269,"Ito et al., 2013","immuno, lineage based",2,0,0,-1,0,0,0,0,0,0,0
adult_drosophila_melanogaster,central_brain,SLPpm1,,CB1281,"Ito et al., 2013","immuno, lineage based",2,0,0,-1,0,0,0,0,0,0,0
adult_drosophila_melanogaster,central_brain,DM5_ventral,,CB1282,"Ito et al., 2013","immuno, lineage based",2,0,0,-1,0,0,0,0,0,0,0
adult_drosophila_melanogaster,central_brain,VLPa1_medial,,CB1301,"Ito et al., 2013","immuno, lineage based",2,0,0,-1,0,0,0,0,0,0,0
adult_drosophila_melanogaster,central_brain,WEDa1,,CB1314,"Ito et al., 2013",immuno,2,0,0,1,0,0,0,0,0,0,0
adult_drosophila_melanogaster,central_brain,SLPad1_posterior,,CB1316,"Ito et al., 2013","immuno, lineage based",2,0,0,-1,0,0,0,0,0,0,0
adult_drosophila_melanogaster,central_brain,ALlv1,,CB1321,"Ito et al., 2013","immuno, lineage based",2,0,0,-1,0,0,0,0,0,0,0
adult_drosophila_melanogaster,central_brain,SMPp&v1_ventral,,CB1324,"Ito et al., 2013","immuno, lineage based",2,0,0,-1,0,0,0,0,0,0,0
adult_drosophila_melanogaster,central_brain,SMPp&v1_posterior,,CB1325,"Ito et al., 2013","immuno, lineage based",2,0,0,-1,0,0,0,0,0,0,0
adult_drosophila_melanogaster,central_brain,LHp1,,CB1334,"Ito et al., 2013","immuno, lineage based",2,0,0,-1,0,0,0,0,0,0,0
adult_drosophila_melanogaster,central_brain,SLPpl1,,CB1338,"Ito et al., 2013","lineage, based",2,0,0,-1,0,0,0,0,0,0,0
adult_drosophila_melanogaster,central_brain,DM5_ventral,,CB1339,"Ito et al., 2013","immuno, lineage based",2,0,0,-1,0,0,0,0,0,0,0
adult_drosophila_melanogaster,central_brain,SLPal1,,CB1371,"Ito et al., 2013","immuno, lineage based",2,0,0,-1,0,0,0,0,0,0,0
adult_drosophila_melanogaster,central_brain,VLPp2,,CB1378,"Ito et al., 2013","immuno, lineage based",2,0,0,-1,0,0,0,0,0,0,0
adult_drosophila_melanogaster,central_brain,VLPa1_medial,,CB1382,"Ito et al., 2013","immuno, lineage based",2,0,0,-1,0,0,0,0,0,0,0
adult_drosophila_melanogaster,central_brain,WEDa1,,CB1383,"Ito et al., 2013",immuno,2,0,0,1,0,0,0,0,0,0,0
adult_drosophila_melanogaster,central_brain,SLPal1,,CB1392,"Ito et al., 2013","immuno, lineage based",2,0,0,-1,0,0,0,0,0,0,0
adult_drosophila_melanogaster,central_brain,SLPad1_posterior,,CB1393,"Ito et al., 2013","immuno, lineage based",2,0,0,-1,0,0,0,0,0,0,0
adult_drosophila_melanogaster,central_brain,SMPp&v1_posterior,,CB1396,"Ito et al., 2013","immuno, lineage based",2,0,0,-1,0,0,0,0,0,0,0
adult_drosophila_melanogaster,central_brain,ALlv1,,CB1397,"Ito et al., 2013","immuno, lineage based",2,0,0,-1,0,0,0,0,0,0,0
adult_drosophila_melanogaster,central_brain,LHp1,,CB1405,"Ito et al., 2013","immuno, lineage based",2,0,0,-1,0,0,0,0,0,0,0
adult_drosophila_melanogaster,central_brain,SMPp&v1_posterior,,CB1408,"Ito et al., 2013","immuno, lineage based",2,0,0,-1,0,0,0,0,0,0,0
adult_drosophila_melanogaster,central_brain,VLPp2,,CB1426,"Ito et al., 2013","immuno, lineage based",2,0,0,-1,0,0,0,0,0,0,0
adult_drosophila_melanogaster,central_brain,SMPad1,,CB1436,"Ito et al., 2013","immuno, lineage based",2,0,0,-1,0,0,0,0,0,0,0
adult_drosophila_melanogaster,central_brain,SMPpd1,,CB1445,"Ito et al., 2013","immuno, lineage based",2,0,0,-1,0,0,0,0,0,0,0
adult_drosophila_melanogaster,central_brain,SLPpl1,,CB1449,"Ito et al., 2013","lineage, based",2,0,0,-1,0,0,0,0,0,0,0
adult_drosophila_melanogaster,central_brain,SMPp&v1_posterior,,CB1451,"Ito et al., 2013","immuno, lineage based",2,0,0,-1,0,0,0,0,0,0,0
adult_drosophila_melanogaster,central_brain,SMPad1,,CB1456,"Ito et al., 2013","immuno, lineage based",2,0,0,-1,0,0,0,0,0,0,0
adult_drosophila_melanogaster,central_brain,SLPad1_posterior,,CB1457,"Ito et al., 2013","immuno, lineage based",2,0,0,-1,0,0,0,0,0,0,0
adult_drosophila_melanogaster,central_brain,ALlv1,,CB1461,"Ito et al., 2013","immuno, lineage based",2,0,0,-1,0,0,0,0,0,0,0
adult_drosophila_melanogaster,central_brain,SLPav1_medial,,CB1467,"Ito et al., 2013","lineage, based",2,0,0,-1,0,0,0,0,0,0,0
adult_drosophila_melanogaster,central_brain,PSp3,,CB1468,"Ito et al., 2013","immuno, lineage based",2,0,0,-1,0,0,0,0,0,0,0
adult_drosophila_melanogaster,central_brain,VLPd&p1_dorsal,,CB1499,"Ito et al., 2013","immuno, lineage based",2,0,0,-1,0,0,0,0,0,0,0
adult_drosophila_melanogaster,central_brain,SLPpm1,,CB1501,"Ito et al., 2013","immuno, lineage based",2,0,0,-1,0,0,0,0,0,0,0
adult_drosophila_melanogaster,central_brain,LHp1,,CB1503,"Ito et al., 2013","immuno, lineage based",2,0,0,-1,0,0,0,0,0,0,0
adult_drosophila_melanogaster,central_brain,LHp1,,CB1518,"Ito et al., 2013","immuno, lineage based",2,0,0,-1,0,0,0,0,0,0,0
adult_drosophila_melanogaster,central_brain,VLPd&p1_posterior,,CB1519,"Ito et al., 2013","immuno, lineage based",2,0,0,-1,0,0,0,0,0,0,0
adult_drosophila_melanogaster,central_brain,SLPav1_medial,,CB1524,"Ito et al., 2013","lineage, based",2,0,0,-1,0,0,0,0,0,0,0
adult_drosophila_melanogaster,central_brain,SMPpd1,,CB1529,"Ito et al., 2013","immuno, lineage based",2,0,0,-1,0,0,0,0,0,0,0
adult_drosophila_melanogaster,central_brain,WEDa1,,CB1538,"Ito et al., 2013",immuno,2,0,0,1,0,0,0,0,0,0,0
adult_drosophila_melanogaster,central_brain,DM5_central,,CB1547,"Ito et al., 2013","immuno, lineage based",2,0,0,-1,0,0,0,0,0,0,0
adult_drosophila_melanogaster,central_brain,DM5_central,,CB1550,"Ito et al., 2013","immuno, lineage based",2,0,0,-1,0,0,0,0,0,0,0
adult_drosophila_melanogaster,central_brain,AOTUv4_dorsal,,CB1553,"Ito et al., 2013","immuno, lineage based",2,0,0,-1,0,0,0,0,0,0,0
adult_drosophila_melanogaster,central_brain,DM5_central,,CB1554,"Ito et al., 2013","immuno, lineage based",2,0,0,-1,0,0,0,0,0,0,0
adult_drosophila_melanogaster,central_brain,LHd1,,CB1574,"Ito et al., 2013","immuno, lineage based",2,0,0,-1,0,0,0,0,0,0,0
adult_drosophila_melanogaster,central_brain,LHp1,,CB1577,"Ito et al., 2013","immuno, lineage based",2,0,0,-1,0,0,0,0,0,0,0
adult_drosophila_melanogaster,central_brain,AOTUv4_dorsal,,CB1591,"Ito et al., 2013","immuno, lineage based",2,0,0,-1,0,0,0,0,0,0,0
adult_drosophila_melanogaster,central_brain,SLPal1,,CB1593,"Ito et al., 2013","immuno, lineage based",2,0,0,-1,0,0,0,0,0,0,0
adult_drosophila_melanogaster,central_brain,SMPp&v1_posterior,,CB1603,"Ito et al., 2013","immuno, lineage based",2,0,0,-1,0,0,0,0,0,0,0
adult_drosophila_melanogaster,central_brain,SLPpl1,,CB1610,"Ito et al., 2013","lineage, based",2,0,0,-1,0,0,0,0,0,0,0
adult_drosophila_melanogaster,central_brain,SMPpd1,,CB1627,"Ito et al., 2013","immuno, lineage based",2,0,0,-1,0,0,0,0,0,0,0
adult_drosophila_melanogaster,central_brain,SMPp&v1_posterior,,CB1636,"Ito et al., 2013","immuno, lineage based",2,0,0,-1,0,0,0,0,0,0,0
adult_drosophila_melanogaster,central_brain,VLPp2,,CB1642,"Ito et al., 2013","immuno, lineage based",2,0,0,-1,0,0,0,0,0,0,0
adult_drosophila_melanogaster,central_brain,VLPp2,,CB1649,"Ito et al., 2013","immuno, lineage based",2,0,0,-1,0,0,0,0,0,0,0
adult_drosophila_melanogaster,central_brain,DL2_dorsal,,CB1656,"Ito et al., 2013","immuno, lineage based",2,0,0,-1,0,0,0,0,0,0,0
adult_drosophila_melanogaster,central_brain,SLPpl1,,CB1658,"Ito et al., 2013","lineage, based",2,0,0,-1,0,0,0,0,0,0,0
adult_drosophila_melanogaster,central_brain,LHp1,,CB1661,"Ito et al., 2013","immuno, lineage based",2,0,0,-1,0,0,0,0,0,0,0
adult_drosophila_melanogaster,central_brain,SLPad1_posterior,,CB1683,"Ito et al., 2013","immuno, lineage based",2,0,0,-1,0,0,0,0,0,0,0
adult_drosophila_melanogaster,central_brain,SMPad1,,CB1696,"Ito et al., 2013","immuno, lineage based",2,0,0,-1,0,0,0,0,0,0,0
adult_drosophila_melanogaster,central_brain,SLPad1_posterior,,CB1699,"Ito et al., 2013","immuno, lineage based",2,0,0,-1,0,0,0,0,0,0,0
adult_drosophila_melanogaster,central_brain,SLPpl1,,CB1709,"Ito et al., 2013","lineage, based",2,0,0,-1,0,0,0,0,0,0,0
adult_drosophila_melanogaster,central_brain,SMPpd1,,CB1712,"Ito et al., 2013","immuno, lineage based",2,0,0,-1,0,0,0,0,0,0,0
adult_drosophila_melanogaster,central_brain,LHp1,,CB1726,"Ito et al., 2013","immuno, lineage based",2,0,0,-1,0,0,0,0,0,0,0
adult_drosophila_melanogaster,central_brain,CLp1,,CB1731,"Ito et al., 2013","immuno, lineage based",2,0,0,-1,0,0,0,0,0,0,0
adult_drosophila_melanogaster,central_brain,VLPp2,,CB1734,"Ito et al., 2013","immuno, lineage based",2,0,0,-1,0,0,0,0,0,0,0
adult_drosophila_melanogaster,central_brain,VLPp2,,CB1745,"Ito et al., 2013","immuno, lineage based",2,0,0,-1,0,0,0,0,0,0,0
adult_drosophila_melanogaster,central_brain,LHp1,,CB1755,"Ito et al., 2013","immuno, lineage based",2,0,0,-1,0,0,0,0,0,0,0
adult_drosophila_melanogaster,central_brain,WEDa1,,CB1760,"Ito et al., 2013",immuno,2,0,0,1,0,0,0,0,0,0,0
adult_drosophila_melanogaster,central_brain,SLPpl1,,CB1770,"Ito et al., 2013","lineage, based",2,0,0,-1,0,0,0,0,0,0,0
adult_drosophila_melanogaster,central_brain,SMPp&v1_ventral,,CB1775,"Ito et al., 2013","immuno, lineage based",2,0,0,-1,0,0,0,0,0,0,0
adult_drosophila_melanogaster,central_brain,VLPa1_medial,,CB1783,"Ito et al., 2013","immuno, lineage based",2,0,0,-1,0,0,0,0,0,0,0
adult_drosophila_melanogaster,central_brain,SMPpd1,,CB1784,"Ito et al., 2013","immuno, lineage based",2,0,0,-1,0,0,0,0,0,0,0
adult_drosophila_melanogaster,central_brain,PSp3,,CB1790,"Ito et al., 2013","immuno, lineage based",2,0,0,-1,0,0,0,0,0,0,0
adult_drosophila_melanogaster,central_brain,SLPpl1,,CB1791,"Ito et al., 2013","lineage, based",2,0,0,-1,0,0,0,0,0,0,0
adult_drosophila_melanogaster,central_brain,SMPp&v1_posterior,,CB1808,"Ito et al., 2013","immuno, lineage based",2,0,0,-1,0,0,0,0,0,0,0
adult_drosophila_melanogaster,central_brain,SMPp&v1_posterior,,CB1815,"Ito et al., 2013","immuno, lineage based",2,0,0,-1,0,0,0,0,0,0,0
adult_drosophila_melanogaster,central_brain,SMPp&v1_posterior,,CB1823,"Ito et al., 2013","immuno, lineage based",2,0,0,-1,0,0,0,0,0,0,0
adult_drosophila_melanogaster,central_brain,SLPpm1,,CB1835,"Ito et al., 2013","immuno, lineage based",2,0,0,-1,0,0,0,0,0,0,0
adult_drosophila_melanogaster,central_brain,AOTUv4_dorsal,,CB1841,"Ito et al., 2013","immuno, lineage based",2,0,0,-1,0,0,0,0,0,0,0
adult_drosophila_melanogaster,central_brain,LHp1,,CB1850,"Ito et al., 2013","immuno, lineage based",2,0,0,-1,0,0,0,0,0,0,0
adult_drosophila_melanogaster,central_brain,LHd1,,CB1864,"Ito et al., 2013","immuno, lineage based",2,0,0,-1,0,0,0,0,0,0,0
adult_drosophila_melanogaster,central_brain,SMPp&v1_posterior,,CB1865,"Ito et al., 2013","immuno, lineage based",2,0,0,-1,0,0,0,0,0,0,0
adult_drosophila_melanogaster,central_brain,PSp3,,CB1876,"Ito et al., 2013","immuno, lineage based",2,0,0,-1,0,0,0,0,0,0,0
adult_drosophila_melanogaster,central_brain,SLPpm1,,CB1880,"Ito et al., 2013","immuno, lineage based",2,0,0,-1,0,0,0,0,0,0,0
adult_drosophila_melanogaster,central_brain,AOTUv3_ventral,,CB1892,"Ito et al., 2013","immuno, lineage based",2,0,0,-1,0,0,0,0,0,0,0
adult_drosophila_melanogaster,central_brain,SMPpd1,,CB1895,"Ito et al., 2013","immuno, lineage based",2,0,0,-1,0,0,0,0,0,0,0
adult_drosophila_melanogaster,central_brain,VLPa1_lateral,,CB1906,"Ito et al., 2013","immuno, lineage based",2,0,0,-1,0,0,0,0,0,0,0
adult_drosophila_melanogaster,central_brain,LHd1,,CB1924,"Ito et al., 2013","immuno, lineage based",2,0,0,-1,0,0,0,0,0,0,0
adult_drosophila_melanogaster,central_brain,SMPp&v1_posterior,,CB1926,"Ito et al., 2013","immuno, lineage based",2,0,0,-1,0,0,0,0,0,0,0
adult_drosophila_melanogaster,central_brain,WEDa1,,CB1942,"Ito et al., 2013",immuno,2,0,0,1,0,0,0,0,0,0,0
adult_drosophila_melanogaster,central_brain,SLPpm1,,CB1945,"Ito et al., 2013","immuno, lineage based",2,0,0,-1,0,0,0,0,0,0,0
adult_drosophila_melanogaster,central_brain,WEDa1,,CB1948,"Ito et al., 2013",immuno,2,0,0,1,0,0,0,0,0,0,0
adult_drosophila_melanogaster,central_brain,SLPav1_medial,,CB1950,"Ito et al., 2013","lineage, based",2,0,0,-1,0,0,0,0,0,0,0
adult_drosophila_melanogaster,central_brain,SMPp&v1_posterior,,CB1957,"Ito et al., 2013","immuno, lineage based",2,0,0,-1,0,0,0,0,0,0,0
adult_drosophila_melanogaster,central_brain,PSp1,,CB1958,"Ito et al., 2013","immuno, lineage based",2,0,0,-1,0,0,0,0,0,0,0
adult_drosophila_melanogaster,central_brain,PSp2,,CB1960,"Ito et al., 2013","immuno, lineage based",2,0,0,-1,0,0,0,0,0,0,0
adult_drosophila_melanogaster,central_brain,VPNp1_medial,,CB1961,"Ito et al., 2013","immuno, lineage based",2,0,0,-1,0,0,0,0,0,0,0
adult_drosophila_melanogaster,central_brain,AOTUv4_dorsal,,CB1963,"Ito et al., 2013","immuno, lineage based",2,0,0,-1,0,0,0,0,0,0,0
adult_drosophila_melanogaster,central_brain,WEDa1,,CB1969,"Ito et al., 2013",immuno,2,0,0,1,0,0,0,0,0,0,0
adult_drosophila_melanogaster,central_brain,LHp1,,CB1981,"Ito et al., 2013","immuno, lineage based",2,0,0,-1,0,0,0,0,0,0,0
adult_drosophila_melanogaster,central_brain,ALlv1,,CB1988,"Ito et al., 2013","immuno, lineage based",2,0,0,-1,0,0,0,0,0,0,0
adult_drosophila_melanogaster,central_brain,SLPal1,,CB1991,"Ito et al., 2013","immuno, lineage based",2,0,0,-1,0,0,0,0,0,0,0
adult_drosophila_melanogaster,central_brain,PSp2,,CB2000,"Ito et al., 2013","immuno, lineage based",2,0,0,-1,0,0,0,0,0,0,0
adult_drosophila_melanogaster,central_brain,SLPpl1,,CB2003,"Ito et al., 2013","lineage, based",2,0,0,-1,0,0,0,0,0,0,0
adult_drosophila_melanogaster,central_brain,AOTUv3_ventral,,CB2009,"Ito et al., 2013","immuno, lineage based",2,0,0,-1,0,0,0,0,0,0,0
adult_drosophila_melanogaster,central_brain,LHd1,,CB2019,"Ito et al., 2013","immuno, lineage based",2,0,0,-1,0,0,0,0,0,0,0
adult_drosophila_melanogaster,central_brain,WEDa1,,CB2023,"Ito et al., 2013",immuno,2,0,0,1,0,0,0,0,0,0,0
adult_drosophila_melanogaster,central_brain,LHp1,,CB2026,"Ito et al., 2013","immuno, lineage based",2,0,0,-1,0,0,0,0,0,0,0
adult_drosophila_melanogaster,central_brain,LHp1,,CB2029,"Ito et al., 2013","immuno, lineage based",2,0,0,-1,0,0,0,0,0,0,0
adult_drosophila_melanogaster,central_brain,VLPd&p1_posterior,,CB2031,"Ito et al., 2013","immuno, lineage based",2,0,0,-1,0,0,0,0,0,0,0
adult_drosophila_melanogaster,central_brain,SLPad1_anterior,,CB2032,"Ito et al., 2013","immuno, lineage based",2,0,0,-1,0,0,0,0,0,0,0
adult_drosophila_melanogaster,central_brain,DM5_ventral,,CB2037,"Ito et al., 2013","immuno, lineage based",2,0,0,-1,0,0,0,0,0,0,0
adult_drosophila_melanogaster,central_brain,LHd1,,CB2046,"Ito et al., 2013","immuno, lineage based",2,0,0,-1,0,0,0,0,0,0,0
adult_drosophila_melanogaster,central_brain,SLPav1_medial,,CB2048,"Ito et al., 2013","lineage, based",2,0,0,-1,0,0,0,0,0,0,0
adult_drosophila_melanogaster,central_brain,LHp1,,CB2064,"Ito et al., 2013","immuno, lineage based",2,0,0,-1,0,0,0,0,0,0,0
adult_drosophila_melanogaster,central_brain,VLPa1_medial,,CB2068,"Ito et al., 2013","immuno, lineage based",2,0,0,-1,0,0,0,0,0,0,0
adult_drosophila_melanogaster,central_brain,AOTUv4_dorsal,,CB2070,"Ito et al., 2013","immuno, lineage based",2,0,0,-1,0,0,0,0,0,0,0
adult_drosophila_melanogaster,central_brain,WEDa1,,CB2072,"Ito et al., 2013",immuno,2,0,0,1,0,0,0,0,0,0,0
adult_drosophila_melanogaster,central_brain,SMPp&v1_posterior,,CB2082,"Ito et al., 2013","immuno, lineage based",2,0,0,-1,0,0,0,0,0,0,0
adult_drosophila_melanogaster,central_brain,AOTUv4_dorsal,,CB2088,"Ito et al., 2013","immuno, lineage based",2,0,0,-1,0,0,0,0,0,0,0
adult_drosophila_melanogaster,central_brain,PSp2,,CB2093,"Ito et al., 2013","immuno, lineage based",2,0,0,-1,0,0,0,0,0,0,0
adult_drosophila_melanogaster,central_brain,DM5_central,,CB2094,"Ito et al., 2013","immuno, lineage based",2,0,0,-1,0,0,0,0,0,0,0
adult_drosophila_melanogaster,central_brain,VLPp2,,CB2102,"Ito et al., 2013","immuno, lineage based",2,0,0,-1,0,0,0,0,0,0,0
adult_drosophila_melanogaster,central_brain,LHp1,,CB2111,"Ito et al., 2013","immuno, lineage based",2,0,0,-1,0,0,0,0,0,0,0
adult_drosophila_melanogaster,central_brain,VLPd&p1_posterior,,CB2113,"Ito et al., 2013","immuno, lineage based",2,0,0,-1,0,0,0,0,0,0,0
adult_drosophila_melanogaster,central_brain,SLPad1_posterior,,CB2116,"Ito et al., 2013","immuno, lineage based",2,0,0,-1,0,0,0,0,0,0,0
adult_drosophila_melanogaster,central_brain,LHp1,,CB2135,"Ito et al., 2013","immuno, lineage based",2,0,0,-1,0,0,0,0,0,0,0
adult_drosophila_melanogaster,central_brain,SLPpm1,,CB2145,"Ito et al., 2013","immuno, lineage based",2,0,0,-1,0,0,0,0,0,0,0
adult_drosophila_melanogaster,central_brain,SLPad1_posterior,,CB2146,"Ito et al., 2013","immuno, lineage based",2,0,0,-1,0,0,0,0,0,0,0
adult_drosophila_melanogaster,central_brain,AOTUv4_dorsal,,CB2147,"Ito et al., 2013","immuno, lineage based",2,0,0,-1,0,0,0,0,0,0,0
adult_drosophila_melanogaster,central_brain,ALlv1,,CB2161,"Ito et al., 2013","immuno, lineage based",2,0,0,-1,0,0,0,0,0,0,0
adult_drosophila_melanogaster,central_brain,VLPa1_lateral,,CB2164,"Ito et al., 2013","immuno, lineage based",2,0,0,-1,0,0,0,0,0,0,0
adult_drosophila_melanogaster,central_brain,VLPa1_lateral,,CB2171,"Ito et al., 2013","immuno, lineage based",2,0,0,-1,0,0,0,0,0,0,0
adult_drosophila_melanogaster,central_brain,PSp3,,CB2173,"Ito et al., 2013","immuno, lineage based",2,0,0,-1,0,0,0,0,0,0,0
adult_drosophila_melanogaster,central_brain,LHd1,,CB2174,"Ito et al., 2013","immuno, lineage based",2,0,0,-1,0,0,0,0,0,0,0
adult_drosophila_melanogaster,central_brain,LHd1,,CB2184,"Ito et al., 2013","immuno, lineage based",2,0,0,-1,0,0,0,0,0,0,0
adult_drosophila_melanogaster,central_brain,SLPad1_posterior,,CB2194,"Ito et al., 2013","immuno, lineage based",2,0,0,-1,0,0,0,0,0,0,0
adult_drosophila_melanogaster,central_brain,SLPpl1,,CB2196,"Ito et al., 2013","lineage, based",2,0,0,-1,0,0,0,0,0,0,0
adult_drosophila_melanogaster,central_brain,PSp3,,CB2200,"Ito et al., 2013","immuno, lineage based",2,0,0,-1,0,0,0,0,0,0,0
adult_drosophila_melanogaster,central_brain,LHp1,,CB2211,"Ito et al., 2013","immuno, lineage based",2,0,0,-1,0,0,0,0,0,0,0
adult_drosophila_melanogaster,central_brain,AOTUv4_dorsal,,CB2217,"Ito et al., 2013","immuno, lineage based",2,0,0,-1,0,0,0,0,0,0,0
adult_drosophila_melanogaster,central_brain,WEDa1,,CB2228,"Ito et al., 2013",immuno,2,0,0,1,0,0,0,0,0,0,0
adult_drosophila_melanogaster,central_brain,WEDa1,,CB2238,"Ito et al., 2013",immuno,2,0,0,1,0,0,0,0,0,0,0
adult_drosophila_melanogaster,central_brain,LHp1,,CB2243,"Ito et al., 2013","immuno, lineage based",2,0,0,-1,0,0,0,0,0,0,0
adult_drosophila_melanogaster,central_brain,SLPad1_posterior,,CB2244,"Ito et al., 2013","immuno, lineage based",2,0,0,-1,0,0,0,0,0,0,0
adult_drosophila_melanogaster,central_brain,VLPa1_medial,,CB2248,"Ito et al., 2013","immuno, lineage based",2,0,0,-1,0,0,0,0,0,0,0
adult_drosophila_melanogaster,central_brain,PSp2,,CB2270,"Ito et al., 2013","immuno, lineage based",2,0,0,-1,0,0,0,0,0,0,0
adult_drosophila_melanogaster,central_brain,VLPp2,,CB2271,"Ito et al., 2013","immuno, lineage based",2,0,0,-1,0,0,0,0,0,0,0
adult_drosophila_melanogaster,central_brain,SLPal1,,CB2273,"Ito et al., 2013","immuno, lineage based",2,0,0,-1,0,0,0,0,0,0,0
adult_drosophila_melanogaster,central_brain,LHd1,,CB2279,"Ito et al., 2013","immuno, lineage based",2,0,0,-1,0,0,0,0,0,0,0
adult_drosophila_melanogaster,central_brain,SLPad1_posterior,,CB2283,"Ito et al., 2013","immuno, lineage based",2,0,0,-1,0,0,0,0,0,0,0
adult_drosophila_melanogaster,central_brain,SLPad1_anterior,,CB2285,"Ito et al., 2013","immuno, lineage based",2,0,0,-1,0,0,0,0,0,0,0
adult_drosophila_melanogaster,central_brain,LHp1,,CB2290,"Ito et al., 2013","immuno, lineage based",2,0,0,-1,0,0,0,0,0,0,0
adult_drosophila_melanogaster,central_brain,SLPpl1,,CB2298,"Ito et al., 2013","lineage, based",2,0,0,-1,0,0,0,0,0,0,0
adult_drosophila_melanogaster,central_brain,CLp1,,CB2300,"Ito et al., 2013","immuno, lineage based",2,0,0,-1,0,0,0,0,0,0,0
adult_drosophila_melanogaster,central_brain,SLPav1_medial,,CB2311,"Ito et al., 2013","lineage, based",2,0,0,-1,0,0,0,0,0,0,0
adult_drosophila_melanogaster,central_brain,SMPad1,,CB2317,"Ito et al., 2013","immuno, lineage based",2,0,0,-1,0,0,0,0,0,0,0
adult_drosophila_melanogaster,central_brain,PSp3,,CB2319,"Ito et al., 2013","immuno, lineage based",2,0,0,-1,0,0,0,0,0,0,0
adult_drosophila_melanogaster,central_brain,SLPal1,,CB2335,"Ito et al., 2013","immuno, lineage based",2,0,0,-1,0,0,0,0,0,0,0
adult_drosophila_melanogaster,central_brain,PSa1,,CB2338,"Ito et al., 2013",immuno,2,0,0,1,0,0,0,0,0,0,0
adult_drosophila_melanogaster,central_brain,PSp2,,CB2347,"Ito et al., 2013","immuno, lineage based",2,0,0,-1,0,0,0,0,0,0,0
adult_drosophila_melanogaster,central_brain,VLPp2,,CB2352,"Ito et al., 2013","immuno, lineage based",2,0,0,-1,0,0,0,0,0,0,0
adult_drosophila_melanogaster,central_brain,PSp3,,CB2354,"Ito et al., 2013","immuno, lineage based",2,0,0,-1,0,0,0,0,0,0,0
adult_drosophila_melanogaster,central_brain,SLPal1,,CB2358,"Ito et al., 2013","immuno, lineage based",2,0,0,-1,0,0,0,0,0,0,0
adult_drosophila_melanogaster,central_brain,PSp2,,CB2366,"Ito et al., 2013","immuno, lineage based",2,0,0,-1,0,0,0,0,0,0,0
adult_drosophila_melanogaster,central_brain,DL2_ventral,,CB2375,"Ito et al., 2013","immuno, lineage based",2,0,0,-1,0,0,0,0,0,0,0
adult_drosophila_melanogaster,central_brain,VLPa1_medial,,CB2376,"Ito et al., 2013","immuno, lineage based",2,0,0,-1,0,0,0,0,0,0,0
adult_drosophila_melanogaster,central_brain,ALlv1,,CB2388,"Ito et al., 2013","immuno, lineage based",2,0,0,-1,0,0,0,0,0,0,0
adult_drosophila_melanogaster,central_brain,DM5_ventral,,CB2397,"Ito et al., 2013","immuno, lineage based",2,0,0,-1,0,0,0,0,0,0,0
adult_drosophila_melanogaster,central_brain,VLPd&p1_posterior,,CB2398,"Ito et al., 2013","immuno, lineage based",2,0,0,-1,0,0,0,0,0,0,0
adult_drosophila_melanogaster,central_brain,SMPp&v1_posterior,,CB2401,"Ito et al., 2013","immuno, lineage based",2,0,0,-1,0,0,0,0,0,0,0
adult_drosophila_melanogaster,central_brain,SLPav1_medial,,CB2419,"Ito et al., 2013","lineage, based",2,0,0,-1,0,0,0,0,0,0,0
adult_drosophila_melanogaster,central_brain,SLPal1,,CB2421,"Ito et al., 2013","immuno, lineage based",2,0,0,-1,0,0,0,0,0,0,0
adult_drosophila_melanogaster,central_brain,VLPa1_lateral,,CB2424,"Ito et al., 2013","immuno, lineage based",2,0,0,-1,0,0,0,0,0,0,0
adult_drosophila_melanogaster,central_brain,SLPav1_medial,,CB2436,"Ito et al., 2013","lineage, based",2,0,0,-1,0,0,0,0,0,0,0
adult_drosophila_melanogaster,central_brain,SLPpl1,,CB2438,"Ito et al., 2013","lineage, based",2,0,0,-1,0,0,0,0,0,0,0
adult_drosophila_melanogaster,central_brain,PSp3,,CB2439,"Ito et al., 2013","immuno, lineage based",2,0,0,-1,0,0,0,0,0,0,0
adult_drosophila_melanogaster,central_brain,SMPp&v1_posterior,,CB2451,"Ito et al., 2013","immuno, lineage based",2,0,0,-1,0,0,0,0,0,0,0
adult_drosophila_melanogaster,central_brain,ALlv1,,CB2465,"Ito et al., 2013","immuno, lineage based",2,0,0,-1,0,0,0,0,0,0,0
adult_drosophila_melanogaster,central_brain,LHp1,,CB2482,"Ito et al., 2013","immuno, lineage based",2,0,0,-1,0,0,0,0,0,0,0
adult_drosophila_melanogaster,central_brain,SMPp&v1_posterior,,CB2500,"Ito et al., 2013","immuno, lineage based",2,0,0,-1,0,0,0,0,0,0,0
adult_drosophila_melanogaster,central_brain,PSp3,,CB2502,"Ito et al., 2013","immuno, lineage based",2,0,0,-1,0,0,0,0,0,0,0
adult_drosophila_melanogaster,central_brain,DL2_dorsal,,CB2524,"Ito et al., 2013","immuno, lineage based",2,0,0,-1,0,0,0,0,0,0,0
adult_drosophila_melanogaster,central_brain,SLPpl1,,CB2529,"Ito et al., 2013","lineage, based",2,0,0,-1,0,0,0,0,0,0,0
adult_drosophila_melanogaster,central_brain,VLPd&p1_posterior,,CB2549,"Ito et al., 2013","immuno, lineage based",2,0,0,-1,0,0,0,0,0,0,0
adult_drosophila_melanogaster,central_brain,AOTUv4_dorsal,,CB2550,"Ito et al., 2013","immuno, lineage based",2,0,0,-1,0,0,0,0,0,0,0
adult_drosophila_melanogaster,central_brain,LHd1,,CB2552,"Ito et al., 2013","immuno, lineage based",2,0,0,-1,0,0,0,0,0,0,0
adult_drosophila_melanogaster,central_brain,DL2_dorsal,,CB2559,"Ito et al., 2013","immuno, lineage based",2,0,0,-1,0,0,0,0,0,0,0
adult_drosophila_melanogaster,central_brain,SLPad1_anterior,,CB2560,"Ito et al., 2013","immuno, lineage based",2,0,0,-1,0,0,0,0,0,0,0
adult_drosophila_melanogaster,central_brain,SLPpl1,,CB2568,"Ito et al., 2013","lineage, based",2,0,0,-1,0,0,0,0,0,0,0
adult_drosophila_melanogaster,central_brain,SMPpd1,,CB2572,"Ito et al., 2013","immuno, lineage based",2,0,0,-1,0,0,0,0,0,0,0
adult_drosophila_melanogaster,central_brain,CLp1,,CB2582,"Ito et al., 2013","immuno, lineage based",2,0,0,-1,0,0,0,0,0,0,0
adult_drosophila_melanogaster,central_brain,SLPad1_posterior,,CB2584,"Ito et al., 2013","immuno, lineage based",2,0,0,-1,0,0,0,0,0,0,0
adult_drosophila_melanogaster,central_brain,SLPpl1,,CB2587,"Ito et al., 2013","lineage, based",2,0,0,-1,0,0,0,0,0,0,0
adult_drosophila_melanogaster,central_brain,VLPp2,,CB2591,"Ito et al., 2013","immuno, lineage based",2,0,0,-1,0,0,0,0,0,0,0
adult_drosophila_melanogaster,central_brain,SLPad1_anterior,,CB2598,"Ito et al., 2013","immuno, lineage based",2,0,0,-1,0,0,0,0,0,0,0
adult_drosophila_melanogaster,central_brain,SMPad1,,CB2628,"Ito et al., 2013","immuno, lineage based",2,0,0,-1,0,0,0,0,0,0,0
adult_drosophila_melanogaster,central_brain,SLPad1_anterior,,CB2656,"Ito et al., 2013","immuno, lineage based",2,0,0,-1,0,0,0,0,0,0,0
adult_drosophila_melanogaster,central_brain,SMPp&v1_posterior,,CB2671,"Ito et al., 2013","immuno, lineage based",2,0,0,-1,0,0,0,0,0,0,0
adult_drosophila_melanogaster,central_brain,LHp1,,CB2692,"Ito et al., 2013","immuno, lineage based",2,0,0,-1,0,0,0,0,0,0,0
adult_drosophila_melanogaster,central_brain,CLp1,,CB2696,"Ito et al., 2013","immuno, lineage based",2,0,0,-1,0,0,0,0,0,0,0
adult_drosophila_melanogaster,central_brain,PSp2,,CB2698,"Ito et al., 2013","immuno, lineage based",2,0,0,-1,0,0,0,0,0,0,0
adult_drosophila_melanogaster,central_brain,LHp1,,CB2707,"Ito et al., 2013","immuno, lineage based",2,0,0,-1,0,0,0,0,0,0,0
adult_drosophila_melanogaster,central_brain,PSp3,,CB2708,"Ito et al., 2013","immuno, lineage based",2,0,0,-1,0,0,0,0,0,0,0
adult_drosophila_melanogaster,central_brain,VLPp2,,CB2712,"Ito et al., 2013","immuno, lineage based",2,0,0,-1,0,0,0,0,0,0,0
adult_drosophila_melanogaster,central_brain,SMPpd1,,CB2720,"Ito et al., 2013","immuno, lineage based",2,0,0,-1,0,0,0,0,0,0,0
adult_drosophila_melanogaster,central_brain,LHp1,,CB2725,"Ito et al., 2013","immuno, lineage based",2,0,0,-1,0,0,0,0,0,0,0
adult_drosophila_melanogaster,central_brain,LHp1,,CB2733,"Ito et al., 2013","immuno, lineage based",2,0,0,-1,0,0,0,0,0,0,0
adult_drosophila_melanogaster,central_brain,SLPad1_posterior,,CB2736,"Ito et al., 2013","immuno, lineage based",2,0,0,-1,0,0,0,0,0,0,0
adult_drosophila_melanogaster,central_brain,PSp3,,CB2737,"Ito et al., 2013","immuno, lineage based",2,0,0,-1,0,0,0,0,0,0,0
adult_drosophila_melanogaster,central_brain,PSp3,,CB2752,"Ito et al., 2013","immuno, lineage based",2,0,0,-1,0,0,0,0,0,0,0
adult_drosophila_melanogaster,central_brain,SMPpd1,,CB2754,"Ito et al., 2013","immuno, lineage based",2,0,0,-1,0,0,0,0,0,0,0
adult_drosophila_melanogaster,central_brain,LHp1,,CB2767,"Ito et al., 2013","immuno, lineage based",2,0,0,-1,0,0,0,0,0,0,0
adult_drosophila_melanogaster,central_brain,LHp1,,CB2782,"Ito et al., 2013","immuno, lineage based",2,0,0,-1,0,0,0,0,0,0,0
adult_drosophila_melanogaster,central_brain,LHp1,,CB2786,"Ito et al., 2013","immuno, lineage based",2,0,0,-1,0,0,0,0,0,0,0
adult_drosophila_melanogaster,central_brain,VLPd&p1_posterior,,CB2787,"Ito et al., 2013","immuno, lineage based",2,0,0,-1,0,0,0,0,0,0,0
adult_drosophila_melanogaster,central_brain,LHp1,,CB2790,"Ito et al., 2013","immuno, lineage based",2,0,0,-1,0,0,0,0,0,0,0
adult_drosophila_melanogaster,central_brain,VPNp1_medial,,CB2796,"Ito et al., 2013","immuno, lineage based",2,0,0,-1,0,0,0,0,0,0,0
adult_drosophila_melanogaster,central_brain,PSp2,,CB2800,"Ito et al., 2013","immuno, lineage based",2,0,0,-1,0,0,0,0,0,0,0
adult_drosophila_melanogaster,central_brain,DM5_ventral,,CB2806,"Ito et al., 2013","immuno, lineage based",2,0,0,-1,0,0,0,0,0,0,0
adult_drosophila_melanogaster,central_brain,SMPp&v1_posterior,,CB2808,"Ito et al., 2013","immuno, lineage based",2,0,0,-1,0,0,0,0,0,0,0
adult_drosophila_melanogaster,central_brain,SMPp&v1_posterior,,CB2809,"Ito et al., 2013","immuno, lineage based",2,0,0,-1,0,0,0,0,0,0,0
adult_drosophila_melanogaster,central_brain,LHp1,,CB2813,"Ito et al., 2013","immuno, lineage based",2,0,0,-1,0,0,0,0,0,0,0
adult_drosophila_melanogaster,central_brain,SMPp&v1_posterior,,CB2816,"Ito et al., 2013","immuno, lineage based",2,0,0,-1,0,0,0,0,0,0,0
adult_drosophila_melanogaster,central_brain,PSp3,,CB2817,"Ito et al., 2013","immuno, lineage based",2,0,0,-1,0,0,0,0,0,0,0
adult_drosophila_melanogaster,central_brain,SLPad1_posterior,,CB2819,"Ito et al., 2013","immuno, lineage based",2,0,0,-1,0,0,0,0,0,0,0
adult_drosophila_melanogaster,central_brain,WEDa1,,CB2824,"Ito et al., 2013",immuno,2,0,0,1,0,0,0,0,0,0,0
adult_drosophila_melanogaster,central_brain,DM5_ventral,,CB2826,"Ito et al., 2013","immuno, lineage based",2,0,0,-1,0,0,0,0,0,0,0
adult_drosophila_melanogaster,central_brain,DL2_ventral,,CB2827,"Ito et al., 2013","immuno, lineage based",2,0,0,-1,0,0,0,0,0,0,0
adult_drosophila_melanogaster,central_brain,VPNp1_medial,,CB2833,"Ito et al., 2013","immuno, lineage based",2,0,0,-1,0,0,0,0,0,0,0
adult_drosophila_melanogaster,central_brain,PSp3,,CB2836,"Ito et al., 2013","immuno, lineage based",2,0,0,-1,0,0,0,0,0,0,0
adult_drosophila_melanogaster,central_brain,VLPd1,,CB2840,"Ito et al., 2013","immuno, lineage based",2,0,0,-1,0,0,0,0,0,0,0
adult_drosophila_melanogaster,central_brain,VLPd&p1_posterior,,CB2842,"Ito et al., 2013","immuno, lineage based",2,0,0,-1,0,0,0,0,0,0,0
adult_drosophila_melanogaster,central_brain,SLPpl1,,CB2843,"Ito et al., 2013","lineage, based",2,0,0,-1,0,0,0,0,0,0,0
adult_drosophila_melanogaster,central_brain,SMPpd1,,CB2844,"Ito et al., 2013","immuno, lineage based",2,0,0,-1,0,0,0,0,0,0,0
adult_drosophila_melanogaster,central_brain,VLPd&p1_posterior,,CB2848,"Ito et al., 2013","immuno, lineage based",2,0,0,-1,0,0,0,0,0,0,0
adult_drosophila_melanogaster,central_brain,SLPpm1,,CB2850,"Ito et al., 2013","immuno, lineage based",2,0,0,-1,0,0,0,0,0,0,0
adult_drosophila_melanogaster,central_brain,PSp3,,CB2867,"Ito et al., 2013","immuno, lineage based",2,0,0,-1,0,0,0,0,0,0,0
adult_drosophila_melanogaster,central_brain,SMPp&v1_posterior,,CB2885,"Ito et al., 2013","immuno, lineage based",2,0,0,-1,0,0,0,0,0,0,0
adult_drosophila_melanogaster,central_brain,SLPpl1,,CB2888,"Ito et al., 2013","lineage, based",2,0,0,-1,0,0,0,0,0,0,0
adult_drosophila_melanogaster,central_brain,LHd1,,CB2892,"Ito et al., 2013","immuno, lineage based",2,0,0,-1,0,0,0,0,0,0,0
adult_drosophila_melanogaster,central_brain,PSp3,,CB2896,"Ito et al., 2013","immuno, lineage based",2,0,0,-1,0,0,0,0,0,0,0
adult_drosophila_melanogaster,central_brain,PSp3,,CB2897,"Ito et al., 2013","immuno, lineage based",2,0,0,-1,0,0,0,0,0,0,0
adult_drosophila_melanogaster,central_brain,SLPpl1,,CB2901,"Ito et al., 2013","lineage, based",2,0,0,-1,0,0,0,0,0,0,0
adult_drosophila_melanogaster,central_brain,LHp1,,CB2904,"Ito et al., 2013","immuno, lineage based",2,0,0,-1,0,0,0,0,0,0,0
adult_drosophila_melanogaster,central_brain,DL2_dorsal,,CB2910,"Ito et al., 2013","immuno, lineage based",2,0,0,-1,0,0,0,0,0,0,0
adult_drosophila_melanogaster,central_brain,VLPp2,,CB2917,"Ito et al., 2013","immuno, lineage based",2,0,0,-1,0,0,0,0,0,0,0
adult_drosophila_melanogaster,central_brain,SLPad1_posterior,,CB2929,"Ito et al., 2013","immuno, lineage based",2,0,0,-1,0,0,0,0,0,0,0
adult_drosophila_melanogaster,central_brain,SLPad1_posterior,,CB2932,"Ito et al., 2013","immuno, lineage based",2,0,0,-1,0,0,0,0,0,0,0
adult_drosophila_melanogaster,central_brain,DM5_ventral,,CB2933,"Ito et al., 2013","immuno, lineage based",2,0,0,-1,0,0,0,0,0,0,0
adult_drosophila_melanogaster,central_brain,LHd1,,CB2934,"Ito et al., 2013","immuno, lineage based",2,0,0,-1,0,0,0,0,0,0,0
adult_drosophila_melanogaster,central_brain,SLPad1_posterior,,CB2937,"Ito et al., 2013","immuno, lineage based",2,0,0,-1,0,0,0,0,0,0,0
adult_drosophila_melanogaster,central_brain,SLPad1_posterior,,CB2945,"Ito et al., 2013","immuno, lineage based",2,0,0,-1,0,0,0,0,0,0,0
adult_drosophila_melanogaster,central_brain,PSp1,,CB2953,"Ito et al., 2013","immuno, lineage based",2,0,0,-1,0,0,0,0,0,0,0
adult_drosophila_melanogaster,central_brain,SMPp&v1_posterior,,CB2954,"Ito et al., 2013","immuno, lineage based",2,0,0,-1,0,0,0,0,0,0,0
adult_drosophila_melanogaster,central_brain,DL2_dorsal,,CB2960,"Ito et al., 2013","immuno, lineage based",2,0,0,-1,0,0,0,0,0,0,0
adult_drosophila_melanogaster,central_brain,SLPpl1,,CB2961,"Ito et al., 2013","lineage, based",2,0,0,-1,0,0,0,0,0,0,0
adult_drosophila_melanogaster,central_brain,SMPp&v1_posterior,,CB2967,"Ito et al., 2013","immuno, lineage based",2,0,0,-1,0,0,0,0,0,0,0
adult_drosophila_melanogaster,central_brain,AOTUv4_dorsal,,CB2974,"Ito et al., 2013","immuno, lineage based",2,0,0,-1,0,0,0,0,0,0,0
adult_drosophila_melanogaster,central_brain,PSp3,,CB2975,"Ito et al., 2013","immuno, lineage based",2,0,0,-1,0,0,0,0,0,0,0
adult_drosophila_melanogaster,central_brain,VLPd&p1_posterior,,CB2977,"Ito et al., 2013","immuno, lineage based",2,0,0,-1,0,0,0,0,0,0,0
adult_drosophila_melanogaster,central_brain,DL2_dorsal,,CB2979,"Ito et al., 2013","immuno, lineage based",2,0,0,-1,0,0,0,0,0,0,0
adult_drosophila_melanogaster,central_brain,LHd1,,CB2980,"Ito et al., 2013","immuno, lineage based",2,0,0,-1,0,0,0,0,0,0,0
adult_drosophila_melanogaster,central_brain,AOTUv4_dorsal,,CB2981,"Ito et al., 2013","immuno, lineage based",2,0,0,-1,0,0,0,0,0,0,0
adult_drosophila_melanogaster,central_brain,DM5_central,,CB2985,"Ito et al., 2013","immuno, lineage based",2,0,0,-1,0,0,0,0,0,0,0
adult_drosophila_melanogaster,central_brain,DL2_dorsal,,CB2987,"Ito et al., 2013","immuno, lineage based",2,0,0,-1,0,0,0,0,0,0,0
adult_drosophila_melanogaster,central_brain,SMPp&v1_posterior,,CB2988,"Ito et al., 2013","immuno, lineage based",2,0,0,-1,0,0,0,0,0,0,0
adult_drosophila_melanogaster,central_brain,SLPpl1,,CB2989,"Ito et al., 2013","lineage, based",2,0,0,-1,0,0,0,0,0,0,0
adult_drosophila_melanogaster,central_brain,VLPp2,,CB2997,"Ito et al., 2013","immuno, lineage based",2,0,0,-1,0,0,0,0,0,0,0
adult_drosophila_melanogaster,central_brain,SLPav1_medial,,CB3001,"Ito et al., 2013","lineage, based",2,0,0,-1,0,0,0,0,0,0,0
adult_drosophila_melanogaster,central_brain,SMPp&v1_posterior,,CB3003,"Ito et al., 2013","immuno, lineage based",2,0,0,-1,0,0,0,0,0,0,0
adult_drosophila_melanogaster,central_brain,VLPd&p1_posterior,,CB3009,"Ito et al., 2013","immuno, lineage based",2,0,0,-1,0,0,0,0,0,0,0
adult_drosophila_melanogaster,central_brain,DM5_central,,CB3010,"Ito et al., 2013","immuno, lineage based",2,0,0,-1,0,0,0,0,0,0,0
adult_drosophila_melanogaster,central_brain,LHp1,,CB3012,"Ito et al., 2013","immuno, lineage based",2,0,0,-1,0,0,0,0,0,0,0
adult_drosophila_melanogaster,central_brain,PSp3,,CB3015,"Ito et al., 2013","immuno, lineage based",2,0,0,-1,0,0,0,0,0,0,0
adult_drosophila_melanogaster,central_brain,SMPp&v1_posterior,,CB3018,"Ito et al., 2013","immuno, lineage based",2,0,0,-1,0,0,0,0,0,0,0
adult_drosophila_melanogaster,central_brain,VLPd&p1_dorsal,,CB3020,"Ito et al., 2013","immuno, lineage based",2,0,0,-1,0,0,0,0,0,0,0
adult_drosophila_melanogaster,central_brain,WEDa1,,CB3024,"Ito et al., 2013",immuno,2,0,0,1,0,0,0,0,0,0,0
adult_drosophila_melanogaster,central_brain,SLPpm1,,CB3025,"Ito et al., 2013","immuno, lineage based",2,0,0,-1,0,0,0,0,0,0,0
adult_drosophila_melanogaster,central_brain,AOTUv4_dorsal,,CB3026,"Ito et al., 2013","immuno, lineage based",2,0,0,-1,0,0,0,0,0,0,0
adult_drosophila_melanogaster,central_brain,SLPpm1,,CB3038,"Ito et al., 2013","immuno, lineage based",2,0,0,-1,0,0,0,0,0,0,0
adult_drosophila_melanogaster,central_brain,LHd1,,CB3048,"Ito et al., 2013","immuno, lineage based",2,0,0,-1,0,0,0,0,0,0,0
adult_drosophila_melanogaster,central_brain,SLPad1_anterior,,CB3049,"Ito et al., 2013","immuno, lineage based",2,0,0,-1,0,0,0,0,0,0,0
adult_drosophila_melanogaster,central_brain,SLPad1_posterior,,CB3056,"Ito et al., 2013","immuno, lineage based",2,0,0,-1,0,0,0,0,0,0,0
adult_drosophila_melanogaster,central_brain,LHd1,,CB3059,"Ito et al., 2013","immuno, lineage based",2,0,0,-1,0,0,0,0,0,0,0
adult_drosophila_melanogaster,central_brain,VLPd&p1_posterior,,CB3060,"Ito et al., 2013","immuno, lineage based",2,0,0,-1,0,0,0,0,0,0,0
adult_drosophila_melanogaster,central_brain,WEDa1,,CB3064,"Ito et al., 2013",immuno,2,0,0,1,0,0,0,0,0,0,0
adult_drosophila_melanogaster,central_brain,VLPp2,,CB3066,"Ito et al., 2013","immuno, lineage based",2,0,0,-1,0,0,0,0,0,0,0
adult_drosophila_melanogaster,central_brain,LHp1,,CB3073,"Ito et al., 2013","immuno, lineage based",2,0,0,-1,0,0,0,0,0,0,0
adult_drosophila_melanogaster,central_brain,SMPpd1,,CB3093,"Ito et al., 2013","immuno, lineage based",2,0,0,-1,0,0,0,0,0,0,0
adult_drosophila_melanogaster,central_brain,SLPpl1,,CB3095,"Ito et al., 2013","lineage, based",2,0,0,-1,0,0,0,0,0,0,0
adult_drosophila_melanogaster,central_brain,DM5_central,,CB3098,"Ito et al., 2013","immuno, lineage based",2,0,0,-1,0,0,0,0,0,0,0
adult_drosophila_melanogaster,central_brain,WEDa1,,CB3105,"Ito et al., 2013",immuno,2,0,0,1,0,0,0,0,0,0,0
adult_drosophila_melanogaster,central_brain,VLPd&p1_posterior,,CB3110,"Ito et al., 2013","immuno, lineage based",2,0,0,-1,0,0,0,0,0,0,0
adult_drosophila_melanogaster,central_brain,SMPpd1,,CB3112,"Ito et al., 2013","immuno, lineage based",2,0,0,-1,0,0,0,0,0,0,0
adult_drosophila_melanogaster,central_brain,VLPp2,,CB3114,"Ito et al., 2013","immuno, lineage based",2,0,0,-1,0,0,0,0,0,0,0
adult_drosophila_melanogaster,central_brain,SLPpl1,,CB3118,"Ito et al., 2013","lineage, based",2,0,0,-1,0,0,0,0,0,0,0
adult_drosophila_melanogaster,central_brain,LHd1,,CB3124,"Ito et al., 2013","immuno, lineage based",2,0,0,-1,0,0,0,0,0,0,0
adult_drosophila_melanogaster,central_brain,AOTUv4_dorsal,,CB3127,"Ito et al., 2013","immuno, lineage based",2,0,0,-1,0,0,0,0,0,0,0
adult_drosophila_melanogaster,central_brain,SLPad1_anterior,,CB3130,"Ito et al., 2013","immuno, lineage based",2,0,0,-1,0,0,0,0,0,0,0
adult_drosophila_melanogaster,central_brain,LHp1,,CB3131,"Ito et al., 2013","immuno, lineage based",2,0,0,-1,0,0,0,0,0,0,0
adult_drosophila_melanogaster,central_brain,DL2_dorsal,,CB3138,"Ito et al., 2013","immuno, lineage based",2,0,0,-1,0,0,0,0,0,0,0
adult_drosophila_melanogaster,central_brain,SLPad1_anterior,,CB3142,"Ito et al., 2013","immuno, lineage based",2,0,0,-1,0,0,0,0,0,0,0
adult_drosophila_melanogaster,central_brain,SLPal1,,CB3145,"Ito et al., 2013","immuno, lineage based",2,0,0,-1,0,0,0,0,0,0,0
adult_drosophila_melanogaster,central_brain,VLPd&p1_posterior,,CB3147,"Ito et al., 2013","immuno, lineage based",2,0,0,-1,0,0,0,0,0,0,0
adult_drosophila_melanogaster,central_brain,VLPd&p1_posterior,,CB3154,"Ito et al., 2013","immuno, lineage based",2,0,0,-1,0,0,0,0,0,0,0
adult_drosophila_melanogaster,central_brain,VLPp2,,CB3164,"Ito et al., 2013","immuno, lineage based",2,0,0,-1,0,0,0,0,0,0,0
adult_drosophila_melanogaster,central_brain,SLPpl1,,CB3169,"Ito et al., 2013","lineage, based",2,0,0,-1,0,0,0,0,0,0,0
adult_drosophila_melanogaster,central_brain,SLPad1_anterior,,CB3179,"Ito et al., 2013","immuno, lineage based",2,0,0,-1,0,0,0,0,0,0,0
adult_drosophila_melanogaster,central_brain,SLPpl1,,CB3181,"Ito et al., 2013","lineage, based",2,0,0,-1,0,0,0,0,0,0,0
adult_drosophila_melanogaster,central_brain,SLPpm1,,CB3182,"Ito et al., 2013","immuno, lineage based",2,0,0,-1,0,0,0,0,0,0,0
adult_drosophila_melanogaster,central_brain,SLPad1_posterior,,CB3185,"Ito et al., 2013","immuno, lineage based",2,0,0,-1,0,0,0,0,0,0,0
adult_drosophila_melanogaster,central_brain,SMPp&v1_posterior,,CB3187,"Ito et al., 2013","immuno, lineage based",2,0,0,-1,0,0,0,0,0,0,0
adult_drosophila_melanogaster,central_brain,SLPpm1,,CB3191,"Ito et al., 2013","immuno, lineage based",2,0,0,-1,0,0,0,0,0,0,0
adult_drosophila_melanogaster,central_brain,SLPpl1,,CB3192,"Ito et al., 2013","lineage, based",2,0,0,-1,0,0,0,0,0,0,0
adult_drosophila_melanogaster,central_brain,VLPd&p1_posterior,,CB3194,"Ito et al., 2013","immuno, lineage based",2,0,0,-1,0,0,0,0,0,0,0
adult_drosophila_melanogaster,central_brain,VLPd&p1_posterior,,CB3198,"Ito et al., 2013","immuno, lineage based",2,0,0,-1,0,0,0,0,0,0,0
adult_drosophila_melanogaster,central_brain,VLPd&p1_posterior,,CB3205,"Ito et al., 2013","immuno, lineage based",2,0,0,-1,0,0,0,0,0,0,0
adult_drosophila_melanogaster,central_brain,ALlv1,,CB3206,"Ito et al., 2013","immuno, lineage based",2,0,0,-1,0,0,0,0,0,0,0
adult_drosophila_melanogaster,central_brain,LHd1,,CB3208,"Ito et al., 2013","immuno, lineage based",2,0,0,-1,0,0,0,0,0,0,0
adult_drosophila_melanogaster,central_brain,SLPad1_anterior,,CB3218,"Ito et al., 2013","immuno, lineage based",2,0,0,-1,0,0,0,0,0,0,0
adult_drosophila_melanogaster,central_brain,SLPpl1,,CB3223,"Ito et al., 2013","lineage, based",2,0,0,-1,0,0,0,0,0,0,0
adult_drosophila_melanogaster,central_brain,SLPad1_anterior,,CB3226,"Ito et al., 2013","immuno, lineage based",2,0,0,-1,0,0,0,0,0,0,0
adult_drosophila_melanogaster,central_brain,VLPd&p1_dorsal,,CB3227,"Ito et al., 2013","immuno, lineage based",2,0,0,-1,0,0,0,0,0,0,0
adult_drosophila_melanogaster,central_brain,VLPd&p1_posterior,,CB3231,"Ito et al., 2013","immuno, lineage based",2,0,0,-1,0,0,0,0,0,0,0
adult_drosophila_melanogaster,central_brain,WEDa1,,CB3245,"Ito et al., 2013",immuno,2,0,0,1,0,0,0,0,0,0,0
adult_drosophila_melanogaster,central_brain,SLPpl1,,CB3252,"Ito et al., 2013","lineage, based",2,0,0,-1,0,0,0,0,0,0,0
adult_drosophila_melanogaster,central_brain,SLPad1_anterior,,CB3253,"Ito et al., 2013","immuno, lineage based",2,0,0,-1,0,0,0,0,0,0,0
adult_drosophila_melanogaster,central_brain,SLPad1_anterior,,CB3255,"Ito et al., 2013","immuno, lineage based",2,0,0,-1,0,0,0,0,0,0,0
adult_drosophila_melanogaster,central_brain,AOTUv4_dorsal,,CB3257,"Ito et al., 2013","immuno, lineage based",2,0,0,-1,0,0,0,0,0,0,0
adult_drosophila_melanogaster,central_brain,SMPpd1,,CB3261,"Ito et al., 2013","immuno, lineage based",2,0,0,-1,0,0,0,0,0,0,0
adult_drosophila_melanogaster,central_brain,VLPa1_medial,,CB3269,"Ito et al., 2013","immuno, lineage based",2,0,0,-1,0,0,0,0,0,0,0
adult_drosophila_melanogaster,central_brain,SLPad1_anterior,,CB3276,"Ito et al., 2013","immuno, lineage based",2,0,0,-1,0,0,0,0,0,0,0
adult_drosophila_melanogaster,central_brain,LHp1,,CB3278,"Ito et al., 2013","immuno, lineage based",2,0,0,-1,0,0,0,0,0,0,0
adult_drosophila_melanogaster,central_brain,LHd1,,CB3280,"Ito et al., 2013","immuno, lineage based",2,0,0,-1,0,0,0,0,0,0,0
adult_drosophila_melanogaster,central_brain,LHp1,,CB3288,"Ito et al., 2013","immuno, lineage based",2,0,0,-1,0,0,0,0,0,0,0
adult_drosophila_melanogaster,central_brain,LHd1,,CB3299,"Ito et al., 2013","immuno, lineage based",2,0,0,-1,0,0,0,0,0,0,0
adult_drosophila_melanogaster,central_brain,SMPp&v1_posterior,,CB3309,"Ito et al., 2013","immuno, lineage based",2,0,0,-1,0,0,0,0,0,0,0
adult_drosophila_melanogaster,central_brain,SMPpd1,,CB3310,"Ito et al., 2013","immuno, lineage based",2,0,0,-1,0,0,0,0,0,0,0
adult_drosophila_melanogaster,central_brain,VLPa1_medial,,CB3313,"Ito et al., 2013","immuno, lineage based",2,0,0,-1,0,0,0,0,0,0,0
adult_drosophila_melanogaster,central_brain,VLPd&p1_dorsal,,CB3315,"Ito et al., 2013","immuno, lineage based",2,0,0,-1,0,0,0,0,0,0,0
adult_drosophila_melanogaster,central_brain,PSa1,,CB3321,"Ito et al., 2013",immuno,2,0,0,1,0,0,0,0,0,0,0
adult_drosophila_melanogaster,central_brain,VLPd&p1_posterior,,CB3328,"Ito et al., 2013","immuno, lineage based",2,0,0,-1,0,0,0,0,0,0,0
adult_drosophila_melanogaster,central_brain,VLPd&p1_posterior,,CB3331,"Ito et al., 2013","immuno, lineage based",2,0,0,-1,0,0,0,0,0,0,0
adult_drosophila_melanogaster,central_brain,LHd1,,CB3340,"Ito et al., 2013","immuno, lineage based",2,0,0,-1,0,0,0,0,0,0,0
adult_drosophila_melanogaster,central_brain,LHp1,,CB3341,"Ito et al., 2013","immuno, lineage based",2,0,0,-1,0,0,0,0,0,0,0
adult_drosophila_melanogaster,central_brain,SLPad1_anterior,,CB3342,"Ito et al., 2013","immuno, lineage based",2,0,0,-1,0,0,0,0,0,0,0
adult_drosophila_melanogaster,central_brain,LHd1,,CB3345,"Ito et al., 2013","immuno, lineage based",2,0,0,-1,0,0,0,0,0,0,0
adult_drosophila_melanogaster,central_brain,SLPal1,,CB3354,"Ito et al., 2013","immuno, lineage based",2,0,0,-1,0,0,0,0,0,0,0
adult_drosophila_melanogaster,central_brain,VLPa1_lateral,,CB3368,"Ito et al., 2013","immuno, lineage based",2,0,0,-1,0,0,0,0,0,0,0
adult_drosophila_melanogaster,central_brain,LHd1,,CB3374,"Ito et al., 2013","immuno, lineage based",2,0,0,-1,0,0,0,0,0,0,0
adult_drosophila_melanogaster,central_brain,VLPp2,,CB3376,"Ito et al., 2013","immuno, lineage based",2,0,0,-1,0,0,0,0,0,0,0
adult_drosophila_melanogaster,central_brain,ALlv1,,CB3383,"Ito et al., 2013","immuno, lineage based",2,0,0,-1,0,0,0,0,0,0,0
adult_drosophila_melanogaster,central_brain,SLPav1_medial,,CB3386,"Ito et al., 2013","lineage, based",2,0,0,-1,0,0,0,0,0,0,0
adult_drosophila_melanogaster,central_brain,SLPad1_posterior,,CB3391,"Ito et al., 2013","immuno, lineage based",2,0,0,-1,0,0,0,0,0,0,0
adult_drosophila_melanogaster,central_brain,SLPad1_posterior,,CB3396,"Ito et al., 2013","immuno, lineage based",2,0,0,-1,0,0,0,0,0,0,0
adult_drosophila_melanogaster,central_brain,SLPad1_posterior,,CB3399,"Ito et al., 2013","immuno, lineage based",2,0,0,-1,0,0,0,0,0,0,0
adult_drosophila_melanogaster,central_brain,VLPd&p1_dorsal,,CB3406,"Ito et al., 2013","immuno, lineage based",2,0,0,-1,0,0,0,0,0,0,0
adult_drosophila_melanogaster,central_brain,VLPd&p1_dorsal,,CB3414,"Ito et al., 2013","immuno, lineage based",2,0,0,-1,0,0,0,0,0,0,0
adult_drosophila_melanogaster,central_brain,VLPd&p1_posterior,,CB3430,"Ito et al., 2013","immuno, lineage based",2,0,0,-1,0,0,0,0,0,0,0
adult_drosophila_melanogaster,central_brain,VLPd&p1_posterior,,CB3434,"Ito et al., 2013","immuno, lineage based",2,0,0,-1,0,0,0,0,0,0,0
adult_drosophila_melanogaster,central_brain,LHd1,,CB3448,"Ito et al., 2013","immuno, lineage based",2,0,0,-1,0,0,0,0,0,0,0
adult_drosophila_melanogaster,central_brain,SLPpl1,,CB3449,"Ito et al., 2013","lineage, based",2,0,0,-1,0,0,0,0,0,0,0
adult_drosophila_melanogaster,central_brain,SLPad1_anterior,,CB3454,"Ito et al., 2013","immuno, lineage based",2,0,0,-1,0,0,0,0,0,0,0
adult_drosophila_melanogaster,central_brain,VLPd&p1_posterior,,CB3458,"Ito et al., 2013","immuno, lineage based",2,0,0,-1,0,0,0,0,0,0,0
adult_drosophila_melanogaster,central_brain,SLPpl1,,CB3464,"Ito et al., 2013","lineage, based",2,0,0,-1,0,0,0,0,0,0,0
adult_drosophila_melanogaster,central_brain,VLPd&p1_posterior,,CB3476,"Ito et al., 2013","immuno, lineage based",2,0,0,-1,0,0,0,0,0,0,0
adult_drosophila_melanogaster,central_brain,SLPpm1,,CB3477,"Ito et al., 2013","immuno, lineage based",2,0,0,-1,0,0,0,0,0,0,0
adult_drosophila_melanogaster,central_brain,WEDa1,,CB3491,"Ito et al., 2013",immuno,2,0,0,1,0,0,0,0,0,0,0
adult_drosophila_melanogaster,central_brain,SLPad1_anterior,,CB3496,"Ito et al., 2013","immuno, lineage based",2,0,0,-1,0,0,0,0,0,0,0
adult_drosophila_melanogaster,central_brain,SMPpd1,,CB3501,"Ito et al., 2013","immuno, lineage based",2,0,0,-1,0,0,0,0,0,0,0
adult_drosophila_melanogaster,central_brain,SLPal1,,CB3506,"Ito et al., 2013","immuno, lineage based",2,0,0,-1,0,0,0,0,0,0,0
adult_drosophila_melanogaster,central_brain,SLPpl1,,CB3508,"Ito et al., 2013","lineage, based",2,0,0,-1,0,0,0,0,0,0,0
adult_drosophila_melanogaster,central_brain,VLPd&p1_posterior,,CB3509,"Ito et al., 2013","immuno, lineage based",2,0,0,-1,0,0,0,0,0,0,0
adult_drosophila_melanogaster,central_brain,SLPal1,,CB3522,"Ito et al., 2013","immuno, lineage based",2,0,0,-1,0,0,0,0,0,0,0
adult_drosophila_melanogaster,central_brain,DM5_ventral,,CB3537,"Ito et al., 2013","immuno, lineage based",2,0,0,-1,0,0,0,0,0,0,0
adult_drosophila_melanogaster,central_brain,SLPpl1,,CB3539,"Ito et al., 2013","lineage, based",2,0,0,-1,0,0,0,0,0,0,0
adult_drosophila_melanogaster,central_brain,SLPpl1,,CB3551,"Ito et al., 2013","lineage, based",2,0,0,-1,0,0,0,0,0,0,0
adult_drosophila_melanogaster,central_brain,WEDa1,,CB3552,"Ito et al., 2013",immuno,2,0,0,1,0,0,0,0,0,0,0
adult_drosophila_melanogaster,central_brain,SLPal1,,CB3553,"Ito et al., 2013","immuno, lineage based",2,0,0,-1,0,0,0,0,0,0,0
adult_drosophila_melanogaster,central_brain,SMPp&v1_posterior,,CB3564,"Ito et al., 2013","immuno, lineage based",2,0,0,-1,0,0,0,0,0,0,0
adult_drosophila_melanogaster,central_brain,LHd1,,CB3570,"Ito et al., 2013","immuno, lineage based",2,0,0,-1,0,0,0,0,0,0,0
adult_drosophila_melanogaster,central_brain,SMPpd1,,CB3572,"Ito et al., 2013","immuno, lineage based",2,0,0,-1,0,0,0,0,0,0,0
adult_drosophila_melanogaster,central_brain,VLPd&p1_posterior,,CB3577,"Ito et al., 2013","immuno, lineage based",2,0,0,-1,0,0,0,0,0,0,0
adult_drosophila_melanogaster,central_brain,VLPd1,,CB3578,"Ito et al., 2013","immuno, lineage based",2,0,0,-1,0,0,0,0,0,0,0
adult_drosophila_melanogaster,central_brain,VLPa1_medial,,CB3589,"Ito et al., 2013","immuno, lineage based",2,0,0,-1,0,0,0,0,0,0,0
adult_drosophila_melanogaster,central_brain,LHp1,,CB3602,"Ito et al., 2013","immuno, lineage based",2,0,0,-1,0,0,0,0,0,0,0
adult_drosophila_melanogaster,central_brain,SLPad1_anterior,,CB3603,"Ito et al., 2013","immuno, lineage based",2,0,0,-1,0,0,0,0,0,0,0
adult_drosophila_melanogaster,central_brain,SLPad1_anterior,,CB3605,"Ito et al., 2013","immuno, lineage based",2,0,0,-1,0,0,0,0,0,0,0
adult_drosophila_melanogaster,central_brain,VLPa1_lateral,,CB3607,"Ito et al., 2013","immuno, lineage based",2,0,0,-1,0,0,0,0,0,0,0
adult_drosophila_melanogaster,central_brain,LHd1,,CB3608,"Ito et al., 2013","immuno, lineage based",2,0,0,-1,0,0,0,0,0,0,0
adult_drosophila_melanogaster,central_brain,SLPpl1,,CB3612,"Ito et al., 2013","lineage, based",2,0,0,-1,0,0,0,0,0,0,0
adult_drosophila_melanogaster,central_brain,ALlv1,,CB3623,"Ito et al., 2013","immuno, lineage based",2,0,0,-1,0,0,0,0,0,0,0
adult_drosophila_melanogaster,central_brain,SLPpl1,,CB3626,"Ito et al., 2013","lineage, based",2,0,0,-1,0,0,0,0,0,0,0
adult_drosophila_melanogaster,central_brain,VLPa1_medial,,CB3628,"Ito et al., 2013","immuno, lineage based",2,0,0,-1,0,0,0,0,0,0,0
adult_drosophila_melanogaster,central_brain,VLPa1_lateral,,CB3638,"Ito et al., 2013","immuno, lineage based",2,0,0,-1,0,0,0,0,0,0,0
adult_drosophila_melanogaster,central_brain,SLPad1_anterior,,CB3664,"Ito et al., 2013","immuno, lineage based",2,0,0,-1,0,0,0,0,0,0,0
adult_drosophila_melanogaster,central_brain,SLPav1_medial,,CB3671,"Ito et al., 2013","lineage, based",2,0,0,-1,0,0,0,0,0,0,0
adult_drosophila_melanogaster,central_brain,SLPad1_anterior,,CB3672,"Ito et al., 2013","immuno, lineage based",2,0,0,-1,0,0,0,0,0,0,0
adult_drosophila_melanogaster,central_brain,VLPa1_lateral,,CB3675,"Ito et al., 2013","immuno, lineage based",2,0,0,-1,0,0,0,0,0,0,0
adult_drosophila_melanogaster,central_brain,VLPa1_lateral,,CB3684,"Ito et al., 2013","immuno, lineage based",2,0,0,-1,0,0,0,0,0,0,0
adult_drosophila_melanogaster,central_brain,SLPpl1,,CB3686,"Ito et al., 2013","lineage, based",2,0,0,-1,0,0,0,0,0,0,0
adult_drosophila_melanogaster,central_brain,VLPa1_lateral,,CB3693,"Ito et al., 2013","immuno, lineage based",2,0,0,-1,0,0,0,0,0,0,0
adult_drosophila_melanogaster,central_brain,SLPad1_anterior,,CB3697,"Ito et al., 2013","immuno, lineage based",2,0,0,-1,0,0,0,0,0,0,0
adult_drosophila_melanogaster,central_brain,VLPa1_lateral,,CB3705,"Ito et al., 2013","immuno, lineage based",2,0,0,-1,0,0,0,0,0,0,0
adult_drosophila_melanogaster,central_brain,SLPpl1,,CB3763,"Ito et al., 2013","lineage, based",2,0,0,-1,0,0,0,0,0,0,0
adult_drosophila_melanogaster,central_brain,SLPpl1,,CB3764,"Ito et al., 2013","lineage, based",2,0,0,-1,0,0,0,0,0,0,0
adult_drosophila_melanogaster,central_brain,SLPpl1,,CB3765,"Ito et al., 2013","lineage, based",2,0,0,-1,0,0,0,0,0,0,0
adult_drosophila_melanogaster,central_brain,SLPpl1,,CB3766,"Ito et al., 2013","lineage, based",2,0,0,-1,0,0,0,0,0,0,0
adult_drosophila_melanogaster,central_brain,SLPpl1,,CB3767,"Ito et al., 2013","lineage, based",2,0,0,-1,0,0,0,0,0,0,0
adult_drosophila_melanogaster,central_brain,SMPpd1,,CB3768,"Ito et al., 2013","immuno, lineage based",2,0,0,-1,0,0,0,0,0,0,0
adult_drosophila_melanogaster,central_brain,SMPpd1,,CB3771,"Ito et al., 2013","immuno, lineage based",2,0,0,-1,0,0,0,0,0,0,0
adult_drosophila_melanogaster,central_brain,SMPpd1,,CB3772,"Ito et al., 2013","immuno, lineage based",2,0,0,-1,0,0,0,0,0,0,0
adult_drosophila_melanogaster,central_brain,SMPpd1,,CB3773,"Ito et al., 2013","immuno, lineage based",2,0,0,-1,0,0,0,0,0,0,0
adult_drosophila_melanogaster,central_brain,VLPd&p1_posterior,,CB3774,"Ito et al., 2013","immuno, lineage based",2,0,0,-1,0,0,0,0,0,0,0
adult_drosophila_melanogaster,central_brain,VLPd&p1_posterior,,CB3775,"Ito et al., 2013","immuno, lineage based",2,0,0,-1,0,0,0,0,0,0,0
adult_drosophila_melanogaster,central_brain,VLPd&p1_posterior,,CB3776,"Ito et al., 2013","immuno, lineage based",2,0,0,-1,0,0,0,0,0,0,0
adult_drosophila_melanogaster,central_brain,VLPd&p1_posterior,,CB3777,"Ito et al., 2013","immuno, lineage based",2,0,0,-1,0,0,0,0,0,0,0
adult_drosophila_melanogaster,central_brain,VLPd&p1_posterior,,CB3778,"Ito et al., 2013","immuno, lineage based",2,0,0,-1,0,0,0,0,0,0,0
adult_drosophila_melanogaster,central_brain,SMPpd1,,CB3779,"Ito et al., 2013","immuno, lineage based",2,0,0,-1,0,0,0,0,0,0,0
adult_drosophila_melanogaster,central_brain,SLPal1,,CB3782,"Ito et al., 2013","immuno, lineage based",2,0,0,-1,0,0,0,0,0,0,0
adult_drosophila_melanogaster,central_brain,SLPal1,,CB3787,"Ito et al., 2013","immuno, lineage based",2,0,0,-1,0,0,0,0,0,0,0
adult_drosophila_melanogaster,central_brain,SLPal1,,CB3788,"Ito et al., 2013","immuno, lineage based",2,0,0,-1,0,0,0,0,0,0,0
adult_drosophila_melanogaster,central_brain,SLPal1,,CB3789,"Ito et al., 2013","immuno, lineage based",2,0,0,-1,0,0,0,0,0,0,0
adult_drosophila_melanogaster,central_brain,VLPd&p1_posterior,,CB3790,"Ito et al., 2013","immuno, lineage based",2,0,0,-1,0,0,0,0,0,0,0
adult_drosophila_melanogaster,central_brain,SLPad1_anterior,,CB3791,"Ito et al., 2013","immuno, lineage based",2,0,0,-1,0,0,0,0,0,0,0
adult_drosophila_melanogaster,central_brain,SLPpl1,,CB3808,"Ito et al., 2013","lineage, based",2,0,0,-1,0,0,0,0,0,0,0
adult_drosophila_melanogaster,central_brain,SLPpl1,,CB3811,"Ito et al., 2013","lineage, based",2,0,0,-1,0,0,0,0,0,0,0
adult_drosophila_melanogaster,central_brain,AOTUv3_ventral,,CB3865,"Ito et al., 2013","immuno, lineage based",2,0,0,-1,0,0,0,0,0,0,0
adult_drosophila_melanogaster,central_brain,PSp3,,CB3866,"Ito et al., 2013","immuno, lineage based",2,0,0,-1,0,0,0,0,0,0,0
adult_drosophila_melanogaster,central_brain,VLPd1,,CB3869,"Ito et al., 2013","immuno, lineage based",2,0,0,-1,0,0,0,0,0,0,0
adult_drosophila_melanogaster,central_brain,SLPal1,,CL004,"Ito et al., 2013","immuno, lineage based",2,0,0,-1,0,0,0,0,0,0,0
adult_drosophila_melanogaster,central_brain,AOTUv4_dorsal,,CL005,"Ito et al., 2013","immuno, lineage based",2,0,0,-1,0,0,0,0,0,0,0
adult_drosophila_melanogaster,central_brain,AOTUv4_dorsal,,CL006,"Ito et al., 2013","immuno, lineage based",2,0,0,-1,0,0,0,0,0,0,0
adult_drosophila_melanogaster,central_brain,VLPd1,,CL022,"Ito et al., 2013","immuno, lineage based",2,0,0,-1,0,0,0,0,0,0,0
adult_drosophila_melanogaster,central_brain,VLPd1,,CL023,"Ito et al., 2013","immuno, lineage based",2,0,0,-1,0,0,0,0,0,0,0
adult_drosophila_melanogaster,central_brain,SLPav1_medial,,CL098,"Ito et al., 2013","lineage, based",2,0,0,-1,0,0,0,0,0,0,0
adult_drosophila_melanogaster,central_brain,SLPav1_medial,,CL099,"Ito et al., 2013","lineage, based",2,0,0,-1,0,0,0,0,0,0,0
adult_drosophila_melanogaster,central_brain,SLPav1_medial,,CL099a,"Ito et al., 2013","lineage, based",2,0,0,-1,0,0,0,0,0,0,0
adult_drosophila_melanogaster,central_brain,SLPav1_medial,,CL099b,"Ito et al., 2013","lineage, based",2,0,0,-1,0,0,0,0,0,0,0
adult_drosophila_melanogaster,central_brain,SLPav1_medial,,CL099c,"Ito et al., 2013","lineage, based",2,0,0,-1,0,0,0,0,0,0,0
adult_drosophila_melanogaster,central_brain,SLPav1_medial,,CL100,"Ito et al., 2013","lineage, based",2,0,0,-1,0,0,0,0,0,0,0
adult_drosophila_melanogaster,central_brain,SLPav1_medial,,CL101,"Ito et al., 2013","lineage, based",2,0,0,-1,0,0,0,0,0,0,0
adult_drosophila_melanogaster,central_brain,SLPav1_medial,,CL102,"Ito et al., 2013","lineage, based",2,0,0,-1,0,0,0,0,0,0,0
adult_drosophila_melanogaster,central_brain,SLPav1_medial,,CL104,"Ito et al., 2013","lineage, based",2,0,0,-1,0,0,0,0,0,0,0
adult_drosophila_melanogaster,central_brain,ALv1,,CL114,"Ito et al., 2013",immuno,2,0,0,1,0,0,0,0,0,0,0
adult_drosophila_melanogaster,central_brain,PSa1,,CL116,"Ito et al., 2013",immuno,2,0,0,1,0,0,0,0,0,0,0
adult_drosophila_melanogaster,central_brain,PSa1,,CL118,"Ito et al., 2013",immuno,2,0,0,1,0,0,0,0,0,0,0
adult_drosophila_melanogaster,central_brain,PSa1,,CL120,"Ito et al., 2013",immuno,2,0,0,1,0,0,0,0,0,0,0
adult_drosophila_melanogaster,central_brain,PSa1,,CL120a,"Ito et al., 2013",immuno,2,0,0,1,0,0,0,0,0,0,0
adult_drosophila_melanogaster,central_brain,PSa1,,CL120b,"Ito et al., 2013",immuno,2,0,0,1,0,0,0,0,0,0,0
adult_drosophila_melanogaster,central_brain,PSa1,,"CL121,CL122","Ito et al., 2013",immuno,2,0,0,1,0,0,0,0,0,0,0
adult_drosophila_melanogaster,optic_lobe,SLPpl1,,CL125,"Ito et al., 2013","lineage, based",2,0,0,-1,0,0,0,0,0,0,0
adult_drosophila_melanogaster,central_brain,CLp1,,CL160,"Ito et al., 2013","immuno, lineage based",2,0,0,-1,0,0,0,0,0,0,0
adult_drosophila_melanogaster,central_brain,CLp1,,CL160a,"Ito et al., 2013","immuno, lineage based",2,0,0,-1,0,0,0,0,0,0,0
adult_drosophila_melanogaster,central_brain,CLp1,,CL160b,"Ito et al., 2013","immuno, lineage based",2,0,0,-1,0,0,0,0,0,0,0
adult_drosophila_melanogaster,central_brain,CLp1,,CL161,"Ito et al., 2013","immuno, lineage based",2,0,0,-1,0,0,0,0,0,0,0
adult_drosophila_melanogaster,central_brain,CLp1,,CL161a,"Ito et al., 2013","immuno, lineage based",2,0,0,-1,0,0,0,0,0,0,0
adult_drosophila_melanogaster,central_brain,CLp1,,CL161b,"Ito et al., 2013","immuno, lineage based",2,0,0,-1,0,0,0,0,0,0,0
adult_drosophila_melanogaster,central_brain,CLp1,,CL162,"Ito et al., 2013","immuno, lineage based",2,0,0,-1,0,0,0,0,0,0,0
adult_drosophila_melanogaster,central_brain,CLp1,,CL165,"Ito et al., 2013","immuno, lineage based",2,0,0,-1,0,0,0,0,0,0,0
adult_drosophila_melanogaster,central_brain,CLp1,,"CL166,CL168","Ito et al., 2013","immuno, lineage based",2,0,0,-1,0,0,0,0,0,0,0
adult_drosophila_melanogaster,central_brain,CLp1,,CL169,"Ito et al., 2013","immuno, lineage based",2,0,0,-1,0,0,0,0,0,0,0
adult_drosophila_melanogaster,central_brain,CLp1,,CL170,"Ito et al., 2013","immuno, lineage based",2,0,0,-1,0,0,0,0,0,0,0
adult_drosophila_melanogaster,central_brain,CLp1,,CL171,"Ito et al., 2013","immuno, lineage based",2,0,0,-1,0,0,0,0,0,0,0
adult_drosophila_melanogaster,central_brain,CLp1,,CL172,"Ito et al., 2013","immuno, lineage based",2,0,0,-1,0,0,0,0,0,0,0
adult_drosophila_melanogaster,central_brain,SMPp&v1_posterior,,CL175,"Ito et al., 2013","immuno, lineage based",2,0,0,-1,0,0,0,0,0,0,0
adult_drosophila_melanogaster,central_brain,SMPp&v1_posterior,,CL176,"Ito et al., 2013","immuno, lineage based",2,0,0,-1,0,0,0,0,0,0,0
adult_drosophila_melanogaster,central_brain,SMPp&v1_posterior,,CL177,"Ito et al., 2013","immuno, lineage based",2,0,0,-1,0,0,0,0,0,0,0
adult_drosophila_melanogaster,central_brain,SMPp&v1_posterior,,CL178,"Ito et al., 2013","immuno, lineage based",2,0,0,-1,0,0,0,0,0,0,0
adult_drosophila_melanogaster,central_brain,SMPp&v1_posterior,,CL179,"Ito et al., 2013","immuno, lineage based",2,0,0,-1,0,0,0,0,0,0,0
adult_drosophila_melanogaster,central_brain,SMPp&v1_posterior,,CL180,"Ito et al., 2013","immuno, lineage based",2,0,0,-1,0,0,0,0,0,0,0
adult_drosophila_melanogaster,central_brain,SMPp&v1_posterior,,CL182,"Ito et al., 2013","immuno, lineage based",2,0,0,-1,0,0,0,0,0,0,0
adult_drosophila_melanogaster,central_brain,SMPp&v1_posterior,,CL183,"Ito et al., 2013","immuno, lineage based",2,0,0,-1,0,0,0,0,0,0,0
adult_drosophila_melanogaster,central_brain,SMPp&v1_posterior,,CL186,"Ito et al., 2013","immuno, lineage based",2,0,0,-1,0,0,0,0,0,0,0
adult_drosophila_melanogaster,central_brain,SMPp&v1_posterior,,CL187,"Ito et al., 2013","immuno, lineage based",2,0,0,-1,0,0,0,0,0,0,0
adult_drosophila_melanogaster,central_brain,SMPp&v1_posterior,,CL195,"Ito et al., 2013","immuno, lineage based",2,0,0,-1,0,0,0,0,0,0,0
adult_drosophila_melanogaster,central_brain,SMPp&v1_posterior,,CL196,"Ito et al., 2013","immuno, lineage based",2,0,0,-1,0,0,0,0,0,0,0
adult_drosophila_melanogaster,central_brain,SMPp&v1_posterior,,CL196a,"Ito et al., 2013","immuno, lineage based",2,0,0,-1,0,0,0,0,0,0,0
adult_drosophila_melanogaster,central_brain,SMPp&v1_posterior,,CL196b,"Ito et al., 2013","immuno, lineage based",2,0,0,-1,0,0,0,0,0,0,0
adult_drosophila_melanogaster,central_brain,CLp1,,CL245,"Ito et al., 2013","immuno, lineage based",2,0,0,-1,0,0,0,0,0,0,0
adult_drosophila_melanogaster,central_brain,DL2_ventral,,CL278,"Ito et al., 2013","immuno, lineage based",2,0,0,-1,0,0,0,0,0,0,0
adult_drosophila_melanogaster,central_brain,DL2_ventral,,CL279,"Ito et al., 2013","immuno, lineage based",2,0,0,-1,0,0,0,0,0,0,0
adult_drosophila_melanogaster,central_brain,PSp3,,CL294,"Ito et al., 2013","immuno, lineage based",2,0,0,-1,0,0,0,0,0,0,0
adult_drosophila_melanogaster,central_brain,PSp3,,"CL301,CL302","Ito et al., 2013","immuno, lineage based",2,0,0,-1,0,0,0,0,0,0,0
adult_drosophila_melanogaster,central_brain,DL2_ventral,,CL313,"Ito et al., 2013","immuno, lineage based",2,0,0,-1,0,0,0,0,0,0,0
adult_drosophila_melanogaster,central_brain,VLPp2,,CL319,"Ito et al., 2013","immuno, lineage based",2,0,0,-1,0,0,0,0,0,0,0
adult_drosophila_melanogaster,central_brain,VLPp2,,CL321,"Ito et al., 2013","immuno, lineage based",2,0,0,-1,0,0,0,0,0,0,0
adult_drosophila_melanogaster,central_brain,VLPp2,,CL323,"Ito et al., 2013","immuno, lineage based",2,0,0,-1,0,0,0,0,0,0,0
adult_drosophila_melanogaster,central_brain,VLPp2,,CL323a,"Ito et al., 2013","immuno, lineage based",2,0,0,-1,0,0,0,0,0,0,0
adult_drosophila_melanogaster,central_brain,VLPp2,,CL323b,"Ito et al., 2013","immuno, lineage based",2,0,0,-1,0,0,0,0,0,0,0
adult_drosophila_melanogaster,neck_connective,PSp2,,CL324,"Ito et al., 2013","immuno, lineage based",2,0,0,-1,0,0,0,0,0,0,0
adult_drosophila_melanogaster,neck_connective,PSp2,,CL325,"Ito et al., 2013","immuno, lineage based",2,0,0,-1,0,0,0,0,0,0,0
adult_drosophila_melanogaster,central_brain,DM5_central,,"CL328,IB070,IB071","Ito et al., 2013","immuno, lineage based",2,0,0,-1,0,0,0,0,0,0,0
adult_drosophila_melanogaster,neck_connective,PSp3,,CL330,"Ito et al., 2013","immuno, lineage based",2,0,0,-1,0,0,0,0,0,0,0
adult_drosophila_melanogaster,central_brain,SMPp&v1_ventral,,CL358,"Ito et al., 2013","immuno, lineage based",2,0,0,-1,0,0,0,0,0,0,0
adult_drosophila_melanogaster,central_brain,SMPp&v1_ventral,,cLM01,"Ito et al., 2013","immuno, lineage based",2,0,0,-1,0,0,0,0,0,0,0
adult_drosophila_melanogaster,central_brain,SMPp&v1_ventral,,cM03,"Ito et al., 2013","immuno, lineage based",2,0,0,-1,0,0,0,0,0,0,0
adult_drosophila_melanogaster,central_brain,SMPp&v1_posterior,,CRE079,"Ito et al., 2013","immuno, lineage based",2,0,0,-1,0,0,0,0,0,0,0
adult_drosophila_melanogaster,central_brain,DL2_ventral,,CRE105,"Ito et al., 2013","immuno, lineage based",2,0,0,-1,0,0,0,0,0,0,0
adult_drosophila_melanogaster,central_brain,ALad1,,D_adPN,"Ito et al., 2013","immuno, lineage based",2,0,0,-1,0,0,0,0,0,0,0
adult_drosophila_melanogaster,central_brain,ALad1,,DA4m_adPN,"Ito et al., 2013","immuno, lineage based",2,0,0,-1,0,0,0,0,0,0,0
adult_drosophila_melanogaster,central_brain,ALad1,,DC2_adPN,"Ito et al., 2013","immuno, lineage based",2,0,0,-1,0,0,0,0,0,0,0
adult_drosophila_melanogaster,central_brain,ALad1,,DC3_adPN,"Ito et al., 2013","immuno, lineage based",2,0,0,-1,0,0,0,0,0,0,0
adult_drosophila_melanogaster,central_brain,ALad1,,DC4_adPN,"Ito et al., 2013","immuno, lineage based",2,0,0,-1,0,0,0,0,0,0,0
adult_drosophila_melanogaster,central_brain,DL2_dorsal,,"DL2_dorsal_20,26","Ito et al., 2013","immuno, lineage based",2,0,0,-1,0,0,0,0,0,0,0
adult_drosophila_melanogaster,central_brain,DL2_ventral,,DL2_ventral__0,"Ito et al., 2013","immuno, lineage based",2,0,0,-1,0,0,0,0,0,0,0
adult_drosophila_melanogaster,central_brain,ALad1,,DL2d_adPN,"Ito et al., 2013","immuno, lineage based",2,0,0,-1,0,0,0,0,0,0,0
adult_drosophila_melanogaster,central_brain,ALad1,,DL2v_adPN,"Ito et al., 2013","immuno, lineage based",2,0,0,-1,0,0,0,0,0,0,0
adult_drosophila_melanogaster,central_brain,DM5_central,,DM5_central_26,"Ito et al., 2013","immuno, lineage based",2,0,0,-1,0,0,0,0,0,0,0
adult_drosophila_melanogaster,central_brain,DM5_ventral,,DM5_ventral__0,"Ito et al., 2013","immuno, lineage based",2,0,0,-1,0,0,0,0,0,0,0
adult_drosophila_melanogaster,central_brain,ALad1,,DM6_adPN,"Ito et al., 2013","immuno, lineage based",2,0,0,-1,0,0,0,0,0,0,0
adult_drosophila_melanogaster,central_brain,SMPpd2,,DN1pE,"Ito et al., 2013","immuno, lineage based",2,0,0,-1,0,0,0,0,0,0,0
adult_drosophila_melanogaster,neck_connective,PSp3,,DNp08,"Ito et al., 2013","immuno, lineage based",2,0,0,-1,0,0,0,0,0,0,0
adult_drosophila_melanogaster,neck_connective,PSp2,,DNp102,"Ito et al., 2013","immuno, lineage based",2,0,0,-1,0,0,0,0,0,0,0
adult_drosophila_melanogaster,neck_connective,PSp2,,DNp104,"Ito et al., 2013","immuno, lineage based",2,0,0,-1,0,0,0,0,0,0,0
adult_drosophila_melanogaster,neck_connective,PSp2,,DNp13,"Ito et al., 2013","immuno, lineage based",2,0,0,-1,0,0,0,0,0,0,0
adult_drosophila_melanogaster,neck_connective,PSp2,,DNp16,"Ito et al., 2013","immuno, lineage based",2,0,0,-1,0,0,0,0,0,0,0
adult_drosophila_melanogaster,neck_connective,PSp2,,DNp16/17,"Ito et al., 2013","immuno, lineage based",2,0,0,-1,0,0,0,0,0,0,0
adult_drosophila_melanogaster,neck_connective,PSp2,,DNp17,"Ito et al., 2013","immuno, lineage based",2,0,0,-1,0,0,0,0,0,0,0
adult_drosophila_melanogaster,neck_connective,PSp2,,DNp38,"Ito et al., 2013","immuno, lineage based",2,0,0,-1,0,0,0,0,0,0,0
adult_drosophila_melanogaster,neck_connective,PSp3,,DNp42,"Ito et al., 2013","immuno, lineage based",2,0,0,-1,0,0,0,0,0,0,0
adult_drosophila_melanogaster,neck_connective,PSp3,,DNp49,"Ito et al., 2013","immuno, lineage based",2,0,0,-1,0,0,0,0,0,0,0
adult_drosophila_melanogaster,neck_connective,PSp3,,DNpe006,"Ito et al., 2013","immuno, lineage based",2,0,0,-1,0,0,0,0,0,0,0
adult_drosophila_melanogaster,neck_connective,PSp2,,DNpe008,"Ito et al., 2013","immuno, lineage based",2,0,0,-1,0,0,0,0,0,0,0
adult_drosophila_melanogaster,neck_connective,PSp2,,DNpe009,"Ito et al., 2013","immuno, lineage based",2,0,0,-1,0,0,0,0,0,0,0
adult_drosophila_melanogaster,neck_connective,PSp3,,DNpe010,"Ito et al., 2013","immuno, lineage based",2,0,0,-1,0,0,0,0,0,0,0
adult_drosophila_melanogaster,neck_connective,PSp2,,DNpe011,"Ito et al., 2013","immuno, lineage based",2,0,0,-1,0,0,0,0,0,0,0
adult_drosophila_melanogaster,neck_connective,PSp2,,DNpe012,"Ito et al., 2013","immuno, lineage based",2,0,0,-1,0,0,0,0,0,0,0
adult_drosophila_melanogaster,neck_connective,PSp2,,DNpe015,"Ito et al., 2013","immuno, lineage based",2,0,0,-1,0,0,0,0,0,0,0
adult_drosophila_melanogaster,neck_connective,PSp2,,DNpe016,"Ito et al., 2013","immuno, lineage based",2,0,0,-1,0,0,0,0,0,0,0
adult_drosophila_melanogaster,neck_connective,PSp2,,DNpe018,"Ito et al., 2013","immuno, lineage based",2,0,0,-1,0,0,0,0,0,0,0
adult_drosophila_melanogaster,neck_connective,PSp3,,DNpe022,"Ito et al., 2013","immuno, lineage based",2,0,0,-1,0,0,0,0,0,0,0
adult_drosophila_melanogaster,neck_connective,PSp2,,DNpe024,"Ito et al., 2013","immuno, lineage based",2,0,0,-1,0,0,0,0,0,0,0
adult_drosophila_melanogaster,neck_connective,PSp2,,DNpe054,"Ito et al., 2013","immuno, lineage based",2,0,0,-1,0,0,0,0,0,0,0
adult_drosophila_melanogaster,central_brain,EBa1,,FB3B,"Ito et al., 2013",immuno,2,0,0,1,0,0,0,0,0,0,0
adult_drosophila_melanogaster,central_brain,EBa1,,FB3C,"Ito et al., 2013",immuno,2,0,0,1,0,0,0,0,0,0,0
adult_drosophila_melanogaster,central_brain,AOTUv4_ventral,,FB4O,"Ito et al., 2013","immuno, lineage based",2,0,0,-1,0,0,0,0,0,0,0
adult_drosophila_melanogaster,central_brain,AOTUv4_ventral,,FB4P_a,"Ito et al., 2013","immuno, lineage based",2,0,0,-1,0,0,0,0,0,0,0
adult_drosophila_melanogaster,central_brain,AOTUv4_ventral,,"FB4P,FB4Q,FB4R","Ito et al., 2013","immuno, lineage based",2,0,0,-1,0,0,0,0,0,0,0
adult_drosophila_melanogaster,central_brain,AOTUv4_ventral,,FB4Q_b,"Ito et al., 2013","immuno, lineage based",2,0,0,-1,0,0,0,0,0,0,0
adult_drosophila_melanogaster,central_brain,AOTUv4_ventral,,"FB5C,FB5F,FB5G,FB5P,FB5Q","Ito et al., 2013","immuno, lineage based",2,0,0,-1,0,0,0,0,0,0,0
adult_drosophila_melanogaster,central_brain,AOTUv4_ventral,,"FB5D,FB5E","Ito et al., 2013","immuno, lineage based",2,0,0,-1,0,0,0,0,0,0,0
adult_drosophila_melanogaster,central_brain,AOTUv4_ventral,,FB5O,"Ito et al., 2013","immuno, lineage based",2,0,0,-1,0,0,0,0,0,0,0
adult_drosophila_melanogaster,central_brain,AOTUv4_ventral,,FB5V,"Ito et al., 2013","immuno, lineage based",2,0,0,-1,0,0,0,0,0,0,0
adult_drosophila_melanogaster,central_brain,AOTUv4_ventral,,FB5X,"Ito et al., 2013","immuno, lineage based",2,0,0,-1,0,0,0,0,0,0,0
adult_drosophila_melanogaster,central_brain,AOTUv4_ventral,,FB5Z,"Ito et al., 2013","immuno, lineage based",2,0,0,-1,0,0,0,0,0,0,0
adult_drosophila_melanogaster,central_brain,AOTUv4_ventral,,FB6U,"Ito et al., 2013","immuno, lineage based",2,0,0,-1,0,0,0,0,0,0,0
adult_drosophila_melanogaster,central_brain,AOTUv4_ventral,,FB6V,"Ito et al., 2013","immuno, lineage based",2,0,0,-1,0,0,0,0,0,0,0
adult_drosophila_melanogaster,central_brain,AOTUv4_ventral,,FB6W,"Ito et al., 2013","immuno, lineage based",2,0,0,-1,0,0,0,0,0,0,0
adult_drosophila_melanogaster,central_brain,AOTUv4_ventral,,FB7E,"Ito et al., 2013","immuno, lineage based",2,0,0,-1,0,0,0,0,0,0,0
adult_drosophila_melanogaster,central_brain,AOTUv4_ventral,,FB7G,"Ito et al., 2013","immuno, lineage based",2,0,0,-1,0,0,0,0,0,0,0
adult_drosophila_melanogaster,central_brain,AOTUv4_ventral,,"FB7G,FB7I","Ito et al., 2013","immuno, lineage based",2,0,0,-1,0,0,0,0,0,0,0
adult_drosophila_melanogaster,central_brain,AOTUv4_ventral,,FB8E,"Ito et al., 2013","immuno, lineage based",2,0,0,-1,0,0,0,0,0,0,0
adult_drosophila_melanogaster,central_brain,AOTUv4_ventral,,FB8G,"Ito et al., 2013","immuno, lineage based",2,0,0,-1,0,0,0,0,0,0,0
adult_drosophila_melanogaster,central_brain,AOTUv4_ventral,,FB8I,"Ito et al., 2013","immuno, lineage based",2,0,0,-1,0,0,0,0,0,0,0
adult_drosophila_melanogaster,central_brain,AOTUv4_ventral,,FB9B,"Ito et al., 2013","immuno, lineage based",2,0,0,-1,0,0,0,0,0,0,0
adult_drosophila_melanogaster,neck_connective,PSp2,,hb1436667616,"Ito et al., 2013","immuno, lineage based",2,0,0,-1,0,0,0,0,0,0,0
adult_drosophila_melanogaster,central_brain,PSp3,,IB051,"Ito et al., 2013","immuno, lineage based",2,0,0,-1,0,0,0,0,0,0,0
adult_drosophila_melanogaster,central_brain,DM5_central,,IB068,"Ito et al., 2013","immuno, lineage based",2,0,0,-1,0,0,0,0,0,0,0
adult_drosophila_melanogaster,central_brain,DM5_central,,IB069,"Ito et al., 2013","immuno, lineage based",2,0,0,-1,0,0,0,0,0,0,0
adult_drosophila_melanogaster,central_brain,DM5_central,,IB076,"Ito et al., 2013","immuno, lineage based",2,0,0,-1,0,0,0,0,0,0,0
adult_drosophila_melanogaster,central_brain,DM5_central,,IB084,"Ito et al., 2013","immuno, lineage based",2,0,0,-1,0,0,0,0,0,0,0
adult_drosophila_melanogaster,optic_lobe,PSp3,,IB085,"Ito et al., 2013","immuno, lineage based",2,0,0,-1,0,0,0,0,0,0,0
adult_drosophila_melanogaster,optic_lobe,PSp3,,IB088,"Ito et al., 2013","immuno, lineage based",2,0,0,-1,0,0,0,0,0,0,0
adult_drosophila_melanogaster,optic_lobe,PSp3,,IB089,"Ito et al., 2013","immuno, lineage based",2,0,0,-1,0,0,0,0,0,0,0
adult_drosophila_melanogaster,optic_lobe,PSp3,,IB090,"Ito et al., 2013","immuno, lineage based",2,0,0,-1,0,0,0,0,0,0,0
adult_drosophila_melanogaster,optic_lobe,PSp3,,IB091,"Ito et al., 2013","immuno, lineage based",2,0,0,-1,0,0,0,0,0,0,0
adult_drosophila_melanogaster,central_brain,SMPp&v1_ventral,,IB109,"Ito et al., 2013","immuno, lineage based",2,0,0,-1,0,0,0,0,0,0,0
adult_drosophila_melanogaster,central_brain,SMPp&v1_ventral,,IB110,"Ito et al., 2013","immuno, lineage based",2,0,0,-1,0,0,0,0,0,0,0
adult_drosophila_melanogaster,central_brain,CLp1,,IB117,"Ito et al., 2013","immuno, lineage based",2,0,0,-1,0,0,0,0,0,0,0
adult_drosophila_melanogaster,central_brain,AOTUv4_dorsal,,"LAL003,LAL044","Ito et al., 2013","immuno, lineage based",2,0,0,-1,0,0,0,0,0,0,0
adult_drosophila_melanogaster,central_brain,AOTUv4_dorsal,,LAL004,"Ito et al., 2013","immuno, lineage based",2,0,0,-1,0,0,0,0,0,0,0
adult_drosophila_melanogaster,central_brain,AOTUv4_dorsal,,LAL006,"Ito et al., 2013","immuno, lineage based",2,0,0,-1,0,0,0,0,0,0,0
adult_drosophila_melanogaster,central_brain,AOTUv3_ventral,,LAL085,"Ito et al., 2013","immuno, lineage based",2,0,0,-1,0,0,0,0,0,0,0
adult_drosophila_melanogaster,central_brain,AOTUv3_ventral,,LAL086,"Ito et al., 2013","immuno, lineage based",2,0,0,-1,0,0,0,0,0,0,0
adult_drosophila_melanogaster,central_brain,AOTUv3_ventral,,LAL087,"Ito et al., 2013","immuno, lineage based",2,0,0,-1,0,0,0,0,0,0,0
adult_drosophila_melanogaster,central_brain,AOTUv3_ventral,,LAL088,"Ito et al., 2013","immuno, lineage based",2,0,0,-1,0,0,0,0,0,0,0
adult_drosophila_melanogaster,central_brain,AOTUv3_ventral,,LAL089,"Ito et al., 2013","immuno, lineage based",2,0,0,-1,0,0,0,0,0,0,0
adult_drosophila_melanogaster,central_brain,AOTUv3_ventral,,LAL090,"Ito et al., 2013","immuno, lineage based",2,0,0,-1,0,0,0,0,0,0,0
adult_drosophila_melanogaster,central_brain,AOTUv3_ventral,,LAL093,"Ito et al., 2013","immuno, lineage based",2,0,0,-1,0,0,0,0,0,0,0
adult_drosophila_melanogaster,central_brain,AOTUv3_ventral,,LAL094,"Ito et al., 2013","immuno, lineage based",2,0,0,-1,0,0,0,0,0,0,0
adult_drosophila_melanogaster,central_brain,AOTUv3_ventral,,"LAL096,LAL097","Ito et al., 2013","immuno, lineage based",2,0,0,-1,0,0,0,0,0,0,0
adult_drosophila_melanogaster,central_brain,PSp1,,LAL147,"Ito et al., 2013","immuno, lineage based",2,0,0,-1,0,0,0,0,0,0,0
adult_drosophila_melanogaster,central_brain,PSp1,,LAL147a,"Ito et al., 2013","immuno, lineage based",2,0,0,-1,0,0,0,0,0,0,0
adult_drosophila_melanogaster,central_brain,PSp1,,LAL147b,"Ito et al., 2013","immuno, lineage based",2,0,0,-1,0,0,0,0,0,0,0
adult_drosophila_melanogaster,central_brain,PSp1,,LAL147c,"Ito et al., 2013","immuno, lineage based",2,0,0,-1,0,0,0,0,0,0,0
adult_drosophila_melanogaster,central_brain,PSp1,,LAL148,"Ito et al., 2013","immuno, lineage based",2,0,0,-1,0,0,0,0,0,0,0
adult_drosophila_melanogaster,central_brain,PSp1,,LAL149,"Ito et al., 2013","immuno, lineage based",2,0,0,-1,0,0,0,0,0,0,0
adult_drosophila_melanogaster,central_brain,PSp1,,LAL150,"Ito et al., 2013","immuno, lineage based",2,0,0,-1,0,0,0,0,0,0,0
adult_drosophila_melanogaster,central_brain,PSp1,,LAL150a,"Ito et al., 2013","immuno, lineage based",2,0,0,-1,0,0,0,0,0,0,0
adult_drosophila_melanogaster,central_brain,PSp1,,LAL150b,"Ito et al., 2013","immuno, lineage based",2,0,0,-1,0,0,0,0,0,0,0
adult_drosophila_melanogaster,central_brain,PSp1,,LAL151,"Ito et al., 2013","immuno, lineage based",2,0,0,-1,0,0,0,0,0,0,0
adult_drosophila_melanogaster,central_brain,DM5_central,,LAL152,"Ito et al., 2013","immuno, lineage based",2,0,0,-1,0,0,0,0,0,0,0
adult_drosophila_melanogaster,central_brain,DM5_central,,LAL153,"Ito et al., 2013","immuno, lineage based",2,0,0,-1,0,0,0,0,0,0,0
adult_drosophila_melanogaster,central_brain,DM5_central,,"LAL160,LAL161","Ito et al., 2013","immuno, lineage based",2,0,0,-1,0,0,0,0,0,0,0
adult_drosophila_melanogaster,central_brain,DM5_central,,LAL167,"Ito et al., 2013","immuno, lineage based",2,0,0,-1,0,0,0,0,0,0,0
adult_drosophila_melanogaster,central_brain,DM5_central,,LAL167a,"Ito et al., 2013","immuno, lineage based",2,0,0,-1,0,0,0,0,0,0,0
adult_drosophila_melanogaster,central_brain,DM5_central,,LAL167b,"Ito et al., 2013","immuno, lineage based",2,0,0,-1,0,0,0,0,0,0,0
adult_drosophila_melanogaster,central_brain,DM5_central,,LAL168,"Ito et al., 2013","immuno, lineage based",2,0,0,-1,0,0,0,0,0,0,0
adult_drosophila_melanogaster,central_brain,DM5_central,,LAL168a,"Ito et al., 2013","immuno, lineage based",2,0,0,-1,0,0,0,0,0,0,0
adult_drosophila_melanogaster,central_brain,DM5_central,,LAL168b,"Ito et al., 2013","immuno, lineage based",2,0,0,-1,0,0,0,0,0,0,0
adult_drosophila_melanogaster,central_brain,DM5_central,,"LAL176,LAL177","Ito et al., 2013","immuno, lineage based",2,0,0,-1,0,0,0,0,0,0,0
adult_drosophila_melanogaster,central_brain,DM5_central,,LAL179,"Ito et al., 2013","immuno, lineage based",2,0,0,-1,0,0,0,0,0,0,0
adult_drosophila_melanogaster,central_brain,DM5_central,,LAL179a,"Ito et al., 2013","immuno, lineage based",2,0,0,-1,0,0,0,0,0,0,0
adult_drosophila_melanogaster,central_brain,DM5_central,,LAL179b,"Ito et al., 2013","immuno, lineage based",2,0,0,-1,0,0,0,0,0,0,0
adult_drosophila_melanogaster,central_brain,DM5_central,,LAL180,"Ito et al., 2013","immuno, lineage based",2,0,0,-1,0,0,0,0,0,0,0
adult_drosophila_melanogaster,central_brain,DM5_ventral,,LAL185,"Ito et al., 2013","immuno, lineage based",2,0,0,-1,0,0,0,0,0,0,0
adult_drosophila_melanogaster,central_brain,DM5_ventral,,LAL186,"Ito et al., 2013","immuno, lineage based",2,0,0,-1,0,0,0,0,0,0,0
adult_drosophila_melanogaster,optic_lobe,VPNd2,,LC10,"Ito et al., 2013","immuno, lineage based",2,0,0,-1,0,0,0,0,0,0,0
adult_drosophila_melanogaster,optic_lobe,VPNd2,,LC10a,"Ito et al., 2013","immuno, lineage based",2,0,0,-1,0,0,0,0,0,0,0
adult_drosophila_melanogaster,optic_lobe,VPNd2,,LC10b,"Ito et al., 2013","immuno, lineage based",2,0,0,-1,0,0,0,0,0,0,0
adult_drosophila_melanogaster,optic_lobe,VPNd2,,LC10c,"Ito et al., 2013","immuno, lineage based",2,0,0,-1,0,0,0,0,0,0,0
adult_drosophila_melanogaster,optic_lobe,VPNd2,,LC10d,"Ito et al., 2013","immuno, lineage based",2,0,0,-1,0,0,0,0,0,0,0
adult_drosophila_melanogaster,optic_lobe,VPNd2,,LC10e,"Ito et al., 2013","immuno, lineage based",2,0,0,-1,0,0,0,0,0,0,0
adult_drosophila_melanogaster,optic_lobe,VPNd2,,LC10f,"Ito et al., 2013","immuno, lineage based",2,0,0,-1,0,0,0,0,0,0,0
adult_drosophila_melanogaster,optic_lobe,VPNp3,,LC11,"Ito et al., 2013","immuno, lineage based",2,0,0,-1,0,0,0,0,0,0,0
adult_drosophila_melanogaster,optic_lobe,VPNp1_lateral,,LC14,"Ito et al., 2013","immuno, lineage based",2,0,0,-1,0,0,0,0,0,0,0
adult_drosophila_melanogaster,optic_lobe,VPNp1_lateral,,LC14a1,"Ito et al., 2013","immuno, lineage based",2,0,0,-1,0,0,0,0,0,0,0
adult_drosophila_melanogaster,optic_lobe,VPNp1_lateral,,LC14a2,"Ito et al., 2013","immuno, lineage based",2,0,0,-1,0,0,0,0,0,0,0
adult_drosophila_melanogaster,optic_lobe,VPNp1_lateral,,LC14b,"Ito et al., 2013","immuno, lineage based",2,0,0,-1,0,0,0,0,0,0,0
adult_drosophila_melanogaster,optic_lobe,VPNv2,,LC16,"Ito et al., 2013","immuno, lineage based",2,0,0,-1,0,0,0,0,0,0,0
adult_drosophila_melanogaster,optic_lobe,VPNp2,,LC18,"Ito et al., 2013","immuno, lineage based",2,0,0,-1,0,0,0,0,0,0,0
adult_drosophila_melanogaster,optic_lobe,VPNp1_lateral,,LC19,"Ito et al., 2013","immuno, lineage based",2,0,0,-1,0,0,0,0,0,0,0
adult_drosophila_melanogaster,optic_lobe,VPNp3,,LC21,"Ito et al., 2013","immuno, lineage based",2,0,0,-1,0,0,0,0,0,0,0
adult_drosophila_melanogaster,optic_lobe,PSp3,,LC46,"Ito et al., 2013","immuno, lineage based",2,0,0,-1,0,0,0,0,0,0,0
adult_drosophila_melanogaster,optic_lobe,PSp3,,"LC46a,LC46b","Ito et al., 2013","immuno, lineage based",2,0,0,-1,0,0,0,0,0,0,0
adult_drosophila_melanogaster,optic_lobe,VPNd3,,LC6,"Ito et al., 2013","immuno, lineage based",2,0,0,-1,0,0,0,0,0,0,0
adult_drosophila_melanogaster,optic_lobe,VPNd3,,LC9,"Ito et al., 2013","immuno, lineage based",2,0,0,-1,0,0,0,0,0,0,0
adult_drosophila_melanogaster,optic_lobe,VPNp1_lateral,,LCe06,"Ito et al., 2013","immuno, lineage based",2,0,0,-1,0,0,0,0,0,0,0
adult_drosophila_melanogaster,optic_lobe,VPNp1_lateral,,LCe07,"Ito et al., 2013","immuno, lineage based",2,0,0,-1,0,0,0,0,0,0,0
adult_drosophila_melanogaster,central_brain,SLPal1,,LHAD1f1,"Ito et al., 2013","immuno, lineage based",2,0,0,-1,0,0,0,0,0,0,0
adult_drosophila_melanogaster,central_brain,SLPal1,,LHAD1f1a,"Ito et al., 2013","immuno, lineage based",2,0,0,-1,0,0,0,0,0,0,0
adult_drosophila_melanogaster,central_brain,SLPal1,,LHAD1f1b,"Ito et al., 2013","immuno, lineage based",2,0,0,-1,0,0,0,0,0,0,0
adult_drosophila_melanogaster,central_brain,SLPal1,,LHAD1f3_a,"Ito et al., 2013","immuno, lineage based",2,0,0,-1,0,0,0,0,0,0,0
adult_drosophila_melanogaster,central_brain,SLPal1,,LHAD1f3_b,"Ito et al., 2013","immuno, lineage based",2,0,0,-1,0,0,0,0,0,0,0
adult_drosophila_melanogaster,central_brain,SLPal1,,LHAD1f3a,"Ito et al., 2013","immuno, lineage based",2,0,0,-1,0,0,0,0,0,0,0
adult_drosophila_melanogaster,central_brain,SLPal1,,LHAD1f3b,"Ito et al., 2013","immuno, lineage based",2,0,0,-1,0,0,0,0,0,0,0
adult_drosophila_melanogaster,central_brain,SLPal1,,LHAD1f3c,"Ito et al., 2013","immuno, lineage based",2,0,0,-1,0,0,0,0,0,0,0
adult_drosophila_melanogaster,central_brain,SLPal1,,LHAD1f3d,"Ito et al., 2013","immuno, lineage based",2,0,0,-1,0,0,0,0,0,0,0
adult_drosophila_melanogaster,central_brain,SLPal1,,LHAD1f4,"Ito et al., 2013","immuno, lineage based",2,0,0,-1,0,0,0,0,0,0,0
adult_drosophila_melanogaster,central_brain,SLPal1,,LHAD1f4a,"Ito et al., 2013","immuno, lineage based",2,0,0,-1,0,0,0,0,0,0,0
adult_drosophila_melanogaster,central_brain,SLPal1,,LHAD1f4b,"Ito et al., 2013","immuno, lineage based",2,0,0,-1,0,0,0,0,0,0,0
adult_drosophila_melanogaster,central_brain,SLPal1,,LHAD1f4c,"Ito et al., 2013","immuno, lineage based",2,0,0,-1,0,0,0,0,0,0,0
adult_drosophila_melanogaster,central_brain,VLPd1,,LHAD2c1,"Ito et al., 2013","immuno, lineage based",2,0,0,-1,0,0,0,0,0,0,0
adult_drosophila_melanogaster,central_brain,VLPd1,,LHAD2c2,"Ito et al., 2013","immuno, lineage based",2,0,0,-1,0,0,0,0,0,0,0
adult_drosophila_melanogaster,central_brain,VLPd1,,LHAD2c3,"Ito et al., 2013","immuno, lineage based",2,0,0,-1,0,0,0,0,0,0,0
adult_drosophila_melanogaster,central_brain,VLPd1,,LHAD2c3a,"Ito et al., 2013","immuno, lineage based",2,0,0,-1,0,0,0,0,0,0,0
adult_drosophila_melanogaster,central_brain,VLPd1,,LHAD2c3b,"Ito et al., 2013","immuno, lineage based",2,0,0,-1,0,0,0,0,0,0,0
adult_drosophila_melanogaster,central_brain,VLPd1,,LHAD2c3c,"Ito et al., 2013","immuno, lineage based",2,0,0,-1,0,0,0,0,0,0,0
adult_drosophila_melanogaster,central_brain,VLPd1,,LHAD2e1,"Ito et al., 2013","immuno, lineage based",2,0,0,-1,0,0,0,0,0,0,0
adult_drosophila_melanogaster,central_brain,LHd1,,LHAD3a10,"Ito et al., 2013","immuno, lineage based",2,0,0,-1,0,0,0,0,0,0,0
adult_drosophila_melanogaster,central_brain,LHd1,,LHAD3a8,"Ito et al., 2013","immuno, lineage based",2,0,0,-1,0,0,0,0,0,0,0
adult_drosophila_melanogaster,central_brain,LHd1,,LHAD3d4,"Ito et al., 2013","immuno, lineage based",2,0,0,-1,0,0,0,0,0,0,0
adult_drosophila_melanogaster,central_brain,VLPd&p1_dorsal,,LHAD3g1,"Ito et al., 2013","immuno, lineage based",2,0,0,-1,0,0,0,0,0,0,0
adult_drosophila_melanogaster,central_brain,SLPav1_medial,,LHAV3e2,"Ito et al., 2013","lineage, based",2,0,0,-1,0,0,0,0,0,0,0
adult_drosophila_melanogaster,central_brain,SLPav1_medial,,LHAV3e3,"Ito et al., 2013","lineage, based",2,0,0,-1,0,0,0,0,0,0,0
adult_drosophila_melanogaster,central_brain,SLPav1_medial,,LHAV3e3a,"Ito et al., 2013","lineage, based",2,0,0,-1,0,0,0,0,0,0,0
adult_drosophila_melanogaster,central_brain,SLPav1_medial,,LHAV3e3b,"Ito et al., 2013","lineage, based",2,0,0,-1,0,0,0,0,0,0,0
adult_drosophila_melanogaster,central_brain,SLPav1_medial,,LHAV3e6,"Ito et al., 2013","lineage, based",2,0,0,-1,0,0,0,0,0,0,0
adult_drosophila_melanogaster,central_brain,SLPpm1,,LHCENT12,"Ito et al., 2013","immuno, lineage based",2,0,0,-1,0,0,0,0,0,0,0
adult_drosophila_melanogaster,central_brain,SLPpm1,,LHCENT12a,"Ito et al., 2013","immuno, lineage based",2,0,0,-1,0,0,0,0,0,0,0
adult_drosophila_melanogaster,central_brain,SLPpm1,,LHCENT12b,"Ito et al., 2013","immuno, lineage based",2,0,0,-1,0,0,0,0,0,0,0
adult_drosophila_melanogaster,central_brain,LHd1,,LHd1__0,"Ito et al., 2013","immuno, lineage based",2,0,0,-1,0,0,0,0,0,0,0
adult_drosophila_melanogaster,central_brain,LHp1,,LHp1__0,"Ito et al., 2013","immuno, lineage based",2,0,0,-1,0,0,0,0,0,0,0
adult_drosophila_melanogaster,central_brain,VLPd&p1_posterior,,LHPD2a1,"Ito et al., 2013","immuno, lineage based",2,0,0,-1,0,0,0,0,0,0,0
adult_drosophila_melanogaster,central_brain,VLPd&p1_posterior,,LHPD2b1,"Ito et al., 2013","immuno, lineage based",2,0,0,-1,0,0,0,0,0,0,0
adult_drosophila_melanogaster,central_brain,VLPd&p1_posterior,,LHPD2c1,"Ito et al., 2013","immuno, lineage based",2,0,0,-1,0,0,0,0,0,0,0
adult_drosophila_melanogaster,central_brain,SLPpm1,,LHPD4a2,"Ito et al., 2013","immuno, lineage based",2,0,0,-1,0,0,0,0,0,0,0
adult_drosophila_melanogaster,central_brain,VPNp1_medial,,LHPV3a1,"Ito et al., 2013","immuno, lineage based",2,0,0,-1,0,0,0,0,0,0,0
adult_drosophila_melanogaster,central_brain,VPNp1_medial,,LHPV3a2,"Ito et al., 2013","immuno, lineage based",2,0,0,-1,0,0,0,0,0,0,0
adult_drosophila_melanogaster,central_brain,VPNp1_medial,,LHPV3b1_b,"Ito et al., 2013","immuno, lineage based",2,0,0,-1,0,0,0,0,0,0,0
adult_drosophila_melanogaster,central_brain,LHp1,,"LHPV4a1,LHPV4a2","Ito et al., 2013","immuno, lineage based",2,0,0,-1,0,0,0,0,0,0,0
adult_drosophila_melanogaster,central_brain,LHp1,,LHPV4a10,"Ito et al., 2013","immuno, lineage based",2,0,0,-1,0,0,0,0,0,0,0
adult_drosophila_melanogaster,central_brain,LHp1,,LHPV4a11,"Ito et al., 2013","immuno, lineage based",2,0,0,-1,0,0,0,0,0,0,0
adult_drosophila_melanogaster,central_brain,LHp1,,LHPV4a2,"Ito et al., 2013","immuno, lineage based",2,0,0,-1,0,0,0,0,0,0,0
adult_drosophila_melanogaster,central_brain,LHp1,,LHPV4a3,"Ito et al., 2013","immuno, lineage based",2,0,0,-1,0,0,0,0,0,0,0
adult_drosophila_melanogaster,central_brain,LHp1,,LHPV4a4,"Ito et al., 2013","immuno, lineage based",2,0,0,-1,0,0,0,0,0,0,0
adult_drosophila_melanogaster,central_brain,LHp1,,LHPV4a5,"Ito et al., 2013","immuno, lineage based",2,0,0,-1,0,0,0,0,0,0,0
adult_drosophila_melanogaster,central_brain,LHp1,,LHPV4a7a,"Ito et al., 2013","immuno, lineage based",2,0,0,-1,0,0,0,0,0,0,0
adult_drosophila_melanogaster,central_brain,LHp1,,LHPV4a7b,"Ito et al., 2013","immuno, lineage based",2,0,0,-1,0,0,0,0,0,0,0
adult_drosophila_melanogaster,central_brain,LHp1,,LHPV4a8,"Ito et al., 2013","immuno, lineage based",2,0,0,-1,0,0,0,0,0,0,0
adult_drosophila_melanogaster,central_brain,LHp1,,LHPV4a9,"Ito et al., 2013","immuno, lineage based",2,0,0,-1,0,0,0,0,0,0,0
adult_drosophila_melanogaster,central_brain,LHp1,,LHPV4d3,"Ito et al., 2013","immuno, lineage based",2,0,0,-1,0,0,0,0,0,0,0
adult_drosophila_melanogaster,central_brain,LHp1,,LHPV4h1,"Ito et al., 2013","immuno, lineage based",2,0,0,-1,0,0,0,0,0,0,0
adult_drosophila_melanogaster,central_brain,LHp1,,LHPV4h3,"Ito et al., 2013","immuno, lineage based",2,0,0,-1,0,0,0,0,0,0,0
adult_drosophila_melanogaster,central_brain,LHp1,,LHPV4j3,"Ito et al., 2013","immuno, lineage based",2,0,0,-1,0,0,0,0,0,0,0
adult_drosophila_melanogaster,central_brain,LHp1,,LHPV4k1,"Ito et al., 2013","immuno, lineage based",2,0,0,-1,0,0,0,0,0,0,0
adult_drosophila_melanogaster,central_brain,DL2_dorsal,,LHPV5a1,"Ito et al., 2013","immuno, lineage based",2,0,0,-1,0,0,0,0,0,0,0
adult_drosophila_melanogaster,central_brain,DL2_dorsal,,LHPV5a2,"Ito et al., 2013","immuno, lineage based",2,0,0,-1,0,0,0,0,0,0,0
adult_drosophila_melanogaster,central_brain,DL2_dorsal,,LHPV5a3,"Ito et al., 2013","immuno, lineage based",2,0,0,-1,0,0,0,0,0,0,0
adult_drosophila_melanogaster,central_brain,DL2_dorsal,,LHPV5a5,"Ito et al., 2013","immuno, lineage based",2,0,0,-1,0,0,0,0,0,0,0
adult_drosophila_melanogaster,central_brain,DL2_dorsal,,LHPV5d1,"Ito et al., 2013","immuno, lineage based",2,0,0,-1,0,0,0,0,0,0,0
adult_drosophila_melanogaster,central_brain,DL2_dorsal,,LHPV5d3,"Ito et al., 2013","immuno, lineage based",2,0,0,-1,0,0,0,0,0,0,0
adult_drosophila_melanogaster,central_brain,DL2_dorsal,,LHPV5e1,"Ito et al., 2013","immuno, lineage based",2,0,0,-1,0,0,0,0,0,0,0
adult_drosophila_melanogaster,central_brain,DL2_dorsal,,"LHPV5g1_a,SMP270","Ito et al., 2013","immuno, lineage based",2,0,0,-1,0,0,0,0,0,0,0
adult_drosophila_melanogaster,central_brain,DL2_dorsal,,LHPV5g1_b,"Ito et al., 2013","immuno, lineage based",2,0,0,-1,0,0,0,0,0,0,0
adult_drosophila_melanogaster,central_brain,DL2_dorsal,,LHPV5g2,"Ito et al., 2013","immuno, lineage based",2,0,0,-1,0,0,0,0,0,0,0
adult_drosophila_melanogaster,optic_lobe,SLPpl1,,LMTe01,"Ito et al., 2013","lineage, based",2,0,0,-1,0,0,0,0,0,0,0
adult_drosophila_melanogaster,central_brain,SLPav1_lateral,,LNd,"Ito et al., 2013","lineage, based",2,0,0,-1,0,0,0,0,0,0,0
adult_drosophila_melanogaster,central_brain,SLPav1_lateral,,LNd_b,"Ito et al., 2013","lineage, based",2,0,0,-1,0,0,0,0,0,0,0
adult_drosophila_melanogaster,optic_lobe,SLPav1_medial,,LT57,"Ito et al., 2013","lineage, based",2,0,0,-1,0,0,0,0,0,0,0
adult_drosophila_melanogaster,optic_lobe,VPNp1_lateral,,LT81,"Ito et al., 2013","immuno, lineage based",2,0,0,-1,0,0,0,0,0,0,0
adult_drosophila_melanogaster,optic_lobe,VLPd&p1_posterior,,LTe11,"Ito et al., 2013","immuno, lineage based",2,0,0,-1,0,0,0,0,0,0,0
adult_drosophila_melanogaster,optic_lobe,VLPd&p1_posterior,,LTe43,"Ito et al., 2013","immuno, lineage based",2,0,0,-1,0,0,0,0,0,0,0
adult_drosophila_melanogaster,optic_lobe,PSp3,,LTe49a,"Ito et al., 2013","immuno, lineage based",2,0,0,-1,0,0,0,0,0,0,0
adult_drosophila_melanogaster,optic_lobe,PSp3,,LTe49b,"Ito et al., 2013","immuno, lineage based",2,0,0,-1,0,0,0,0,0,0,0
adult_drosophila_melanogaster,optic_lobe,PSp3,,LTe49c,"Ito et al., 2013","immuno, lineage based",2,0,0,-1,0,0,0,0,0,0,0
adult_drosophila_melanogaster,optic_lobe,PSp3,,LTe49d,"Ito et al., 2013","immuno, lineage based",2,0,0,-1,0,0,0,0,0,0,0
adult_drosophila_melanogaster,optic_lobe,PSp3,,LTe49e,"Ito et al., 2013","immuno, lineage based",2,0,0,-1,0,0,0,0,0,0,0
adult_drosophila_melanogaster,optic_lobe,PSp3,,LTe49f,"Ito et al., 2013","immuno, lineage based",2,0,0,-1,0,0,0,0,0,0,0
adult_drosophila_melanogaster,optic_lobe,PSp3,,LTe61,"Ito et al., 2013","immuno, lineage based",2,0,0,-1,0,0,0,0,0,0,0
adult_drosophila_melanogaster,optic_lobe,PSp3,,LTe65,"Ito et al., 2013","immuno, lineage based",2,0,0,-1,0,0,0,0,0,0,0
adult_drosophila_melanogaster,optic_lobe,PSp3,,LTe66,"Ito et al., 2013","immuno, lineage based",2,0,0,-1,0,0,0,0,0,0,0
adult_drosophila_melanogaster,optic_lobe,VLPd&p1_posterior,,LTe67,"Ito et al., 2013","immuno, lineage based",2,0,0,-1,0,0,0,0,0,0,0
adult_drosophila_melanogaster,optic_lobe,VLPd&p1_posterior,,LTe68,"Ito et al., 2013","immuno, lineage based",2,0,0,-1,0,0,0,0,0,0,0
adult_drosophila_melanogaster,optic_lobe,SLPpl1,,LTe71,"Ito et al., 2013","lineage, based",2,0,0,-1,0,0,0,0,0,0,0
adult_drosophila_melanogaster,central_brain,ALad1,,M_adPNm3,"Ito et al., 2013","immuno, lineage based",2,0,0,-1,0,0,0,0,0,0,0
adult_drosophila_melanogaster,central_brain,ALad1,,"M_adPNm4,M_adPNm5","Ito et al., 2013","immuno, lineage based",2,0,0,-1,0,0,0,0,0,0,0
adult_drosophila_melanogaster,central_brain,ALad1,,M_adPNm6,"Ito et al., 2013","immuno, lineage based",2,0,0,-1,0,0,0,0,0,0,0
adult_drosophila_melanogaster,central_brain,ALad1,,M_adPNm7,"Ito et al., 2013","immuno, lineage based",2,0,0,-1,0,0,0,0,0,0,0
adult_drosophila_melanogaster,central_brain,ALad1,,M_adPNm8,"Ito et al., 2013","immuno, lineage based",2,0,0,-1,0,0,0,0,0,0,0
adult_drosophila_melanogaster,central_brain,ALlv1,,M_lvPNm24,"Ito et al., 2013","immuno, lineage based",2,0,0,-1,0,0,0,0,0,0,0
adult_drosophila_melanogaster,central_brain,ALlv1,,M_lvPNm25,"Ito et al., 2013","immuno, lineage based",2,0,0,-1,0,0,0,0,0,0,0
adult_drosophila_melanogaster,central_brain,ALlv1,,M_lvPNm26,"Ito et al., 2013","immuno, lineage based",2,0,0,-1,0,0,0,0,0,0,0
adult_drosophila_melanogaster,central_brain,ALlv1,,M_lvPNm27,"Ito et al., 2013","immuno, lineage based",2,0,0,-1,0,0,0,0,0,0,0
adult_drosophila_melanogaster,central_brain,ALlv1,,M_lvPNm28,"Ito et al., 2013","immuno, lineage based",2,0,0,-1,0,0,0,0,0,0,0
adult_drosophila_melanogaster,central_brain,ALlv1,,M_lvPNm29,"Ito et al., 2013","immuno, lineage based",2,0,0,-1,0,0,0,0,0,0,0
adult_drosophila_melanogaster,central_brain,ALlv1,,"M_lvPNm30,M_lvPNm32","Ito et al., 2013","immuno, lineage based",2,0,0,-1,0,0,0,0,0,0,0
adult_drosophila_melanogaster,central_brain,ALlv1,,M_lvPNm31,"Ito et al., 2013","immuno, lineage based",2,0,0,-1,0,0,0,0,0,0,0
adult_drosophila_melanogaster,central_brain,ALlv1,,"M_lvPNm33,M_lvPNm34","Ito et al., 2013","immuno, lineage based",2,0,0,-1,0,0,0,0,0,0,0
adult_drosophila_melanogaster,central_brain,ALlv1,,M_lvPNm35,"Ito et al., 2013","immuno, lineage based",2,0,0,-1,0,0,0,0,0,0,0
adult_drosophila_melanogaster,central_brain,ALlv1,,M_lvPNm37,"Ito et al., 2013","immuno, lineage based",2,0,0,-1,0,0,0,0,0,0,0
adult_drosophila_melanogaster,central_brain,ALlv1,,M_lvPNm39,"Ito et al., 2013","immuno, lineage based",2,0,0,-1,0,0,0,0,0,0,0
adult_drosophila_melanogaster,central_brain,ALlv1,,M_lvPNm40,"Ito et al., 2013","immuno, lineage based",2,0,0,-1,0,0,0,0,0,0,0
adult_drosophila_melanogaster,central_brain,ALlv1,,M_lvPNm41,"Ito et al., 2013","immuno, lineage based",2,0,0,-1,0,0,0,0,0,0,0
adult_drosophila_melanogaster,central_brain,ALlv1,,M_lvPNm42,"Ito et al., 2013","immuno, lineage based",2,0,0,-1,0,0,0,0,0,0,0
adult_drosophila_melanogaster,central_brain,ALlv1,,M_lvPNm43,"Ito et al., 2013","immuno, lineage based",2,0,0,-1,0,0,0,0,0,0,0
adult_drosophila_melanogaster,central_brain,ALlv1,,M_lvPNm44,"Ito et al., 2013","immuno, lineage based",2,0,0,-1,0,0,0,0,0,0,0
adult_drosophila_melanogaster,central_brain,ALlv1,,M_lvPNm45,"Ito et al., 2013","immuno, lineage based",2,0,0,-1,0,0,0,0,0,0,0
adult_drosophila_melanogaster,central_brain,ALlv1,,M_lvPNm46,"Ito et al., 2013","immuno, lineage based",2,0,0,-1,0,0,0,0,0,0,0
adult_drosophila_melanogaster,central_brain,ALlv1,,M_lvPNm47,"Ito et al., 2013","immuno, lineage based",2,0,0,-1,0,0,0,0,0,0,0
adult_drosophila_melanogaster,central_brain,ALlv1,,M_lvPNm48,"Ito et al., 2013","immuno, lineage based",2,0,0,-1,0,0,0,0,0,0,0
adult_drosophila_melanogaster,central_brain,DL2_ventral,,MBON29,"Ito et al., 2013","immuno, lineage based",2,0,0,-1,0,0,0,0,0,0,0
adult_drosophila_melanogaster,central_brain,ALlv1,,MZ_lvPN,"Ito et al., 2013","immuno, lineage based",2,0,0,-1,0,0,0,0,0,0,0
adult_drosophila_melanogaster,central_brain,SLPal1,,PLP006,"Ito et al., 2013","immuno, lineage based",2,0,0,-1,0,0,0,0,0,0,0
adult_drosophila_melanogaster,central_brain,SLPal1,,PLP007,"Ito et al., 2013","immuno, lineage based",2,0,0,-1,0,0,0,0,0,0,0
adult_drosophila_melanogaster,central_brain,SLPav1_medial,,PLP064_a,"Ito et al., 2013","lineage, based",2,0,0,-1,0,0,0,0,0,0,0
adult_drosophila_melanogaster,central_brain,SLPav1_medial,,PLP064_b,"Ito et al., 2013","lineage, based",2,0,0,-1,0,0,0,0,0,0,0
adult_drosophila_melanogaster,central_brain,SLPav1_medial,,PLP065,"Ito et al., 2013","lineage, based",2,0,0,-1,0,0,0,0,0,0,0
adult_drosophila_melanogaster,central_brain,SLPav1_medial,,PLP065a,"Ito et al., 2013","lineage, based",2,0,0,-1,0,0,0,0,0,0,0
adult_drosophila_melanogaster,central_brain,SLPav1_medial,,PLP065b,"Ito et al., 2013","lineage, based",2,0,0,-1,0,0,0,0,0,0,0
adult_drosophila_melanogaster,central_brain,SLPav1_medial,,PLP067,"Ito et al., 2013","lineage, based",2,0,0,-1,0,0,0,0,0,0,0
adult_drosophila_melanogaster,central_brain,SLPav1_medial,,PLP067a,"Ito et al., 2013","lineage, based",2,0,0,-1,0,0,0,0,0,0,0
adult_drosophila_melanogaster,central_brain,SLPav1_medial,,PLP067b,"Ito et al., 2013","lineage, based",2,0,0,-1,0,0,0,0,0,0,0
adult_drosophila_melanogaster,central_brain,SLPav1_medial,,PLP068,"Ito et al., 2013","lineage, based",2,0,0,-1,0,0,0,0,0,0,0
adult_drosophila_melanogaster,central_brain,SLPpl1,,PLP080,"Ito et al., 2013","lineage, based",2,0,0,-1,0,0,0,0,0,0,0
adult_drosophila_melanogaster,central_brain,VLPd&p1_posterior,,PLP121,"Ito et al., 2013","immuno, lineage based",2,0,0,-1,0,0,0,0,0,0,0
adult_drosophila_melanogaster,central_brain,VLPd&p1_posterior,,PLP122,"Ito et al., 2013","immuno, lineage based",2,0,0,-1,0,0,0,0,0,0,0
adult_drosophila_melanogaster,central_brain,VPNp1_medial,,PLP187,"Ito et al., 2013","immuno, lineage based",2,0,0,-1,0,0,0,0,0,0,0
adult_drosophila_melanogaster,central_brain,VPNp1_medial,,"PLP188,PLP189","Ito et al., 2013","immuno, lineage based",2,0,0,-1,0,0,0,0,0,0,0
adult_drosophila_melanogaster,central_brain,VPNp1_medial,,PLP190,"Ito et al., 2013","immuno, lineage based",2,0,0,-1,0,0,0,0,0,0,0
adult_drosophila_melanogaster,central_brain,VPNp1_medial,,"PLP191,PLP192","Ito et al., 2013","immuno, lineage based",2,0,0,-1,0,0,0,0,0,0,0
adult_drosophila_melanogaster,central_brain,VLPp2,,PLP222,"Ito et al., 2013","immuno, lineage based",2,0,0,-1,0,0,0,0,0,0,0
adult_drosophila_melanogaster,central_brain,VLPp2,,PLP223,"Ito et al., 2013","immuno, lineage based",2,0,0,-1,0,0,0,0,0,0,0
adult_drosophila_melanogaster,central_brain,PSp3,,PLP239,"Ito et al., 2013","immuno, lineage based",2,0,0,-1,0,0,0,0,0,0,0
adult_drosophila_melanogaster,optic_lobe,PSp3,,PLP240,"Ito et al., 2013","immuno, lineage based",2,0,0,-1,0,0,0,0,0,0,0
adult_drosophila_melanogaster,central_brain,PSp3,,PLP241,"Ito et al., 2013","immuno, lineage based",2,0,0,-1,0,0,0,0,0,0,0
adult_drosophila_melanogaster,central_brain,AOTUv3_ventral,,PS080,"Ito et al., 2013","immuno, lineage based",2,0,0,-1,0,0,0,0,0,0,0
adult_drosophila_melanogaster,central_brain,AOTUv3_ventral,,"PS081,PS085","Ito et al., 2013","immuno, lineage based",2,0,0,-1,0,0,0,0,0,0,0
adult_drosophila_melanogaster,central_brain,AOTUv3_ventral,,"PS082,PS084","Ito et al., 2013","immuno, lineage based",2,0,0,-1,0,0,0,0,0,0,0
adult_drosophila_melanogaster,central_brain,AOTUv3_ventral,,PS083,"Ito et al., 2013","immuno, lineage based",2,0,0,-1,0,0,0,0,0,0,0
adult_drosophila_melanogaster,central_brain,AOTUv3_ventral,,PS083a,"Ito et al., 2013","immuno, lineage based",2,0,0,-1,0,0,0,0,0,0,0
adult_drosophila_melanogaster,central_brain,AOTUv3_ventral,,PS083b,"Ito et al., 2013","immuno, lineage based",2,0,0,-1,0,0,0,0,0,0,0
adult_drosophila_melanogaster,central_brain,AOTUv3_ventral,,PS086,"Ito et al., 2013","immuno, lineage based",2,0,0,-1,0,0,0,0,0,0,0
adult_drosophila_melanogaster,central_brain,AOTUv3_ventral,,PS087,"Ito et al., 2013","immuno, lineage based",2,0,0,-1,0,0,0,0,0,0,0
adult_drosophila_melanogaster,central_brain,PSa1,,PS090,"Ito et al., 2013",immuno,2,0,0,1,0,0,0,0,0,0,0
adult_drosophila_melanogaster,central_brain,PSa1,,PS090a,"Ito et al., 2013",immuno,2,0,0,1,0,0,0,0,0,0,0
adult_drosophila_melanogaster,central_brain,PSa1,,PS090b,"Ito et al., 2013",immuno,2,0,0,1,0,0,0,0,0,0,0
adult_drosophila_melanogaster,central_brain,PSa1,,PS091,"Ito et al., 2013",immuno,2,0,0,1,0,0,0,0,0,0,0
adult_drosophila_melanogaster,central_brain,PSa1,,PS092,"Ito et al., 2013",immuno,2,0,0,1,0,0,0,0,0,0,0
adult_drosophila_melanogaster,central_brain,PSa1,,PS093,"Ito et al., 2013",immuno,2,0,0,1,0,0,0,0,0,0,0
adult_drosophila_melanogaster,central_brain,PSa1,,PS094,"Ito et al., 2013",immuno,2,0,0,1,0,0,0,0,0,0,0
adult_drosophila_melanogaster,central_brain,PSa1,,PS094a,"Ito et al., 2013",immuno,2,0,0,1,0,0,0,0,0,0,0
adult_drosophila_melanogaster,central_brain,PSa1,,PS094b,"Ito et al., 2013",immuno,2,0,0,1,0,0,0,0,0,0,0
adult_drosophila_melanogaster,central_brain,PSa1,,PS095,"Ito et al., 2013",immuno,2,0,0,1,0,0,0,0,0,0,0
adult_drosophila_melanogaster,central_brain,PSa1,,PS096,"Ito et al., 2013",immuno,2,0,0,1,0,0,0,0,0,0,0
adult_drosophila_melanogaster,central_brain,PSa1,,PS097,"Ito et al., 2013",immuno,2,0,0,1,0,0,0,0,0,0,0
adult_drosophila_melanogaster,central_brain,CLp1,,PS108,"Ito et al., 2013","immuno, lineage based",2,0,0,-1,0,0,0,0,0,0,0
adult_drosophila_melanogaster,central_brain,CLp1,,PS109,"Ito et al., 2013","immuno, lineage based",2,0,0,-1,0,0,0,0,0,0,0
adult_drosophila_melanogaster,central_brain,SMPp&v1_posterior,,PS111,"Ito et al., 2013","immuno, lineage based",2,0,0,-1,0,0,0,0,0,0,0
adult_drosophila_melanogaster,central_brain,SMPp&v1_posterior,,PS112,"Ito et al., 2013","immuno, lineage based",2,0,0,-1,0,0,0,0,0,0,0
adult_drosophila_melanogaster,optic_lobe,PSp3,,PS179,"Ito et al., 2013","immuno, lineage based",2,0,0,-1,0,0,0,0,0,0,0
adult_drosophila_melanogaster,central_brain,PSp3,,PS183,"Ito et al., 2013","immuno, lineage based",2,0,0,-1,0,0,0,0,0,0,0
adult_drosophila_melanogaster,central_brain,PSp1,,PS187,"Ito et al., 2013","immuno, lineage based",2,0,0,-1,0,0,0,0,0,0,0
adult_drosophila_melanogaster,central_brain,PSp1,,PS188,"Ito et al., 2013","immuno, lineage based",2,0,0,-1,0,0,0,0,0,0,0
adult_drosophila_melanogaster,central_brain,PSp1,,PS188a,"Ito et al., 2013","immuno, lineage based",2,0,0,-1,0,0,0,0,0,0,0
adult_drosophila_melanogaster,central_brain,PSp1,,PS188b,"Ito et al., 2013","immuno, lineage based",2,0,0,-1,0,0,0,0,0,0,0
adult_drosophila_melanogaster,central_brain,PSp1,,PS188c,"Ito et al., 2013","immuno, lineage based",2,0,0,-1,0,0,0,0,0,0,0
adult_drosophila_melanogaster,central_brain,PSp1,,PS191,"Ito et al., 2013","immuno, lineage based",2,0,0,-1,0,0,0,0,0,0,0
adult_drosophila_melanogaster,central_brain,PSp1,,PS191a,"Ito et al., 2013","immuno, lineage based",2,0,0,-1,0,0,0,0,0,0,0
adult_drosophila_melanogaster,central_brain,PSp1,,PS191b,"Ito et al., 2013","immuno, lineage based",2,0,0,-1,0,0,0,0,0,0,0
adult_drosophila_melanogaster,central_brain,PSp1,,PS192,"Ito et al., 2013","immuno, lineage based",2,0,0,-1,0,0,0,0,0,0,0
adult_drosophila_melanogaster,central_brain,PSp1,,PS193,"Ito et al., 2013","immuno, lineage based",2,0,0,-1,0,0,0,0,0,0,0
adult_drosophila_melanogaster,central_brain,PSp1,,PS193a,"Ito et al., 2013","immuno, lineage based",2,0,0,-1,0,0,0,0,0,0,0
adult_drosophila_melanogaster,central_brain,PSp1,,PS193b,"Ito et al., 2013","immuno, lineage based",2,0,0,-1,0,0,0,0,0,0,0
adult_drosophila_melanogaster,central_brain,PSp1,,PS193c,"Ito et al., 2013","immuno, lineage based",2,0,0,-1,0,0,0,0,0,0,0
adult_drosophila_melanogaster,central_brain,PSp1,,PS194,"Ito et al., 2013","immuno, lineage based",2,0,0,-1,0,0,0,0,0,0,0
adult_drosophila_melanogaster,central_brain,VLPp2,,PS198,"Ito et al., 2013","immuno, lineage based",2,0,0,-1,0,0,0,0,0,0,0
adult_drosophila_melanogaster,central_brain,PSp3,,PS199,"Ito et al., 2013","immuno, lineage based",2,0,0,-1,0,0,0,0,0,0,0
adult_drosophila_melanogaster,central_brain,VLPp2,,PS208,"Ito et al., 2013","immuno, lineage based",2,0,0,-1,0,0,0,0,0,0,0
adult_drosophila_melanogaster,central_brain,VLPp2,,PS208a,"Ito et al., 2013","immuno, lineage based",2,0,0,-1,0,0,0,0,0,0,0
adult_drosophila_melanogaster,central_brain,VLPp2,,PS208b,"Ito et al., 2013","immuno, lineage based",2,0,0,-1,0,0,0,0,0,0,0
adult_drosophila_melanogaster,central_brain,VLPp2,,PS209,"Ito et al., 2013","immuno, lineage based",2,0,0,-1,0,0,0,0,0,0,0
adult_drosophila_melanogaster,central_brain,VLPp2,,PS210,"Ito et al., 2013","immuno, lineage based",2,0,0,-1,0,0,0,0,0,0,0
adult_drosophila_melanogaster,neck_connective,PSp2,,PS211,"Ito et al., 2013","immuno, lineage based",2,0,0,-1,0,0,0,0,0,0,0
adult_drosophila_melanogaster,neck_connective,PSp2,,PS212,"Ito et al., 2013","immuno, lineage based",2,0,0,-1,0,0,0,0,0,0,0
adult_drosophila_melanogaster,central_brain,PSp2,,PS220,"Ito et al., 2013","immuno, lineage based",2,0,0,-1,0,0,0,0,0,0,0
adult_drosophila_melanogaster,central_brain,PSp2,,PS221,"Ito et al., 2013","immuno, lineage based",2,0,0,-1,0,0,0,0,0,0,0
adult_drosophila_melanogaster,neck_connective,PSp2,,PS222,"Ito et al., 2013","immuno, lineage based",2,0,0,-1,0,0,0,0,0,0,0
adult_drosophila_melanogaster,central_brain,PSp2,,PS224,"Ito et al., 2013","immuno, lineage based",2,0,0,-1,0,0,0,0,0,0,0
adult_drosophila_melanogaster,neck_connective,PSp2,,PS225,"Ito et al., 2013","immuno, lineage based",2,0,0,-1,0,0,0,0,0,0,0
adult_drosophila_melanogaster,neck_connective,PSp2,,PS226,"Ito et al., 2013","immuno, lineage based",2,0,0,-1,0,0,0,0,0,0,0
adult_drosophila_melanogaster,neck_connective,PSp2,,PS227,"Ito et al., 2013","immuno, lineage based",2,0,0,-1,0,0,0,0,0,0,0
adult_drosophila_melanogaster,neck_connective,PSp2,,PS228,"Ito et al., 2013","immuno, lineage based",2,0,0,-1,0,0,0,0,0,0,0
adult_drosophila_melanogaster,central_brain,DM5_central,,PS233,"Ito et al., 2013","immuno, lineage based",2,0,0,-1,0,0,0,0,0,0,0
adult_drosophila_melanogaster,neck_connective,PSp3,,PS271,"Ito et al., 2013","immuno, lineage based",2,0,0,-1,0,0,0,0,0,0,0
adult_drosophila_melanogaster,optic_lobe,PSp3,,PS273,"Ito et al., 2013","immuno, lineage based",2,0,0,-1,0,0,0,0,0,0,0
adult_drosophila_melanogaster,neck_connective,PSp3,,PS275,"Ito et al., 2013","immuno, lineage based",2,0,0,-1,0,0,0,0,0,0,0
adult_drosophila_melanogaster,central_brain,PSa1,,PSa1_48,"Ito et al., 2013",immuno,2,0,0,1,0,0,0,0,0,0,0
adult_drosophila_melanogaster,central_brain,PSa1,,PSa1_49,"Ito et al., 2013",immuno,2,0,0,1,0,0,0,0,0,0,0
adult_drosophila_melanogaster,central_brain,PSp2,,PSp2_24,"Ito et al., 2013","immuno, lineage based",2,0,0,-1,0,0,0,0,0,0,0
adult_drosophila_melanogaster,central_brain,PSp3,,PSp3__0,"Ito et al., 2013","immuno, lineage based",2,0,0,-1,0,0,0,0,0,0,0
adult_drosophila_melanogaster,central_brain,PSp3,,PSp3__1,"Ito et al., 2013","immuno, lineage based",2,0,0,-1,0,0,0,0,0,0,0
adult_drosophila_melanogaster,central_brain,VLPd&p1_dorsal,,"PVLP004,PVLP005","Ito et al., 2013","immuno, lineage based",2,0,0,-1,0,0,0,0,0,0,0
adult_drosophila_melanogaster,central_brain,VLPd&p1_dorsal,,PVLP006,"Ito et al., 2013","immuno, lineage based",2,0,0,-1,0,0,0,0,0,0,0
adult_drosophila_melanogaster,central_brain,VLPd&p1_dorsal,,PVLP007,"Ito et al., 2013","immuno, lineage based",2,0,0,-1,0,0,0,0,0,0,0
adult_drosophila_melanogaster,central_brain,VLPd&p1_dorsal,,PVLP008,"Ito et al., 2013","immuno, lineage based",2,0,0,-1,0,0,0,0,0,0,0
adult_drosophila_melanogaster,central_brain,SLPad1_anterior,,PVLP009,"Ito et al., 2013","immuno, lineage based",2,0,0,-1,0,0,0,0,0,0,0
adult_drosophila_melanogaster,central_brain,SMPp&v1_posterior,,PVLP107,"Ito et al., 2013","immuno, lineage based",2,0,0,-1,0,0,0,0,0,0,0
adult_drosophila_melanogaster,central_brain,VPNp1_medial,,PVLP133,"Ito et al., 2013","immuno, lineage based",2,0,0,-1,0,0,0,0,0,0,0
adult_drosophila_melanogaster,central_brain,VPNp1_medial,,PVLP134,"Ito et al., 2013","immuno, lineage based",2,0,0,-1,0,0,0,0,0,0,0
adult_drosophila_melanogaster,central_brain,DM5_central,,PVLP144,"Ito et al., 2013","immuno, lineage based",2,0,0,-1,0,0,0,0,0,0,0
adult_drosophila_melanogaster,central_brain,WEDa1,,SAD021_a,"Ito et al., 2013",immuno,2,0,0,1,0,0,0,0,0,0,0
adult_drosophila_melanogaster,central_brain,WEDa1,,SAD021_c,"Ito et al., 2013",immuno,2,0,0,1,0,0,0,0,0,0,0
adult_drosophila_melanogaster,central_brain,WEDa1,,SAD023,"Ito et al., 2013",immuno,2,0,0,1,0,0,0,0,0,0,0
adult_drosophila_melanogaster,central_brain,WEDa1,,SAD030,"Ito et al., 2013",immuno,2,0,0,1,0,0,0,0,0,0,0
adult_drosophila_melanogaster,central_brain,ALlv1,,SAD036,"Ito et al., 2013","immuno, lineage based",2,0,0,-1,0,0,0,0,0,0,0
adult_drosophila_melanogaster,central_brain,ALlv1,,SAD040,"Ito et al., 2013","immuno, lineage based",2,0,0,-1,0,0,0,0,0,0,0
adult_drosophila_melanogaster,central_brain,AOTUv3_ventral,,SAD047,"Ito et al., 2013","immuno, lineage based",2,0,0,-1,0,0,0,0,0,0,0
adult_drosophila_melanogaster,central_brain,DM5_central,,SAD085,"Ito et al., 2013","immuno, lineage based",2,0,0,-1,0,0,0,0,0,0,0
adult_drosophila_melanogaster,central_brain,AOTUv4_dorsal,,SIP003_a,"Ito et al., 2013","immuno, lineage based",2,0,0,-1,0,0,0,0,0,0,0
adult_drosophila_melanogaster,central_brain,AOTUv4_dorsal,,SIP003_b,"Ito et al., 2013","immuno, lineage based",2,0,0,-1,0,0,0,0,0,0,0
adult_drosophila_melanogaster,central_brain,AOTUv3_dorsal,,SIP004,"Ito et al., 2013","immuno, lineage based",2,0,0,-1,0,0,0,0,0,0,0
adult_drosophila_melanogaster,central_brain,VLPd&p1_dorsal,,"SIP014,SIP016","Ito et al., 2013","immuno, lineage based",2,0,0,-1,0,0,0,0,0,0,0
adult_drosophila_melanogaster,central_brain,VLPd&p1_dorsal,,SIP015,"Ito et al., 2013","immuno, lineage based",2,0,0,-1,0,0,0,0,0,0,0
adult_drosophila_melanogaster,central_brain,VLPd&p1_posterior,,"SIP032,SIP059","Ito et al., 2013","immuno, lineage based",2,0,0,-1,0,0,0,0,0,0,0
adult_drosophila_melanogaster,central_brain,SLPad1_posterior,,SIP033,"Ito et al., 2013","immuno, lineage based",2,0,0,-1,0,0,0,0,0,0,0
adult_drosophila_melanogaster,central_brain,SLPad1_posterior,,SIP034,"Ito et al., 2013","immuno, lineage based",2,0,0,-1,0,0,0,0,0,0,0
adult_drosophila_melanogaster,central_brain,SLPad1_posterior,,SIP041,"Ito et al., 2013","immuno, lineage based",2,0,0,-1,0,0,0,0,0,0,0
adult_drosophila_melanogaster,central_brain,SLPpl1,,SIP046,"Ito et al., 2013","lineage, based",2,0,0,-1,0,0,0,0,0,0,0
adult_drosophila_melanogaster,central_brain,VLPd&p1_posterior,,SIP047,"Ito et al., 2013","immuno, lineage based",2,0,0,-1,0,0,0,0,0,0,0
adult_drosophila_melanogaster,central_brain,VLPd&p1_posterior,,SIP047a,"Ito et al., 2013","immuno, lineage based",2,0,0,-1,0,0,0,0,0,0,0
adult_drosophila_melanogaster,central_brain,VLPd&p1_posterior,,SIP047b,"Ito et al., 2013","immuno, lineage based",2,0,0,-1,0,0,0,0,0,0,0
adult_drosophila_melanogaster,optic_lobe,VLPd&p1_posterior,,SIP058,"Ito et al., 2013","immuno, lineage based",2,0,0,-1,0,0,0,0,0,0,0
adult_drosophila_melanogaster,central_brain,VLPd&p1_posterior,,SIP061,"Ito et al., 2013","immuno, lineage based",2,0,0,-1,0,0,0,0,0,0,0
adult_drosophila_melanogaster,optic_lobe,VLPd&p1_posterior,,"SIP062,SIP063","Ito et al., 2013","immuno, lineage based",2,0,0,-1,0,0,0,0,0,0,0
adult_drosophila_melanogaster,central_brain,SLPal1,,SLP006,"Ito et al., 2013","immuno, lineage based",2,0,0,-1,0,0,0,0,0,0,0
adult_drosophila_melanogaster,central_brain,SLPal1,,SLP007,"Ito et al., 2013","immuno, lineage based",2,0,0,-1,0,0,0,0,0,0,0
adult_drosophila_melanogaster,central_brain,SLPal1,,SLP007a,"Ito et al., 2013","immuno, lineage based",2,0,0,-1,0,0,0,0,0,0,0
adult_drosophila_melanogaster,central_brain,SLPal1,,SLP007b,"Ito et al., 2013","immuno, lineage based",2,0,0,-1,0,0,0,0,0,0,0
adult_drosophila_melanogaster,central_brain,SLPal1,,SLP008,"Ito et al., 2013","immuno, lineage based",2,0,0,-1,0,0,0,0,0,0,0
adult_drosophila_melanogaster,central_brain,SLPal1,,SLP011,"Ito et al., 2013","immuno, lineage based",2,0,0,-1,0,0,0,0,0,0,0
adult_drosophila_melanogaster,central_brain,SLPal1,,SLP012,"Ito et al., 2013","immuno, lineage based",2,0,0,-1,0,0,0,0,0,0,0
adult_drosophila_melanogaster,central_brain,SLPal1,,SLP016,"Ito et al., 2013","immuno, lineage based",2,0,0,-1,0,0,0,0,0,0,0
adult_drosophila_melanogaster,central_brain,SLPal1,,SLP017,"Ito et al., 2013","immuno, lineage based",2,0,0,-1,0,0,0,0,0,0,0
adult_drosophila_melanogaster,central_brain,SLPal1,,SLP019,"Ito et al., 2013","immuno, lineage based",2,0,0,-1,0,0,0,0,0,0,0
adult_drosophila_melanogaster,central_brain,SLPal1,,SLP024,"Ito et al., 2013","immuno, lineage based",2,0,0,-1,0,0,0,0,0,0,0
adult_drosophila_melanogaster,central_brain,SLPal1,,SLP024a,"Ito et al., 2013","immuno, lineage based",2,0,0,-1,0,0,0,0,0,0,0
adult_drosophila_melanogaster,central_brain,SLPal1,,SLP024b,"Ito et al., 2013","immuno, lineage based",2,0,0,-1,0,0,0,0,0,0,0
adult_drosophila_melanogaster,central_brain,SLPal1,,SLP024c,"Ito et al., 2013","immuno, lineage based",2,0,0,-1,0,0,0,0,0,0,0
adult_drosophila_melanogaster,central_brain,SLPal1,,SLP024d,"Ito et al., 2013","immuno, lineage based",2,0,0,-1,0,0,0,0,0,0,0
adult_drosophila_melanogaster,central_brain,SLPal1,,SLP025,"Ito et al., 2013","immuno, lineage based",2,0,0,-1,0,0,0,0,0,0,0
adult_drosophila_melanogaster,central_brain,SLPal1,,SLP025a,"Ito et al., 2013","immuno, lineage based",2,0,0,-1,0,0,0,0,0,0,0
adult_drosophila_melanogaster,central_brain,SLPal1,,SLP025b,"Ito et al., 2013","immuno, lineage based",2,0,0,-1,0,0,0,0,0,0,0
adult_drosophila_melanogaster,central_brain,SLPal1,,SLP026,"Ito et al., 2013","immuno, lineage based",2,0,0,-1,0,0,0,0,0,0,0
adult_drosophila_melanogaster,central_brain,SLPal1,,SLP027,"Ito et al., 2013","immuno, lineage based",2,0,0,-1,0,0,0,0,0,0,0
adult_drosophila_melanogaster,central_brain,SLPal1,,SLP028,"Ito et al., 2013","immuno, lineage based",2,0,0,-1,0,0,0,0,0,0,0
adult_drosophila_melanogaster,central_brain,SLPal1,,SLP028a,"Ito et al., 2013","immuno, lineage based",2,0,0,-1,0,0,0,0,0,0,0
adult_drosophila_melanogaster,central_brain,SLPal1,,SLP028b,"Ito et al., 2013","immuno, lineage based",2,0,0,-1,0,0,0,0,0,0,0
adult_drosophila_melanogaster,central_brain,SLPal1,,SLP028c,"Ito et al., 2013","immuno, lineage based",2,0,0,-1,0,0,0,0,0,0,0
adult_drosophila_melanogaster,central_brain,SLPal1,,SLP030,"Ito et al., 2013","immuno, lineage based",2,0,0,-1,0,0,0,0,0,0,0
adult_drosophila_melanogaster,central_brain,SLPad1_anterior,,SLP118,"Ito et al., 2013","immuno, lineage based",2,0,0,-1,0,0,0,0,0,0,0
adult_drosophila_melanogaster,central_brain,SLPad1_anterior,,SLP119,"Ito et al., 2013","immuno, lineage based",2,0,0,-1,0,0,0,0,0,0,0
adult_drosophila_melanogaster,central_brain,SLPad1_anterior,,SLP120,"Ito et al., 2013","immuno, lineage based",2,0,0,-1,0,0,0,0,0,0,0
adult_drosophila_melanogaster,central_brain,SLPad1_anterior,,SLP122,"Ito et al., 2013","immuno, lineage based",2,0,0,-1,0,0,0,0,0,0,0
adult_drosophila_melanogaster,central_brain,LHd1,,SLP149,"Ito et al., 2013","immuno, lineage based",2,0,0,-1,0,0,0,0,0,0,0
adult_drosophila_melanogaster,central_brain,LHd1,,SLP151,"Ito et al., 2013","immuno, lineage based",2,0,0,-1,0,0,0,0,0,0,0
adult_drosophila_melanogaster,central_brain,LHd1,,SLP152,"Ito et al., 2013","immuno, lineage based",2,0,0,-1,0,0,0,0,0,0,0
adult_drosophila_melanogaster,central_brain,SLPad1_anterior,,SLP153,"Ito et al., 2013","immuno, lineage based",2,0,0,-1,0,0,0,0,0,0,0
adult_drosophila_melanogaster,central_brain,SLPad1_anterior,,SLP155,"Ito et al., 2013","immuno, lineage based",2,0,0,-1,0,0,0,0,0,0,0
adult_drosophila_melanogaster,central_brain,SLPad1_anterior,,SLP157,"Ito et al., 2013","immuno, lineage based",2,0,0,-1,0,0,0,0,0,0,0
adult_drosophila_melanogaster,central_brain,SLPad1_anterior,,SLP158,"Ito et al., 2013","immuno, lineage based",2,0,0,-1,0,0,0,0,0,0,0
adult_drosophila_melanogaster,central_brain,SLPad1_anterior,,SLP159,"Ito et al., 2013","immuno, lineage based",2,0,0,-1,0,0,0,0,0,0,0
adult_drosophila_melanogaster,central_brain,SLPad1_anterior,,SLP160,"Ito et al., 2013","immuno, lineage based",2,0,0,-1,0,0,0,0,0,0,0
adult_drosophila_melanogaster,central_brain,SLPad1_anterior,,SLP162,"Ito et al., 2013","immuno, lineage based",2,0,0,-1,0,0,0,0,0,0,0
adult_drosophila_melanogaster,central_brain,SLPad1_anterior,,SLP162a,"Ito et al., 2013","immuno, lineage based",2,0,0,-1,0,0,0,0,0,0,0
adult_drosophila_melanogaster,central_brain,SLPad1_anterior,,SLP162b,"Ito et al., 2013","immuno, lineage based",2,0,0,-1,0,0,0,0,0,0,0
adult_drosophila_melanogaster,central_brain,SLPad1_anterior,,SLP162c,"Ito et al., 2013","immuno, lineage based",2,0,0,-1,0,0,0,0,0,0,0
adult_drosophila_melanogaster,central_brain,SLPad1_anterior,,"SLP168,SLP125","Ito et al., 2013","immuno, lineage based",2,0,0,-1,0,0,0,0,0,0,0
adult_drosophila_melanogaster,central_brain,SLPad1_anterior,,SLP169,"Ito et al., 2013","immuno, lineage based",2,0,0,-1,0,0,0,0,0,0,0
adult_drosophila_melanogaster,central_brain,SLPav1_medial,,SLP221,"Ito et al., 2013","lineage, based",2,0,0,-1,0,0,0,0,0,0,0
adult_drosophila_melanogaster,central_brain,SLPav1_medial,,SLP222,"Ito et al., 2013","lineage, based",2,0,0,-1,0,0,0,0,0,0,0
adult_drosophila_melanogaster,central_brain,SLPav1_medial,,SLP223,"Ito et al., 2013","lineage, based",2,0,0,-1,0,0,0,0,0,0,0
adult_drosophila_melanogaster,central_brain,SLPav1_medial,,SLP224,"Ito et al., 2013","lineage, based",2,0,0,-1,0,0,0,0,0,0,0
adult_drosophila_melanogaster,central_brain,SLPav1_medial,,SLP226,"Ito et al., 2013","lineage, based",2,0,0,-1,0,0,0,0,0,0,0
adult_drosophila_melanogaster,central_brain,SLPav1_medial,,SLP227,"Ito et al., 2013","lineage, based",2,0,0,-1,0,0,0,0,0,0,0
adult_drosophila_melanogaster,central_brain,SLPav1_medial,,SLP228,"Ito et al., 2013","lineage, based",2,0,0,-1,0,0,0,0,0,0,0
adult_drosophila_melanogaster,central_brain,SLPpl1,,SLP249,"Ito et al., 2013","lineage, based",2,0,0,-1,0,0,0,0,0,0,0
adult_drosophila_melanogaster,optic_lobe,SLPpl1,,SLP250,"Ito et al., 2013","lineage, based",2,0,0,-1,0,0,0,0,0,0,0
adult_drosophila_melanogaster,central_brain,SLPpl1,,SLP257,"Ito et al., 2013","lineage, based",2,0,0,-1,0,0,0,0,0,0,0
adult_drosophila_melanogaster,central_brain,SLPpl1,,SLP258,"Ito et al., 2013","lineage, based",2,0,0,-1,0,0,0,0,0,0,0
adult_drosophila_melanogaster,central_brain,SLPpl1,,SLP265,"Ito et al., 2013","lineage, based",2,0,0,-1,0,0,0,0,0,0,0
adult_drosophila_melanogaster,central_brain,SLPpl1,,SLP265a,"Ito et al., 2013","lineage, based",2,0,0,-1,0,0,0,0,0,0,0
adult_drosophila_melanogaster,central_brain,SLPpl1,,SLP265b,"Ito et al., 2013","lineage, based",2,0,0,-1,0,0,0,0,0,0,0
adult_drosophila_melanogaster,central_brain,SLPpm1,,SLP285,"Ito et al., 2013","immuno, lineage based",2,0,0,-1,0,0,0,0,0,0,0
adult_drosophila_melanogaster,central_brain,SLPpm1,,SLP286,"Ito et al., 2013","immuno, lineage based",2,0,0,-1,0,0,0,0,0,0,0
adult_drosophila_melanogaster,central_brain,SLPpm1,,SLP286a,"Ito et al., 2013","immuno, lineage based",2,0,0,-1,0,0,0,0,0,0,0
adult_drosophila_melanogaster,central_brain,SLPpm1,,SLP286b,"Ito et al., 2013","immuno, lineage based",2,0,0,-1,0,0,0,0,0,0,0
adult_drosophila_melanogaster,central_brain,SLPpm1,,SLP287,"Ito et al., 2013","immuno, lineage based",2,0,0,-1,0,0,0,0,0,0,0
adult_drosophila_melanogaster,central_brain,SLPpm1,,SLP288,"Ito et al., 2013","immuno, lineage based",2,0,0,-1,0,0,0,0,0,0,0
adult_drosophila_melanogaster,central_brain,SLPpm1,,SLP288a,"Ito et al., 2013","immuno, lineage based",2,0,0,-1,0,0,0,0,0,0,0
adult_drosophila_melanogaster,central_brain,SLPpm1,,SLP288b,"Ito et al., 2013","immuno, lineage based",2,0,0,-1,0,0,0,0,0,0,0
adult_drosophila_melanogaster,central_brain,SLPpm1,,SLP288c,"Ito et al., 2013","immuno, lineage based",2,0,0,-1,0,0,0,0,0,0,0
adult_drosophila_melanogaster,central_brain,SLPpm1,,SLP289,"Ito et al., 2013","immuno, lineage based",2,0,0,-1,0,0,0,0,0,0,0
adult_drosophila_melanogaster,central_brain,SLPpm1,,SLP290,"Ito et al., 2013","immuno, lineage based",2,0,0,-1,0,0,0,0,0,0,0
adult_drosophila_melanogaster,central_brain,SLPpm1,,SLP291,"Ito et al., 2013","immuno, lineage based",2,0,0,-1,0,0,0,0,0,0,0
adult_drosophila_melanogaster,central_brain,SLPpm1,,SLP295,"Ito et al., 2013","immuno, lineage based",2,0,0,-1,0,0,0,0,0,0,0
adult_drosophila_melanogaster,central_brain,SLPpm1,,SLP295a,"Ito et al., 2013","immuno, lineage based",2,0,0,-1,0,0,0,0,0,0,0
adult_drosophila_melanogaster,central_brain,SLPpm1,,SLP295b,"Ito et al., 2013","immuno, lineage based",2,0,0,-1,0,0,0,0,0,0,0
adult_drosophila_melanogaster,central_brain,SLPpm1,,SLP298,"Ito et al., 2013","immuno, lineage based",2,0,0,-1,0,0,0,0,0,0,0
adult_drosophila_melanogaster,central_brain,SLPpm1,,SLP300,"Ito et al., 2013","immuno, lineage based",2,0,0,-1,0,0,0,0,0,0,0
adult_drosophila_melanogaster,central_brain,SLPpm1,,SLP300a,"Ito et al., 2013","immuno, lineage based",2,0,0,-1,0,0,0,0,0,0,0
adult_drosophila_melanogaster,central_brain,SLPpm1,,SLP300b,"Ito et al., 2013","immuno, lineage based",2,0,0,-1,0,0,0,0,0,0,0
adult_drosophila_melanogaster,central_brain,SLPpm1,,SLP302,"Ito et al., 2013","immuno, lineage based",2,0,0,-1,0,0,0,0,0,0,0
adult_drosophila_melanogaster,central_brain,SLPpm1,,SLP302a,"Ito et al., 2013","immuno, lineage based",2,0,0,-1,0,0,0,0,0,0,0
adult_drosophila_melanogaster,central_brain,SLPpm1,,SLP302b,"Ito et al., 2013","immuno, lineage based",2,0,0,-1,0,0,0,0,0,0,0
adult_drosophila_melanogaster,central_brain,SLPad1_anterior,,SLP307,"Ito et al., 2013","immuno, lineage based",2,0,0,-1,0,0,0,0,0,0,0
adult_drosophila_melanogaster,central_brain,SLPpl1,,SLP376,"Ito et al., 2013","lineage, based",2,0,0,-1,0,0,0,0,0,0,0
adult_drosophila_melanogaster,central_brain,SMPpd1,,SLP390,"Ito et al., 2013","immuno, lineage based",2,0,0,-1,0,0,0,0,0,0,0
adult_drosophila_melanogaster,central_brain,SMPpd1,,SLP391,"Ito et al., 2013","immuno, lineage based",2,0,0,-1,0,0,0,0,0,0,0
adult_drosophila_melanogaster,central_brain,SMPpd1,,SLP392,"Ito et al., 2013","immuno, lineage based",2,0,0,-1,0,0,0,0,0,0,0
adult_drosophila_melanogaster,central_brain,SMPpd1,,SLP396,"Ito et al., 2013","immuno, lineage based",2,0,0,-1,0,0,0,0,0,0,0
adult_drosophila_melanogaster,central_brain,SMPpd1,,SLP397,"Ito et al., 2013","immuno, lineage based",2,0,0,-1,0,0,0,0,0,0,0
adult_drosophila_melanogaster,central_brain,SMPpd1,,SLP398,"Ito et al., 2013","immuno, lineage based",2,0,0,-1,0,0,0,0,0,0,0
adult_drosophila_melanogaster,central_brain,SMPpd1,,SLP398a,"Ito et al., 2013","immuno, lineage based",2,0,0,-1,0,0,0,0,0,0,0
adult_drosophila_melanogaster,central_brain,SMPpd1,,SLP398b,"Ito et al., 2013","immuno, lineage based",2,0,0,-1,0,0,0,0,0,0,0
adult_drosophila_melanogaster,central_brain,SMPpd1,,SLP400,"Ito et al., 2013","immuno, lineage based",2,0,0,-1,0,0,0,0,0,0,0
adult_drosophila_melanogaster,central_brain,SMPpd1,,SLP400a,"Ito et al., 2013","immuno, lineage based",2,0,0,-1,0,0,0,0,0,0,0
adult_drosophila_melanogaster,central_brain,SMPpd1,,SLP400b,"Ito et al., 2013","immuno, lineage based",2,0,0,-1,0,0,0,0,0,0,0
adult_drosophila_melanogaster,central_brain,CLp1,,"SLP402,SMP426","Ito et al., 2013","immuno, lineage based",2,0,0,-1,0,0,0,0,0,0,0
adult_drosophila_melanogaster,central_brain,CLp1,,SLP412,"Ito et al., 2013","immuno, lineage based",2,0,0,-1,0,0,0,0,0,0,0
adult_drosophila_melanogaster,central_brain,SLPpm4,,SLP438,"Ito et al., 2013","immuno, lineage based",2,0,0,-1,0,0,0,0,0,0,0
adult_drosophila_melanogaster,central_brain,SLPad1_anterior,,SLP467,"Ito et al., 2013","immuno, lineage based",2,0,0,-1,0,0,0,0,0,0,0
adult_drosophila_melanogaster,central_brain,SLPad1_anterior,,SLP467a,"Ito et al., 2013","immuno, lineage based",2,0,0,-1,0,0,0,0,0,0,0
adult_drosophila_melanogaster,central_brain,SLPad1_anterior,,SLP467b,"Ito et al., 2013","immuno, lineage based",2,0,0,-1,0,0,0,0,0,0,0
adult_drosophila_melanogaster,central_brain,SLPad1_anterior,,"SLPad1_anterior_12,22,30,5","Ito et al., 2013","immuno, lineage based",2,0,0,-1,0,0,0,0,0,0,0
adult_drosophila_melanogaster,central_brain,SLPal1,,SLPal1__0,"Ito et al., 2013","immuno, lineage based",2,0,0,-1,0,0,0,0,0,0,0
adult_drosophila_melanogaster,central_brain,SLPal1,,SLPal1_39,"Ito et al., 2013","immuno, lineage based",2,0,0,-1,0,0,0,0,0,0,0
adult_drosophila_melanogaster,central_brain,SLPpm1,,SLPpm1__0,"Ito et al., 2013","immuno, lineage based",2,0,0,-1,0,0,0,0,0,0,0
adult_drosophila_melanogaster,central_brain,AOTUv4_dorsal,,SMP006,"Ito et al., 2013","immuno, lineage based",2,0,0,-1,0,0,0,0,0,0,0
adult_drosophila_melanogaster,central_brain,AOTUv4_dorsal,,SMP008,"Ito et al., 2013","immuno, lineage based",2,0,0,-1,0,0,0,0,0,0,0
adult_drosophila_melanogaster,central_brain,AOTUv3_dorsal,,SMP013,"Ito et al., 2013","immuno, lineage based",2,0,0,-1,0,0,0,0,0,0,0
adult_drosophila_melanogaster,central_brain,AOTUv3_dorsal,,SMP014,"Ito et al., 2013","immuno, lineage based",2,0,0,-1,0,0,0,0,0,0,0
adult_drosophila_melanogaster,central_brain,AOTUv3_dorsal,,SMP015,"Ito et al., 2013","immuno, lineage based",2,0,0,-1,0,0,0,0,0,0,0
adult_drosophila_melanogaster,central_brain,AOTUv3_dorsal,,SMP016,"Ito et al., 2013","immuno, lineage based",2,0,0,-1,0,0,0,0,0,0,0
adult_drosophila_melanogaster,central_brain,AOTUv3_dorsal,,SMP018,"Ito et al., 2013","immuno, lineage based",2,0,0,-1,0,0,0,0,0,0,0
adult_drosophila_melanogaster,central_brain,AOTUv3_dorsal,,SMP019,"Ito et al., 2013","immuno, lineage based",2,0,0,-1,0,0,0,0,0,0,0
adult_drosophila_melanogaster,central_brain,AOTUv3_dorsal,,SMP019a,"Ito et al., 2013","immuno, lineage based",2,0,0,-1,0,0,0,0,0,0,0
adult_drosophila_melanogaster,central_brain,AOTUv3_dorsal,,SMP019b,"Ito et al., 2013","immuno, lineage based",2,0,0,-1,0,0,0,0,0,0,0
adult_drosophila_melanogaster,central_brain,AOTUv3_dorsal,,SMP020,"Ito et al., 2013","immuno, lineage based",2,0,0,-1,0,0,0,0,0,0,0
adult_drosophila_melanogaster,central_brain,AOTUv3_dorsal,,SMP021,"Ito et al., 2013","immuno, lineage based",2,0,0,-1,0,0,0,0,0,0,0
adult_drosophila_melanogaster,central_brain,SMPad1,,SMP081,"Ito et al., 2013","immuno, lineage based",2,0,0,-1,0,0,0,0,0,0,0
adult_drosophila_melanogaster,central_brain,SMPad1,,SMP083,"Ito et al., 2013","immuno, lineage based",2,0,0,-1,0,0,0,0,0,0,0
adult_drosophila_melanogaster,central_brain,SMPad1,,SMP084,"Ito et al., 2013","immuno, lineage based",2,0,0,-1,0,0,0,0,0,0,0
adult_drosophila_melanogaster,central_brain,SMPad1,,SMP085,"Ito et al., 2013","immuno, lineage based",2,0,0,-1,0,0,0,0,0,0,0
adult_drosophila_melanogaster,central_brain,SMPad1,,SMP087,"Ito et al., 2013","immuno, lineage based",2,0,0,-1,0,0,0,0,0,0,0
adult_drosophila_melanogaster,central_brain,SMPad1,,SMP090,"Ito et al., 2013","immuno, lineage based",2,0,0,-1,0,0,0,0,0,0,0
adult_drosophila_melanogaster,central_brain,SMPad1,,SMP092,"Ito et al., 2013","immuno, lineage based",2,0,0,-1,0,0,0,0,0,0,0
adult_drosophila_melanogaster,central_brain,SMPad1,,SMP093,"Ito et al., 2013","immuno, lineage based",2,0,0,-1,0,0,0,0,0,0,0
adult_drosophila_melanogaster,central_brain,SMPad1,,SMP095,"Ito et al., 2013","immuno, lineage based",2,0,0,-1,0,0,0,0,0,0,0
adult_drosophila_melanogaster,central_brain,SMPad1,,SMP096,"Ito et al., 2013","immuno, lineage based",2,0,0,-1,0,0,0,0,0,0,0
adult_drosophila_melanogaster,central_brain,SMPad1,,SMP102,"Ito et al., 2013","immuno, lineage based",2,0,0,-1,0,0,0,0,0,0,0
adult_drosophila_melanogaster,central_brain,SMPad1,,SMP103,"Ito et al., 2013","immuno, lineage based",2,0,0,-1,0,0,0,0,0,0,0
adult_drosophila_melanogaster,central_brain,SMPad1,,"SMP104,SMP105,SMP107","Ito et al., 2013","immuno, lineage based",2,0,0,-1,0,0,0,0,0,0,0
adult_drosophila_melanogaster,central_brain,SMPad1,,SMP106,"Ito et al., 2013","immuno, lineage based",2,0,0,-1,0,0,0,0,0,0,0
adult_drosophila_melanogaster,central_brain,SMPad1,,SMP106a,"Ito et al., 2013","immuno, lineage based",2,0,0,-1,0,0,0,0,0,0,0
adult_drosophila_melanogaster,central_brain,SMPad1,,SMP106b,"Ito et al., 2013","immuno, lineage based",2,0,0,-1,0,0,0,0,0,0,0
adult_drosophila_melanogaster,central_brain,AOTUv4_dorsal,,SMP153,"Ito et al., 2013","immuno, lineage based",2,0,0,-1,0,0,0,0,0,0,0
adult_drosophila_melanogaster,central_brain,AOTUv4_dorsal,,SMP153a,"Ito et al., 2013","immuno, lineage based",2,0,0,-1,0,0,0,0,0,0,0
adult_drosophila_melanogaster,central_brain,AOTUv4_dorsal,,SMP153b,"Ito et al., 2013","immuno, lineage based",2,0,0,-1,0,0,0,0,0,0,0
adult_drosophila_melanogaster,central_brain,VLPa1_medial,,SMP160,"Ito et al., 2013","immuno, lineage based",2,0,0,-1,0,0,0,0,0,0,0
adult_drosophila_melanogaster,central_brain,VLPa1_medial,,SMP161,"Ito et al., 2013","immuno, lineage based",2,0,0,-1,0,0,0,0,0,0,0
adult_drosophila_melanogaster,central_brain,VLPa1_medial,,SMP162,"Ito et al., 2013","immuno, lineage based",2,0,0,-1,0,0,0,0,0,0,0
adult_drosophila_melanogaster,central_brain,VLPa1_medial,,SMP162a,"Ito et al., 2013","immuno, lineage based",2,0,0,-1,0,0,0,0,0,0,0
adult_drosophila_melanogaster,central_brain,VLPa1_medial,,SMP162b,"Ito et al., 2013","immuno, lineage based",2,0,0,-1,0,0,0,0,0,0,0
adult_drosophila_melanogaster,central_brain,VLPa1_medial,,SMP162c,"Ito et al., 2013","immuno, lineage based",2,0,0,-1,0,0,0,0,0,0,0
adult_drosophila_melanogaster,central_brain,AOTUv4_ventral,,SMP170,"Ito et al., 2013","immuno, lineage based",2,0,0,-1,0,0,0,0,0,0,0
adult_drosophila_melanogaster,central_brain,DL2_dorsal,,SMP177,"Ito et al., 2013","immuno, lineage based",2,0,0,-1,0,0,0,0,0,0,0
adult_drosophila_melanogaster,central_brain,DL2_dorsal,,SMP179,"Ito et al., 2013","immuno, lineage based",2,0,0,-1,0,0,0,0,0,0,0
adult_drosophila_melanogaster,central_brain,DL2_dorsal,,SMP180,"Ito et al., 2013","immuno, lineage based",2,0,0,-1,0,0,0,0,0,0,0
adult_drosophila_melanogaster,central_brain,DL2_dorsal,,SMP182,"Ito et al., 2013","immuno, lineage based",2,0,0,-1,0,0,0,0,0,0,0
adult_drosophila_melanogaster,central_brain,DL2_dorsal,,SMP185,"Ito et al., 2013","immuno, lineage based",2,0,0,-1,0,0,0,0,0,0,0
adult_drosophila_melanogaster,central_brain,DL2_dorsal,,SMP186,"Ito et al., 2013","immuno, lineage based",2,0,0,-1,0,0,0,0,0,0,0
adult_drosophila_melanogaster,central_brain,DL2_dorsal,,SMP187,"Ito et al., 2013","immuno, lineage based",2,0,0,-1,0,0,0,0,0,0,0
adult_drosophila_melanogaster,central_brain,DL2_dorsal,,SMP188,"Ito et al., 2013","immuno, lineage based",2,0,0,-1,0,0,0,0,0,0,0
adult_drosophila_melanogaster,central_brain,DL2_dorsal,,SMP189,"Ito et al., 2013","immuno, lineage based",2,0,0,-1,0,0,0,0,0,0,0
adult_drosophila_melanogaster,central_brain,DL2_dorsal,,SMP191,"Ito et al., 2013","immuno, lineage based",2,0,0,-1,0,0,0,0,0,0,0
adult_drosophila_melanogaster,central_brain,VLPd&p1_posterior,,"SMP206,SLP327","Ito et al., 2013","immuno, lineage based",2,0,0,-1,0,0,0,0,0,0,0
adult_drosophila_melanogaster,central_brain,SLPad1_posterior,,SMP207,"Ito et al., 2013","immuno, lineage based",2,0,0,-1,0,0,0,0,0,0,0
adult_drosophila_melanogaster,central_brain,SLPad1_posterior,,SMP208,"Ito et al., 2013","immuno, lineage based",2,0,0,-1,0,0,0,0,0,0,0
adult_drosophila_melanogaster,central_brain,SLPad1_posterior,,SMP210,"Ito et al., 2013","immuno, lineage based",2,0,0,-1,0,0,0,0,0,0,0
adult_drosophila_melanogaster,central_brain,SLPad1_posterior,,"SMP213,SMP214","Ito et al., 2013","immuno, lineage based",2,0,0,-1,0,0,0,0,0,0,0
adult_drosophila_melanogaster,central_brain,SLPpl1,,SMP215,"Ito et al., 2013","lineage, based",2,0,0,-1,0,0,0,0,0,0,0
adult_drosophila_melanogaster,central_brain,SLPpl1,,SMP215a,"Ito et al., 2013","lineage, based",2,0,0,-1,0,0,0,0,0,0,0
adult_drosophila_melanogaster,central_brain,SLPpl1,,SMP215b,"Ito et al., 2013","lineage, based",2,0,0,-1,0,0,0,0,0,0,0
adult_drosophila_melanogaster,central_brain,SLPpl1,,SMP215c,"Ito et al., 2013","lineage, based",2,0,0,-1,0,0,0,0,0,0,0
adult_drosophila_melanogaster,central_brain,SLPpl1,,SMP229,"Ito et al., 2013","lineage, based",2,0,0,-1,0,0,0,0,0,0,0
adult_drosophila_melanogaster,central_brain,VLPd&p1_posterior,,SMP245,"Ito et al., 2013","immuno, lineage based",2,0,0,-1,0,0,0,0,0,0,0
adult_drosophila_melanogaster,central_brain,VLPd&p1_posterior,,SMP246,"Ito et al., 2013","immuno, lineage based",2,0,0,-1,0,0,0,0,0,0,0
adult_drosophila_melanogaster,central_brain,VLPd&p1_posterior,,SMP248,"Ito et al., 2013","immuno, lineage based",2,0,0,-1,0,0,0,0,0,0,0
adult_drosophila_melanogaster,central_brain,VLPd&p1_posterior,,SMP248a,"Ito et al., 2013","immuno, lineage based",2,0,0,-1,0,0,0,0,0,0,0
adult_drosophila_melanogaster,central_brain,VLPd&p1_posterior,,SMP248b,"Ito et al., 2013","immuno, lineage based",2,0,0,-1,0,0,0,0,0,0,0
adult_drosophila_melanogaster,central_brain,VLPd&p1_posterior,,SMP248c,"Ito et al., 2013","immuno, lineage based",2,0,0,-1,0,0,0,0,0,0,0
adult_drosophila_melanogaster,central_brain,VLPd&p1_posterior,,SMP283,"Ito et al., 2013","immuno, lineage based",2,0,0,-1,0,0,0,0,0,0,0
adult_drosophila_melanogaster,central_brain,SMPpd1,,SMP333,"Ito et al., 2013","immuno, lineage based",2,0,0,-1,0,0,0,0,0,0,0
adult_drosophila_melanogaster,central_brain,SMPpd1,,SMP334,"Ito et al., 2013","immuno, lineage based",2,0,0,-1,0,0,0,0,0,0,0
adult_drosophila_melanogaster,central_brain,SMPp&v1_posterior,,SMP336,"Ito et al., 2013","immuno, lineage based",2,0,0,-1,0,0,0,0,0,0,0
adult_drosophila_melanogaster,central_brain,SMPpd1,,SMP339,"Ito et al., 2013","immuno, lineage based",2,0,0,-1,0,0,0,0,0,0,0
adult_drosophila_melanogaster,central_brain,SMPpd1,,SMP340,"Ito et al., 2013","immuno, lineage based",2,0,0,-1,0,0,0,0,0,0,0
adult_drosophila_melanogaster,central_brain,SMPpd1,,SMP341,"Ito et al., 2013","immuno, lineage based",2,0,0,-1,0,0,0,0,0,0,0
adult_drosophila_melanogaster,central_brain,CLp1,,SMP342,"Ito et al., 2013","immuno, lineage based",2,0,0,-1,0,0,0,0,0,0,0
adult_drosophila_melanogaster,central_brain,SMPp&v1_posterior,,SMP344,"Ito et al., 2013","immuno, lineage based",2,0,0,-1,0,0,0,0,0,0,0
adult_drosophila_melanogaster,central_brain,SMPp&v1_posterior,,SMP344a,"Ito et al., 2013","immuno, lineage based",2,0,0,-1,0,0,0,0,0,0,0
adult_drosophila_melanogaster,central_brain,SMPp&v1_posterior,,SMP344b,"Ito et al., 2013","immuno, lineage based",2,0,0,-1,0,0,0,0,0,0,0
adult_drosophila_melanogaster,central_brain,CLp1,,SMP345,"Ito et al., 2013","immuno, lineage based",2,0,0,-1,0,0,0,0,0,0,0
adult_drosophila_melanogaster,central_brain,SMPpd1,,SMP346,"Ito et al., 2013","immuno, lineage based",2,0,0,-1,0,0,0,0,0,0,0
adult_drosophila_melanogaster,central_brain,SMPpd1,,SMP348,"Ito et al., 2013","immuno, lineage based",2,0,0,-1,0,0,0,0,0,0,0
adult_drosophila_melanogaster,central_brain,SMPpd1,,SMP348a,"Ito et al., 2013","immuno, lineage based",2,0,0,-1,0,0,0,0,0,0,0
adult_drosophila_melanogaster,central_brain,SMPpd1,,SMP348b,"Ito et al., 2013","immuno, lineage based",2,0,0,-1,0,0,0,0,0,0,0
adult_drosophila_melanogaster,central_brain,SMPpd1,,SMP353,"Ito et al., 2013","immuno, lineage based",2,0,0,-1,0,0,0,0,0,0,0
adult_drosophila_melanogaster,central_brain,SMPpd1,,SMP355,"Ito et al., 2013","immuno, lineage based",2,0,0,-1,0,0,0,0,0,0,0
adult_drosophila_melanogaster,central_brain,SMPpd1,,SMP357,"Ito et al., 2013","immuno, lineage based",2,0,0,-1,0,0,0,0,0,0,0
adult_drosophila_melanogaster,central_brain,SMPpd1,,SMP359,"Ito et al., 2013","immuno, lineage based",2,0,0,-1,0,0,0,0,0,0,0
adult_drosophila_melanogaster,central_brain,SMPpd1,,SMP360,"Ito et al., 2013","immuno, lineage based",2,0,0,-1,0,0,0,0,0,0,0
adult_drosophila_melanogaster,central_brain,SMPpd1,,SMP361,"Ito et al., 2013","immuno, lineage based",2,0,0,-1,0,0,0,0,0,0,0
adult_drosophila_melanogaster,central_brain,SMPpd1,,SMP361a,"Ito et al., 2013","immuno, lineage based",2,0,0,-1,0,0,0,0,0,0,0
adult_drosophila_melanogaster,central_brain,SMPpd1,,SMP361b,"Ito et al., 2013","immuno, lineage based",2,0,0,-1,0,0,0,0,0,0,0
adult_drosophila_melanogaster,central_brain,SMPpd1,,SMP362,"Ito et al., 2013","immuno, lineage based",2,0,0,-1,0,0,0,0,0,0,0
adult_drosophila_melanogaster,central_brain,CLp1,,SMP419,"Ito et al., 2013","immuno, lineage based",2,0,0,-1,0,0,0,0,0,0,0
adult_drosophila_melanogaster,central_brain,CLp1,,SMP420,"Ito et al., 2013","immuno, lineage based",2,0,0,-1,0,0,0,0,0,0,0
adult_drosophila_melanogaster,central_brain,CLp1,,SMP421,"Ito et al., 2013","immuno, lineage based",2,0,0,-1,0,0,0,0,0,0,0
adult_drosophila_melanogaster,central_brain,CLp1,,SMP422,"Ito et al., 2013","immuno, lineage based",2,0,0,-1,0,0,0,0,0,0,0
adult_drosophila_melanogaster,central_brain,CLp1,,SMP423,"Ito et al., 2013","immuno, lineage based",2,0,0,-1,0,0,0,0,0,0,0
adult_drosophila_melanogaster,central_brain,CLp1,,SMP424,"Ito et al., 2013","immuno, lineage based",2,0,0,-1,0,0,0,0,0,0,0
adult_drosophila_melanogaster,central_brain,CLp1,,SMP425,"Ito et al., 2013","immuno, lineage based",2,0,0,-1,0,0,0,0,0,0,0
adult_drosophila_melanogaster,central_brain,CLp1,,SMP428,"Ito et al., 2013","immuno, lineage based",2,0,0,-1,0,0,0,0,0,0,0
adult_drosophila_melanogaster,central_brain,CLp1,,SMP429,"Ito et al., 2013","immuno, lineage based",2,0,0,-1,0,0,0,0,0,0,0
adult_drosophila_melanogaster,central_brain,SMPp&v1_posterior,,SMP441,"Ito et al., 2013","immuno, lineage based",2,0,0,-1,0,0,0,0,0,0,0
adult_drosophila_melanogaster,central_brain,SMPp&v1_posterior,,SMP443,"Ito et al., 2013","immuno, lineage based",2,0,0,-1,0,0,0,0,0,0,0
adult_drosophila_melanogaster,central_brain,SMPp&v1_posterior,,SMP444,"Ito et al., 2013","immuno, lineage based",2,0,0,-1,0,0,0,0,0,0,0
adult_drosophila_melanogaster,central_brain,SMPp&v1_posterior,,SMP445,"Ito et al., 2013","immuno, lineage based",2,0,0,-1,0,0,0,0,0,0,0
adult_drosophila_melanogaster,central_brain,SMPp&v1_posterior,,SMP446,"Ito et al., 2013","immuno, lineage based",2,0,0,-1,0,0,0,0,0,0,0
adult_drosophila_melanogaster,central_brain,SMPp&v1_posterior,,SMP446a,"Ito et al., 2013","immuno, lineage based",2,0,0,-1,0,0,0,0,0,0,0
adult_drosophila_melanogaster,central_brain,SMPp&v1_posterior,,SMP446b,"Ito et al., 2013","immuno, lineage based",2,0,0,-1,0,0,0,0,0,0,0
adult_drosophila_melanogaster,central_brain,SMPp&v1_posterior,,SMP447,"Ito et al., 2013","immuno, lineage based",2,0,0,-1,0,0,0,0,0,0,0
adult_drosophila_melanogaster,central_brain,SMPp&v1_posterior,,SMP448,"Ito et al., 2013","immuno, lineage based",2,0,0,-1,0,0,0,0,0,0,0
adult_drosophila_melanogaster,central_brain,SMPp&v1_posterior,,SMP451,"Ito et al., 2013","immuno, lineage based",2,0,0,-1,0,0,0,0,0,0,0
adult_drosophila_melanogaster,central_brain,SMPp&v1_posterior,,SMP451a,"Ito et al., 2013","immuno, lineage based",2,0,0,-1,0,0,0,0,0,0,0
adult_drosophila_melanogaster,central_brain,SMPp&v1_posterior,,SMP451b,"Ito et al., 2013","immuno, lineage based",2,0,0,-1,0,0,0,0,0,0,0
adult_drosophila_melanogaster,central_brain,SMPp&v1_posterior,,SMP452,"Ito et al., 2013","immuno, lineage based",2,0,0,-1,0,0,0,0,0,0,0
adult_drosophila_melanogaster,central_brain,CLp1,,SMP495,"Ito et al., 2013","immuno, lineage based",2,0,0,-1,0,0,0,0,0,0,0
adult_drosophila_melanogaster,central_brain,CLp1,,SMP495a,"Ito et al., 2013","immuno, lineage based",2,0,0,-1,0,0,0,0,0,0,0
adult_drosophila_melanogaster,central_brain,CLp1,,SMP495b,"Ito et al., 2013","immuno, lineage based",2,0,0,-1,0,0,0,0,0,0,0
adult_drosophila_melanogaster,central_brain,CLp1,,SMP495c,"Ito et al., 2013","immuno, lineage based",2,0,0,-1,0,0,0,0,0,0,0
adult_drosophila_melanogaster,central_brain,SMPpd1,,SMP496,"Ito et al., 2013","immuno, lineage based",2,0,0,-1,0,0,0,0,0,0,0
adult_drosophila_melanogaster,central_brain,CLp1,,SMP531,"Ito et al., 2013","immuno, lineage based",2,0,0,-1,0,0,0,0,0,0,0
adult_drosophila_melanogaster,central_brain,SMPpd2,,SMP532,"Ito et al., 2013","immuno, lineage based",2,0,0,-1,0,0,0,0,0,0,0
adult_drosophila_melanogaster,central_brain,CLp1,,SMP533,"Ito et al., 2013","immuno, lineage based",2,0,0,-1,0,0,0,0,0,0,0
adult_drosophila_melanogaster,central_brain,SMPpd2,,SMP534,"Ito et al., 2013","immuno, lineage based",2,0,0,-1,0,0,0,0,0,0,0
adult_drosophila_melanogaster,central_brain,SMPpd2,,SMP535,"Ito et al., 2013","immuno, lineage based",2,0,0,-1,0,0,0,0,0,0,0
adult_drosophila_melanogaster,central_brain,SMPpd2,,SMP537,"Ito et al., 2013","immuno, lineage based",2,0,0,-1,0,0,0,0,0,0,0
adult_drosophila_melanogaster,central_brain,SMPpd2,,"SMP538,SMP599","Ito et al., 2013","immuno, lineage based",2,0,0,-1,0,0,0,0,0,0,0
adult_drosophila_melanogaster,central_brain,SMPpd2,,SMP539,"Ito et al., 2013","immuno, lineage based",2,0,0,-1,0,0,0,0,0,0,0
adult_drosophila_melanogaster,central_brain,SMPp&v1_posterior,,SMP549,"Ito et al., 2013","immuno, lineage based",2,0,0,-1,0,0,0,0,0,0,0
adult_drosophila_melanogaster,central_brain,CLp1,,SMP552,"Ito et al., 2013","immuno, lineage based",2,0,0,-1,0,0,0,0,0,0,0
adult_drosophila_melanogaster,central_brain,SMPp&v1_ventral,,SMP587,"Ito et al., 2013","immuno, lineage based",2,0,0,-1,0,0,0,0,0,0,0
adult_drosophila_melanogaster,central_brain,VLPd&p1_posterior,,SMP597,"Ito et al., 2013","immuno, lineage based",2,0,0,-1,0,0,0,0,0,0,0
adult_drosophila_melanogaster,central_brain,SMPad1,,"SMP602,SMP094","Ito et al., 2013","immuno, lineage based",2,0,0,-1,0,0,0,0,0,0,0
adult_drosophila_melanogaster,central_brain,SMPp&v1_posterior,,SMPp&v1_posterior__0,"Ito et al., 2013","immuno, lineage based",2,0,0,-1,0,0,0,0,0,0,0
adult_drosophila_melanogaster,central_brain,SMPp&v1_posterior,,SMPp&v1_posterior__1,"Ito et al., 2013","immuno, lineage based",2,0,0,-1,0,0,0,0,0,0,0
adult_drosophila_melanogaster,central_brain,SMPp&v1_ventral,,SMPp&v1_ventral__0,"Ito et al., 2013","immuno, lineage based",2,0,0,-1,0,0,0,0,0,0,0
adult_drosophila_melanogaster,central_brain,SMPp&v1_posterior,,SMPp&v1A_H01,"Ito et al., 2013","immuno, lineage based",2,0,0,-1,0,0,0,0,0,0,0
adult_drosophila_melanogaster,central_brain,SMPp&v1_posterior,,SMPp&v1A_S02,"Ito et al., 2013","immuno, lineage based",2,0,0,-1,0,0,0,0,0,0,0
adult_drosophila_melanogaster,central_brain,SMPp&v1_posterior,,SMPp&v1A_S03,"Ito et al., 2013","immuno, lineage based",2,0,0,-1,0,0,0,0,0,0,0
adult_drosophila_melanogaster,central_brain,SMPp&v1_ventral,,SMPp&v1B_M01,"Ito et al., 2013","immuno, lineage based",2,0,0,-1,0,0,0,0,0,0,0
adult_drosophila_melanogaster,central_brain,SMPp&v1_ventral,,SMPp&v1B_M02,"Ito et al., 2013","immuno, lineage based",2,0,0,-1,0,0,0,0,0,0,0
adult_drosophila_melanogaster,central_brain,AOTUv3_dorsal,,TuBu01,"Ito et al., 2013","immuno, lineage based",2,0,0,-1,0,0,0,0,0,0,0
adult_drosophila_melanogaster,central_brain,AOTUv3_dorsal,,TuBu01a,"Ito et al., 2013","immuno, lineage based",2,0,0,-1,0,0,0,0,0,0,0
adult_drosophila_melanogaster,central_brain,AOTUv3_dorsal,,TuBu01b,"Ito et al., 2013","immuno, lineage based",2,0,0,-1,0,0,0,0,0,0,0
adult_drosophila_melanogaster,central_brain,AOTUv4_dorsal,,TuBu02,"Ito et al., 2013","immuno, lineage based",2,0,0,-1,0,0,0,0,0,0,0
adult_drosophila_melanogaster,central_brain,AOTUv4_dorsal,,"TuBu03,TuBu04","Ito et al., 2013","immuno, lineage based",2,0,0,-1,0,0,0,0,0,0,0
adult_drosophila_melanogaster,central_brain,AOTUv4_dorsal,,TuBu05,"Ito et al., 2013","immuno, lineage based",2,0,0,-1,0,0,0,0,0,0,0
adult_drosophila_melanogaster,central_brain,AOTUv3_dorsal,,TuBu06,"Ito et al., 2013","immuno, lineage based",2,0,0,-1,0,0,0,0,0,0,0
adult_drosophila_melanogaster,central_brain,AOTUv3_dorsal,,TuBu06a,"Ito et al., 2013","immuno, lineage based",2,0,0,-1,0,0,0,0,0,0,0
adult_drosophila_melanogaster,central_brain,AOTUv3_dorsal,,TuBu06b,"Ito et al., 2013","immuno, lineage based",2,0,0,-1,0,0,0,0,0,0,0
adult_drosophila_melanogaster,central_brain,AOTUv3_dorsal,,TuBu07,"Ito et al., 2013","immuno, lineage based",2,0,0,-1,0,0,0,0,0,0,0
adult_drosophila_melanogaster,central_brain,AOTUv3_dorsal,,TuBu08,"Ito et al., 2013","immuno, lineage based",2,0,0,-1,0,0,0,0,0,0,0
adult_drosophila_melanogaster,central_brain,AOTUv3_dorsal,,"TuBu09,TuBu10","Ito et al., 2013","immuno, lineage based",2,0,0,-1,0,0,0,0,0,0,0
adult_drosophila_melanogaster,central_brain,ALad1,,VA1d_adPN,"Ito et al., 2013","immuno, lineage based",2,0,0,-1,0,0,0,0,0,0,0
adult_drosophila_melanogaster,central_brain,ALad1,,VA1v_adPN,"Ito et al., 2013","immuno, lineage based",2,0,0,-1,0,0,0,0,0,0,0
adult_drosophila_melanogaster,central_brain,ALad1,,VA3_adPN,"Ito et al., 2013","immuno, lineage based",2,0,0,-1,0,0,0,0,0,0,0
adult_drosophila_melanogaster,central_brain,ALad1,,VC3_adPN,"Ito et al., 2013","immuno, lineage based",2,0,0,-1,0,0,0,0,0,0,0
adult_drosophila_melanogaster,central_brain,ALad1,,VC3l_adPN,"Ito et al., 2013","immuno, lineage based",2,0,0,-1,0,0,0,0,0,0,0
adult_drosophila_melanogaster,central_brain,ALlv1,,VC3m_lvPN,"Ito et al., 2013","immuno, lineage based",2,0,0,-1,0,0,0,0,0,0,0
adult_drosophila_melanogaster,central_brain,ALad1,,VC4_adPN,"Ito et al., 2013","immuno, lineage based",2,0,0,-1,0,0,0,0,0,0,0
adult_drosophila_melanogaster,central_brain,ALlv1,,VC5_lvPN,"Ito et al., 2013","immuno, lineage based",2,0,0,-1,0,0,0,0,0,0,0
adult_drosophila_melanogaster,central_brain,ALlv1,,"VC5_lvPN,M_lvPNm38","Ito et al., 2013","immuno, lineage based",2,0,0,-1,0,0,0,0,0,0,0
adult_drosophila_melanogaster,central_brain,ALlv1,,VES003,"Ito et al., 2013","immuno, lineage based",2,0,0,-1,0,0,0,0,0,0,0
adult_drosophila_melanogaster,central_brain,PSa1,,VES019,"Ito et al., 2013",immuno,2,0,0,1,0,0,0,0,0,0,0
adult_drosophila_melanogaster,central_brain,PSa1,,VES020,"Ito et al., 2013",immuno,2,0,0,1,0,0,0,0,0,0,0
adult_drosophila_melanogaster,central_brain,PSa1,,VES021,"Ito et al., 2013",immuno,2,0,0,1,0,0,0,0,0,0,0
adult_drosophila_melanogaster,central_brain,PSa1,,VES022,"Ito et al., 2013",immuno,2,0,0,1,0,0,0,0,0,0,0
adult_drosophila_melanogaster,central_brain,PSa1,,VES023,"Ito et al., 2013",immuno,2,0,0,1,0,0,0,0,0,0,0
adult_drosophila_melanogaster,central_brain,PSa1,,VES024,"Ito et al., 2013",immuno,2,0,0,1,0,0,0,0,0,0,0
adult_drosophila_melanogaster,central_brain,DL2_ventral,,VES060,"Ito et al., 2013","immuno, lineage based",2,0,0,-1,0,0,0,0,0,0,0
adult_drosophila_melanogaster,central_brain,DL2_ventral,,VES061,"Ito et al., 2013","immuno, lineage based",2,0,0,-1,0,0,0,0,0,0,0
adult_drosophila_melanogaster,central_brain,DM5_central,,VES073,"Ito et al., 2013","immuno, lineage based",2,0,0,-1,0,0,0,0,0,0,0
adult_drosophila_melanogaster,central_brain,DM5_central,,VES074,"Ito et al., 2013","immuno, lineage based",2,0,0,-1,0,0,0,0,0,0,0
adult_drosophila_melanogaster,central_brain,PSp2,,VES076,"Ito et al., 2013","immuno, lineage based",2,0,0,-1,0,0,0,0,0,0,0
adult_drosophila_melanogaster,central_brain,PSp2,,VES077,"Ito et al., 2013","immuno, lineage based",2,0,0,-1,0,0,0,0,0,0,0
adult_drosophila_melanogaster,central_brain,VLPa1_lateral,,VLPa1_lateral__0,"Ito et al., 2013","immuno, lineage based",2,0,0,-1,0,0,0,0,0,0,0
adult_drosophila_melanogaster,central_brain,VLPa1_lateral,,VLPa1_lateral_39,"Ito et al., 2013","immuno, lineage based",2,0,0,-1,0,0,0,0,0,0,0
adult_drosophila_melanogaster,central_brain,VLPa1_lateral,,VLPa1_lateral_42,"Ito et al., 2013","immuno, lineage based",2,0,0,-1,0,0,0,0,0,0,0
adult_drosophila_melanogaster,central_brain,VLPd&p1_dorsal,,VLPd&p1_dorsal_9,"Ito et al., 2013","immuno, lineage based",2,0,0,-1,0,0,0,0,0,0,0
adult_drosophila_melanogaster,central_brain,VLPd&p1_posterior,,VLPd&p1_posterior__0,"Ito et al., 2013","immuno, lineage based",2,0,0,-1,0,0,0,0,0,0,0
adult_drosophila_melanogaster,central_brain,VLPd&p1_posterior,,VLPd&p1_posterior__2,"Ito et al., 2013","immuno, lineage based",2,0,0,-1,0,0,0,0,0,0,0
adult_drosophila_melanogaster,central_brain,VLPd1,,VLPd1__0,"Ito et al., 2013","immuno, lineage based",2,0,0,-1,0,0,0,0,0,0,0
adult_drosophila_melanogaster,central_brain,VLPd1,,VLPd1_7,"Ito et al., 2013","immuno, lineage based",2,0,0,-1,0,0,0,0,0,0,0
adult_drosophila_melanogaster,central_brain,VLPp2,,VLPp2_20,"Ito et al., 2013","immuno, lineage based",2,0,0,-1,0,0,0,0,0,0,0
adult_drosophila_melanogaster,central_brain,VLPp2,,VLPp2_37,"Ito et al., 2013","immuno, lineage based",2,0,0,-1,0,0,0,0,0,0,0
adult_drosophila_melanogaster,central_brain,ALad1,,VM2_adPN,"Ito et al., 2013","immuno, lineage based",2,0,0,-1,0,0,0,0,0,0,0
adult_drosophila_melanogaster,central_brain,ALlv1,,VM4_lvPN,"Ito et al., 2013","immuno, lineage based",2,0,0,-1,0,0,0,0,0,0,0
adult_drosophila_melanogaster,central_brain,ALad1,,VM5d_adPN,"Ito et al., 2013","immuno, lineage based",2,0,0,-1,0,0,0,0,0,0,0
adult_drosophila_melanogaster,central_brain,ALad1,,VM5v_adPN,"Ito et al., 2013","immuno, lineage based",2,0,0,-1,0,0,0,0,0,0,0
adult_drosophila_melanogaster,central_brain,ALad1,,VM7d_adPN,"Ito et al., 2013","immuno, lineage based",2,0,0,-1,0,0,0,0,0,0,0
adult_drosophila_melanogaster,central_brain,ALad1,,VM7v_adPN,"Ito et al., 2013","immuno, lineage based",2,0,0,-1,0,0,0,0,0,0,0
adult_drosophila_melanogaster,central_brain,ALlv1,,VP1l+_lvPN,"Ito et al., 2013","immuno, lineage based",2,0,0,-1,0,0,0,0,0,0,0
adult_drosophila_melanogaster,central_brain,ALlv1,,VP1m+_lvPN,"Ito et al., 2013","immuno, lineage based",2,0,0,-1,0,0,0,0,0,0,0
adult_drosophila_melanogaster,central_brain,ALlv1,,"VP1m+VP2_lvPN1,VP1m+VP2_lvPN2","Ito et al., 2013","immuno, lineage based",2,0,0,-1,0,0,0,0,0,0,0
adult_drosophila_melanogaster,central_brain,ALad1,,VP2_adPN,"Ito et al., 2013","immuno, lineage based",2,0,0,-1,0,0,0,0,0,0,0
adult_drosophila_melanogaster,central_brain,ALad1,,VP2+_adPN,"Ito et al., 2013","immuno, lineage based",2,0,0,-1,0,0,0,0,0,0,0
adult_drosophila_melanogaster,central_brain,ALlv1,,"VP2+Z_lvPN,Z_lvPNm1","Ito et al., 2013","immuno, lineage based",2,0,0,-1,0,0,0,0,0,0,0
adult_drosophila_melanogaster,central_brain,ALad1,,VP5+Z_adPN,"Ito et al., 2013","immuno, lineage based",2,0,0,-1,0,0,0,0,0,0,0
adult_drosophila_melanogaster,central_brain,WEDa1,,WED056,"Ito et al., 2013",immuno,2,0,0,1,0,0,0,0,0,0,0
adult_drosophila_melanogaster,central_brain,WEDa1,,WED057,"Ito et al., 2013",immuno,2,0,0,1,0,0,0,0,0,0,0
adult_drosophila_melanogaster,central_brain,AOTUv3_ventral,,WED071,"Ito et al., 2013","immuno, lineage based",2,0,0,-1,0,0,0,0,0,0,0
adult_drosophila_melanogaster,central_brain,VPNp1_medial,,WED120,"Ito et al., 2013","immuno, lineage based",2,0,0,-1,0,0,0,0,0,0,0
adult_drosophila_melanogaster,central_brain,VLPp2,,WED124,"Ito et al., 2013","immuno, lineage based",2,0,0,-1,0,0,0,0,0,0,0
adult_drosophila_melanogaster,central_brain,VLPp2,,WED125,"Ito et al., 2013","immuno, lineage based",2,0,0,-1,0,0,0,0,0,0,0
adult_drosophila_melanogaster,central_brain,VLPp2,,WED127,"Ito et al., 2013","immuno, lineage based",2,0,0,-1,0,0,0,0,0,0,0
adult_drosophila_melanogaster,central_brain,VLPp2,,"WED128,WED129","Ito et al., 2013","immuno, lineage based",2,0,0,-1,0,0,0,0,0,0,0
adult_drosophila_melanogaster,central_brain,VLPp2,,WED130,"Ito et al., 2013","immuno, lineage based",2,0,0,-1,0,0,0,0,0,0,0
adult_drosophila_melanogaster,central_brain,DM5_ventral,,WED151,"Ito et al., 2013","immuno, lineage based",2,0,0,-1,0,0,0,0,0,0,0
adult_drosophila_melanogaster,central_brain,DM5_ventral,,WED152,"Ito et al., 2013","immuno, lineage based",2,0,0,-1,0,0,0,0,0,0,0
adult_drosophila_melanogaster,central_brain,DM5_ventral,,WED153,"Ito et al., 2013","immuno, lineage based",2,0,0,-1,0,0,0,0,0,0,0
adult_drosophila_melanogaster,central_brain,DM5_ventral,,WED155,"Ito et al., 2013","immuno, lineage based",2,0,0,-1,0,0,0,0,0,0,0
adult_drosophila_melanogaster,central_brain,DM5_ventral,,WED155a,"Ito et al., 2013","immuno, lineage based",2,0,0,-1,0,0,0,0,0,0,0
adult_drosophila_melanogaster,central_brain,DM5_ventral,,WED155b,"Ito et al., 2013","immuno, lineage based",2,0,0,-1,0,0,0,0,0,0,0
adult_drosophila_melanogaster,central_brain,DM5_ventral,,WED161,"Ito et al., 2013","immuno, lineage based",2,0,0,-1,0,0,0,0,0,0,0
adult_drosophila_melanogaster,central_brain,DM5_ventral,,WED162,"Ito et al., 2013","immuno, lineage based",2,0,0,-1,0,0,0,0,0,0,0
adult_drosophila_melanogaster,central_brain,DM5_ventral,,WED163,"Ito et al., 2013","immuno, lineage based",2,0,0,-1,0,0,0,0,0,0,0
adult_drosophila_melanogaster,central_brain,DM5_ventral,,WED163a,"Ito et al., 2013","immuno, lineage based",2,0,0,-1,0,0,0,0,0,0,0
adult_drosophila_melanogaster,central_brain,DM5_ventral,,WED163b,"Ito et al., 2013","immuno, lineage based",2,0,0,-1,0,0,0,0,0,0,0
adult_drosophila_melanogaster,central_brain,DM5_ventral,,WED163c,"Ito et al., 2013","immuno, lineage based",2,0,0,-1,0,0,0,0,0,0,0
adult_drosophila_melanogaster,central_brain,DM5_ventral,,WED164,"Ito et al., 2013","immuno, lineage based",2,0,0,-1,0,0,0,0,0,0,0
adult_drosophila_melanogaster,central_brain,DM5_ventral,,WED164a,"Ito et al., 2013","immuno, lineage based",2,0,0,-1,0,0,0,0,0,0,0
adult_drosophila_melanogaster,central_brain,DM5_ventral,,WED164b,"Ito et al., 2013","immuno, lineage based",2,0,0,-1,0,0,0,0,0,0,0
adult_drosophila_melanogaster,central_brain,WEDa1,,WEDa1_23,"Ito et al., 2013",immuno,2,0,0,1,0,0,0,0,0,0,0
adult_drosophila_melanogaster,midbrain,0,,FB1B,Janelia,EASI-FSH,3,-1,1,-1,0,0,0,0,0,0,0
adult_drosophila_melanogaster,midbrain,0,,FB2C,Janelia,EASI-FSH,3,-1,1,-1,0,0,0,0,0,0,0
adult_drosophila_melanogaster,midbrain,0,,FB2F_a,Janelia,EASI-FSH,3,-1,1,-1,0,-1,-1,-1,-1,0,0
adult_drosophila_melanogaster,midbrain,0,,FB2G_b,Janelia,EASI-FSH,3,-1,1,-1,0,-1,-1,-1,-1,0,0
adult_drosophila_melanogaster,midbrain,0,,FB2J,Janelia,EASI-FSH,3,-1,1,-1,0,0,0,0,0,0,0
adult_drosophila_melanogaster,midbrain,0,,FB4A,Janelia,EASI-FSH,3,-1,1,-1,0,-1,-1,-1,-1,0,0
adult_drosophila_melanogaster,midbrain,0,,FB4D,Janelia,EASI-FSH,3,-1,1,-1,0,0,0,0,0,0,0
adult_drosophila_melanogaster,midbrain,0,,FB4E,Janelia,EASI-FSH,3,-1,1,-1,0,0,0,0,0,0,0
adult_drosophila_melanogaster,midbrain,0,,FB4J,Janelia,EASI-FSH,3,-1,1,-1,0,0,0,0,0,0,0
adult_drosophila_melanogaster,midbrain,0,,FB5J,Janelia,EASI-FSH,3,-1,1,-1,0,0,0,0,0,0,0
adult_drosophila_melanogaster,midbrain,0,,FB5K,Janelia,EASI-FSH,3,-1,1,-1,0,0,0,0,0,0,0
adult_drosophila_melanogaster,midbrain,0,,FB5L,Janelia,EASI-FSH,3,-1,1,-1,0,0,0,0,0,0,0
adult_drosophila_melanogaster,midbrain,0,,FB5N,Janelia,EASI-FSH,3,-1,1,-1,0,0,0,0,0,0,0
adult_drosophila_melanogaster,midbrain,0,,FB5Q,Janelia,EASI-FSH,3,-1,1,-1,0,0,0,0,0,0,0
adult_drosophila_melanogaster,midbrain,0,,FB5R,Janelia,EASI-FSH,3,-1,1,-1,0,0,0,0,0,0,0
adult_drosophila_melanogaster,midbrain,0,,FB5T,Janelia,EASI-FSH,3,-1,1,-1,0,0,0,0,0,0,0
adult_drosophila_melanogaster,midbrain,0,,FB6B,Janelia,EASI-FSH,3,-1,1,-1,0,0,0,0,0,0,0
adult_drosophila_melanogaster,midbrain,0,,FB6P,Janelia,EASI-FSH,3,-1,1,-1,0,0,0,0,0,0,0
adult_drosophila_melanogaster,midbrain,0,,FB7H,Janelia,EASI-FSH,3,-1,1,-1,0,0,0,0,0,0,0
adult_drosophila_melanogaster,midbrain,0,,FB8F_a,Janelia,EASI-FSH,3,-1,1,-1,0,0,0,0,0,0,0
adult_drosophila_melanogaster,midbrain,0,,FB8F_b,Janelia,EASI-FSH,3,-1,1,-1,0,0,0,0,0,0,0
adult_drosophila_melanogaster,midbrain,0,,vDeltaA_b,Janelia,EASI-FSH,3,1,-1,-1,0,0,0,0,0,0,0
adult_drosophila_melanogaster,midbrain,0,,vDeltaB,Janelia,EASI-FSH,3,1,-1,-1,0,0,0,0,0,0,0
adult_drosophila_melanogaster,midbrain,0,,vDeltaC,Janelia,EASI-FSH,3,1,-1,-1,0,0,0,0,0,0,0
adult_drosophila_melanogaster,midbrain,0,,vDeltaD,Janelia,EASI-FSH,3,1,-1,-1,0,0,0,0,0,0,0
adult_drosophila_melanogaster,midbrain,0,,vDeltaE,Janelia,EASI-FSH,3,1,-1,-1,0,0,0,0,0,0,0
adult_drosophila_melanogaster,midbrain,0,,vDeltaH,Janelia,EASI-FSH,3,1,-1,-1,0,0,0,0,0,0,0
adult_drosophila_melanogaster,midbrain,0,,VDeltaK,Janelia,EASI-FSH,3,1,-1,-1,0,0,0,0,0,0,0
adult_drosophila_melanogaster,midbrain,0,,vDeltaM,Janelia,EASI-FSH,3,1,-1,-1,0,0,0,0,0,0,0
adult_drosophila_melanogaster,central_brain,DL1_dorsal,,CB.FB6E4,"Jones et al., 2024",immuno,5,1,1,0,0,0,0,0,0,0,0
adult_drosophila_melanogaster,central_brain,DL1_dorsal,,FB6A,"Jones et al., 2024",immuno,5,1,1,0,0,0,0,0,0,0,0
adult_drosophila_melanogaster,central_brain,DL1_dorsal,,FB6D,"Jones et al., 2024",immuno,5,1,1,0,0,0,0,0,0,0,0
adult_drosophila_melanogaster,central_brain,DL1_dorsal,,FB6E,"Jones et al., 2024",immuno,5,1,1,0,0,0,0,0,0,0,0
larval_drosophila_melanogaster,cns,unpublished,,Griddle-2 t3l,"Jovanic, Schneider-Mizell et al. 2016",0,4,0,0,1,0,0,0,0,0,0,0
larval_drosophila_melanogaster,cns,unpublished,,Griddle-2 t3r,"Jovanic, Schneider-Mizell et al. 2016",0,4,0,0,1,0,0,0,0,0,0,0
larval_drosophila_melanogaster,cns,unpublished,,Ladder-a_t3l,"Jovanic, Schneider-Mizell et al. 2016",0,2,0,0,1,0,0,0,0,0,0,0
adult_drosophila_melanogaster,optic_lobe,0,,T2,"Konstantinides et  al., 2018 )",FACS RNA-seq,1,1,0,0,0,0,0,0,0,0,0
adult_drosophila_melanogaster,optic_lobe,0,,T3,"Konstantinides et  al., 2018 )",FACS RNA-seq,1,1,0,0,0,0,0,0,0,0,0
adult_drosophila_melanogaster,optic_lobe,0,,TmY4,Konstantinides et al. 2022,sc-RNAseq,2,1,0,0,0,0,0,0,0,0,0
adult_drosophila_melanogaster,neck_connective,01A,,AN01A001,Lacin et al. 2019,EASI-FISH,4,1,-1,-1,0,0,0,0,0,0,0
adult_drosophila_melanogaster,neck_connective,01A,,AN01A006,Lacin et al. 2019,EASI-FISH,4,1,-1,-1,0,0,0,0,0,0,0
adult_drosophila_melanogaster,neck_connective,01A,,AN01A014,Lacin et al. 2019,EASI-FISH,4,1,-1,-1,0,0,0,0,0,0,0
adult_drosophila_melanogaster,neck_connective,01A,,AN01A021,Lacin et al. 2019,EASI-FISH,4,1,-1,-1,0,0,0,0,0,0,0
adult_drosophila_melanogaster,neck_connective,01A,,AN01A033,Lacin et al. 2019,EASI-FISH,4,1,-1,-1,0,0,0,0,0,0,0
adult_drosophila_melanogaster,neck_connective,01A,,AN01A049,Lacin et al. 2019,EASI-FISH,4,1,-1,-1,0,0,0,0,0,0,0
adult_drosophila_melanogaster,ventral_nerve_cord,01A,,IN01A001,Lacin et al. 2019,EASI-FISH,4,1,-1,-1,0,0,0,0,0,0,0
adult_drosophila_melanogaster,ventral_nerve_cord,01A,,IN01A002,Lacin et al. 2019,EASI-FISH,4,1,-1,-1,0,0,0,0,0,0,0
adult_drosophila_melanogaster,ventral_nerve_cord,01A,,IN01A003,Lacin et al. 2019,EASI-FISH,4,1,-1,-1,0,0,0,0,0,0,0
adult_drosophila_melanogaster,ventral_nerve_cord,01A,,IN01A004,Lacin et al. 2019,EASI-FISH,4,1,-1,-1,0,0,0,0,0,0,0
adult_drosophila_melanogaster,ventral_nerve_cord,01A,,IN01A005,Lacin et al. 2019,EASI-FISH,4,1,-1,-1,0,0,0,0,0,0,0
adult_drosophila_melanogaster,ventral_nerve_cord,01A,,IN01A007,Lacin et al. 2019,EASI-FISH,4,1,-1,-1,0,0,0,0,0,0,0
adult_drosophila_melanogaster,ventral_nerve_cord,01A,,IN01A008,Lacin et al. 2019,EASI-FISH,4,1,-1,-1,0,0,0,0,0,0,0
adult_drosophila_melanogaster,ventral_nerve_cord,01A,,IN01A009,Lacin et al. 2019,EASI-FISH,4,1,-1,-1,0,0,0,0,0,0,0
adult_drosophila_melanogaster,ventral_nerve_cord,01A,,IN01A010,Lacin et al. 2019,EASI-FISH,4,1,-1,-1,0,0,0,0,0,0,0
adult_drosophila_melanogaster,ventral_nerve_cord,01A,,IN01A011,Lacin et al. 2019,EASI-FISH,4,1,-1,-1,0,0,0,0,0,0,0
adult_drosophila_melanogaster,ventral_nerve_cord,01A,,IN01A012,Lacin et al. 2019,EASI-FISH,4,1,-1,-1,0,0,0,0,0,0,0
adult_drosophila_melanogaster,ventral_nerve_cord,01A,,IN01A013,Lacin et al. 2019,EASI-FISH,4,1,-1,-1,0,0,0,0,0,0,0
adult_drosophila_melanogaster,ventral_nerve_cord,01A,,IN01A015,Lacin et al. 2019,EASI-FISH,4,1,-1,-1,0,0,0,0,0,0,0
adult_drosophila_melanogaster,ventral_nerve_cord,01A,,IN01A016,Lacin et al. 2019,EASI-FISH,4,1,-1,-1,0,0,0,0,0,0,0
adult_drosophila_melanogaster,ventral_nerve_cord,01A,,IN01A017,Lacin et al. 2019,EASI-FISH,4,1,-1,-1,0,0,0,0,0,0,0
adult_drosophila_melanogaster,ventral_nerve_cord,01A,,IN01A018,Lacin et al. 2019,EASI-FISH,4,1,-1,-1,0,0,0,0,0,0,0
adult_drosophila_melanogaster,ventral_nerve_cord,01A,,IN01A019,Lacin et al. 2019,EASI-FISH,4,1,-1,-1,0,0,0,0,0,0,0
adult_drosophila_melanogaster,ventral_nerve_cord,01A,,IN01A020,Lacin et al. 2019,EASI-FISH,4,1,-1,-1,0,0,0,0,0,0,0
adult_drosophila_melanogaster,ventral_nerve_cord,01A,,IN01A022,Lacin et al. 2019,EASI-FISH,4,1,-1,-1,0,0,0,0,0,0,0
adult_drosophila_melanogaster,ventral_nerve_cord,01A,,IN01A023,Lacin et al. 2019,EASI-FISH,4,1,-1,-1,0,0,0,0,0,0,0
adult_drosophila_melanogaster,ventral_nerve_cord,01A,,IN01A024,Lacin et al. 2019,EASI-FISH,4,1,-1,-1,0,0,0,0,0,0,0
adult_drosophila_melanogaster,ventral_nerve_cord,01A,,IN01A025,Lacin et al. 2019,EASI-FISH,4,1,-1,-1,0,0,0,0,0,0,0
adult_drosophila_melanogaster,ventral_nerve_cord,01A,,IN01A026,Lacin et al. 2019,EASI-FISH,4,1,-1,-1,0,0,0,0,0,0,0
adult_drosophila_melanogaster,ventral_nerve_cord,01A,,IN01A027,Lacin et al. 2019,EASI-FISH,4,1,-1,-1,0,0,0,0,0,0,0
adult_drosophila_melanogaster,ventral_nerve_cord,01A,,IN01A028,Lacin et al. 2019,EASI-FISH,4,1,-1,-1,0,0,0,0,0,0,0
adult_drosophila_melanogaster,ventral_nerve_cord,01A,,IN01A029,Lacin et al. 2019,EASI-FISH,4,1,-1,-1,0,0,0,0,0,0,0
adult_drosophila_melanogaster,ventral_nerve_cord,01A,,IN01A030,Lacin et al. 2019,EASI-FISH,4,1,-1,-1,0,0,0,0,0,0,0
adult_drosophila_melanogaster,ventral_nerve_cord,01A,,IN01A031,Lacin et al. 2019,EASI-FISH,4,1,-1,-1,0,0,0,0,0,0,0
adult_drosophila_melanogaster,ventral_nerve_cord,01A,,IN01A032,Lacin et al. 2019,EASI-FISH,4,1,-1,-1,0,0,0,0,0,0,0
adult_drosophila_melanogaster,ventral_nerve_cord,01A,,IN01A034,Lacin et al. 2019,EASI-FISH,4,1,-1,-1,0,0,0,0,0,0,0
adult_drosophila_melanogaster,ventral_nerve_cord,01A,,IN01A035,Lacin et al. 2019,EASI-FISH,4,1,-1,-1,0,0,0,0,0,0,0
adult_drosophila_melanogaster,ventral_nerve_cord,01A,,IN01A036,Lacin et al. 2019,EASI-FISH,4,1,-1,-1,0,0,0,0,0,0,0
adult_drosophila_melanogaster,ventral_nerve_cord,01A,,IN01A037,Lacin et al. 2019,EASI-FISH,4,1,-1,-1,0,0,0,0,0,0,0
adult_drosophila_melanogaster,ventral_nerve_cord,01A,,IN01A038,Lacin et al. 2019,EASI-FISH,4,1,-1,-1,0,0,0,0,0,0,0
adult_drosophila_melanogaster,ventral_nerve_cord,01A,,IN01A039,Lacin et al. 2019,EASI-FISH,4,1,-1,-1,0,0,0,0,0,0,0
adult_drosophila_melanogaster,ventral_nerve_cord,01A,,IN01A040,Lacin et al. 2019,EASI-FISH,4,1,-1,-1,0,0,0,0,0,0,0
adult_drosophila_melanogaster,ventral_nerve_cord,01A,,IN01A041,Lacin et al. 2019,EASI-FISH,4,1,-1,-1,0,0,0,0,0,0,0
adult_drosophila_melanogaster,ventral_nerve_cord,01A,,IN01A042,Lacin et al. 2019,EASI-FISH,4,1,-1,-1,0,0,0,0,0,0,0
adult_drosophila_melanogaster,ventral_nerve_cord,01A,,IN01A043,Lacin et al. 2019,EASI-FISH,4,1,-1,-1,0,0,0,0,0,0,0
adult_drosophila_melanogaster,ventral_nerve_cord,01A,,IN01A044,Lacin et al. 2019,EASI-FISH,4,1,-1,-1,0,0,0,0,0,0,0
adult_drosophila_melanogaster,ventral_nerve_cord,01A,,IN01A045,Lacin et al. 2019,EASI-FISH,4,1,-1,-1,0,0,0,0,0,0,0
adult_drosophila_melanogaster,ventral_nerve_cord,01A,,IN01A046,Lacin et al. 2019,EASI-FISH,4,1,-1,-1,0,0,0,0,0,0,0
adult_drosophila_melanogaster,ventral_nerve_cord,01A,,IN01A047,Lacin et al. 2019,EASI-FISH,4,1,-1,-1,0,0,0,0,0,0,0
adult_drosophila_melanogaster,ventral_nerve_cord,01A,,IN01A048,Lacin et al. 2019,EASI-FISH,4,1,-1,-1,0,0,0,0,0,0,0
adult_drosophila_melanogaster,ventral_nerve_cord,01A,,IN01A050,Lacin et al. 2019,EASI-FISH,4,1,-1,-1,0,0,0,0,0,0,0
adult_drosophila_melanogaster,ventral_nerve_cord,01A,,IN01A051,Lacin et al. 2019,EASI-FISH,4,1,-1,-1,0,0,0,0,0,0,0
adult_drosophila_melanogaster,ventral_nerve_cord,01A,,IN01A052,Lacin et al. 2019,EASI-FISH,4,1,-1,-1,0,0,0,0,0,0,0
adult_drosophila_melanogaster,ventral_nerve_cord,01A,,IN01A053,Lacin et al. 2019,EASI-FISH,4,1,-1,-1,0,0,0,0,0,0,0
adult_drosophila_melanogaster,ventral_nerve_cord,01A,,IN01A054,Lacin et al. 2019,EASI-FISH,4,1,-1,-1,0,0,0,0,0,0,0
adult_drosophila_melanogaster,ventral_nerve_cord,01A,,IN01A056,Lacin et al. 2019,EASI-FISH,4,1,-1,-1,0,0,0,0,0,0,0
adult_drosophila_melanogaster,ventral_nerve_cord,01A,,IN01A057,Lacin et al. 2019,EASI-FISH,4,1,-1,-1,0,0,0,0,0,0,0
adult_drosophila_melanogaster,ventral_nerve_cord,01A,,IN01A058,Lacin et al. 2019,EASI-FISH,4,1,-1,-1,0,0,0,0,0,0,0
adult_drosophila_melanogaster,ventral_nerve_cord,01A,,IN01A059,Lacin et al. 2019,EASI-FISH,4,1,-1,-1,0,0,0,0,0,0,0
adult_drosophila_melanogaster,ventral_nerve_cord,01A,,IN01A060,Lacin et al. 2019,EASI-FISH,4,1,-1,-1,0,0,0,0,0,0,0
adult_drosophila_melanogaster,ventral_nerve_cord,01A,,IN01A061,Lacin et al. 2019,EASI-FISH,4,1,-1,-1,0,0,0,0,0,0,0
adult_drosophila_melanogaster,ventral_nerve_cord,01A,,IN01A062,Lacin et al. 2019,EASI-FISH,4,1,-1,-1,0,0,0,0,0,0,0
adult_drosophila_melanogaster,ventral_nerve_cord,01A,,IN01A063,Lacin et al. 2019,EASI-FISH,4,1,-1,-1,0,0,0,0,0,0,0
adult_drosophila_melanogaster,ventral_nerve_cord,01A,,IN01A064,Lacin et al. 2019,EASI-FISH,4,1,-1,-1,0,0,0,0,0,0,0
adult_drosophila_melanogaster,ventral_nerve_cord,01A,,IN01A065,Lacin et al. 2019,EASI-FISH,4,1,-1,-1,0,0,0,0,0,0,0
adult_drosophila_melanogaster,ventral_nerve_cord,01A,,IN01A066,Lacin et al. 2019,EASI-FISH,4,1,-1,-1,0,0,0,0,0,0,0
adult_drosophila_melanogaster,ventral_nerve_cord,01A,,IN01A067,Lacin et al. 2019,EASI-FISH,4,1,-1,-1,0,0,0,0,0,0,0
adult_drosophila_melanogaster,ventral_nerve_cord,01A,,IN01A068,Lacin et al. 2019,EASI-FISH,4,1,-1,-1,0,0,0,0,0,0,0
adult_drosophila_melanogaster,ventral_nerve_cord,01A,,IN01A069,Lacin et al. 2019,EASI-FISH,4,1,-1,-1,0,0,0,0,0,0,0
adult_drosophila_melanogaster,ventral_nerve_cord,01A,,IN01A070,Lacin et al. 2019,EASI-FISH,4,1,-1,-1,0,0,0,0,0,0,0
adult_drosophila_melanogaster,ventral_nerve_cord,01A,,IN01A071,Lacin et al. 2019,EASI-FISH,4,1,-1,-1,0,0,0,0,0,0,0
adult_drosophila_melanogaster,ventral_nerve_cord,01A,,IN01A072,Lacin et al. 2019,EASI-FISH,4,1,-1,-1,0,0,0,0,0,0,0
adult_drosophila_melanogaster,ventral_nerve_cord,01A,,IN01A073,Lacin et al. 2019,EASI-FISH,4,1,-1,-1,0,0,0,0,0,0,0
adult_drosophila_melanogaster,ventral_nerve_cord,01A,,IN01A074,Lacin et al. 2019,EASI-FISH,4,1,-1,-1,0,0,0,0,0,0,0
adult_drosophila_melanogaster,ventral_nerve_cord,01A,,IN01A075,Lacin et al. 2019,EASI-FISH,4,1,-1,-1,0,0,0,0,0,0,0
adult_drosophila_melanogaster,ventral_nerve_cord,01A,,IN01A076,Lacin et al. 2019,EASI-FISH,4,1,-1,-1,0,0,0,0,0,0,0
adult_drosophila_melanogaster,ventral_nerve_cord,01A,,IN01A077,Lacin et al. 2019,EASI-FISH,4,1,-1,-1,0,0,0,0,0,0,0
adult_drosophila_melanogaster,ventral_nerve_cord,01A,,IN01A078,Lacin et al. 2019,EASI-FISH,4,1,-1,-1,0,0,0,0,0,0,0
adult_drosophila_melanogaster,ventral_nerve_cord,01A,,IN01A079,Lacin et al. 2019,EASI-FISH,4,1,-1,-1,0,0,0,0,0,0,0
adult_drosophila_melanogaster,ventral_nerve_cord,01A,,IN01A080,Lacin et al. 2019,EASI-FISH,4,1,-1,-1,0,0,0,0,0,0,0
adult_drosophila_melanogaster,ventral_nerve_cord,01A,,IN01A081,Lacin et al. 2019,EASI-FISH,4,1,-1,-1,0,0,0,0,0,0,0
adult_drosophila_melanogaster,ventral_nerve_cord,01A,,IN01A082,Lacin et al. 2019,EASI-FISH,4,1,-1,-1,0,0,0,0,0,0,0
adult_drosophila_melanogaster,ventral_nerve_cord,01A,,IN01A083,Lacin et al. 2019,EASI-FISH,4,1,-1,-1,0,0,0,0,0,0,0
adult_drosophila_melanogaster,ventral_nerve_cord,01A,,IN01A084,Lacin et al. 2019,EASI-FISH,4,1,-1,-1,0,0,0,0,0,0,0
adult_drosophila_melanogaster,ventral_nerve_cord,01A,,IN01A085,Lacin et al. 2019,EASI-FISH,4,1,-1,-1,0,0,0,0,0,0,0
adult_drosophila_melanogaster,ventral_nerve_cord,01A,,IN01A087,Lacin et al. 2019,EASI-FISH,4,1,-1,-1,0,0,0,0,0,0,0
adult_drosophila_melanogaster,ventral_nerve_cord,01A,,IN01A088,Lacin et al. 2019,EASI-FISH,4,1,-1,-1,0,0,0,0,0,0,0
adult_drosophila_melanogaster,ventral_nerve_cord,15B,,Acc. ti flexor MN,"Lacin et al., 2019",FISH,3,0,1,0,0,0,0,0,0,0,0
adult_drosophila_melanogaster,neck_connective,00A,,AN00A002,"Lacin et al., 2019",FISH,3,0,0,1,0,0,0,0,0,0,0
adult_drosophila_melanogaster,neck_connective,00A,,AN00A006,"Lacin et al., 2019",FISH,3,0,0,1,0,0,0,0,0,0,0
adult_drosophila_melanogaster,neck_connective,00A,,AN00A009,"Lacin et al., 2019",FISH,3,0,0,1,0,0,0,0,0,0,0
adult_drosophila_melanogaster,neck_connective,01B,,AN01B002,"Lacin et al., 2019",FISH,3,0,0,1,0,0,0,0,0,0,0
adult_drosophila_melanogaster,neck_connective,01B,,AN01B005,"Lacin et al., 2019",FISH,3,0,0,1,0,0,0,0,0,0,0
adult_drosophila_melanogaster,neck_connective,01B,,AN01B011,"Lacin et al., 2019",FISH,3,0,0,1,0,0,0,0,0,0,0
adult_drosophila_melanogaster,neck_connective,01B,,AN01B014,"Lacin et al., 2019",FISH,3,0,0,1,0,0,0,0,0,0,0
adult_drosophila_melanogaster,neck_connective,01B,,AN01B018,"Lacin et al., 2019",FISH,3,0,0,1,0,0,0,0,0,0,0
adult_drosophila_melanogaster,neck_connective,02A,,AN02A001,"Lacin et al., 2019",FISH,3,0,1,0,0,0,0,0,0,0,0
adult_drosophila_melanogaster,neck_connective,02A,,AN02A002,"Lacin et al., 2019",FISH,3,0,1,0,0,0,0,0,0,0,0
adult_drosophila_melanogaster,neck_connective,02A,,AN02A005,"Lacin et al., 2019",FISH,3,0,1,0,0,0,0,0,0,0,0
adult_drosophila_melanogaster,neck_connective,02A,,AN02A009,"Lacin et al., 2019",FISH,3,0,1,0,0,0,0,0,0,0,0
adult_drosophila_melanogaster,neck_connective,02A,,AN02A016,"Lacin et al., 2019",FISH,3,0,1,0,0,0,0,0,0,0,0
adult_drosophila_melanogaster,neck_connective,02A,,AN02A017,"Lacin et al., 2019",FISH,3,0,1,0,0,0,0,0,0,0,0
adult_drosophila_melanogaster,neck_connective,02A,,AN02A022,"Lacin et al., 2019",FISH,3,0,1,0,0,0,0,0,0,0,0
adult_drosophila_melanogaster,neck_connective,02A,,AN02A025,"Lacin et al., 2019",FISH,3,0,1,0,0,0,0,0,0,0,0
adult_drosophila_melanogaster,neck_connective,02A,,AN02A046,"Lacin et al., 2019",FISH,3,0,1,0,0,0,0,0,0,0,0
adult_drosophila_melanogaster,neck_connective,03A,,AN03A002,"Lacin et al., 2019",FISH,3,1,0,0,0,0,0,0,0,0,0
adult_drosophila_melanogaster,neck_connective,03A,,AN03A008,"Lacin et al., 2019",FISH,3,1,0,0,0,0,0,0,0,0,0
adult_drosophila_melanogaster,neck_connective,04B,,AN04B001,"Lacin et al., 2019",FISH,3,1,0,0,0,0,0,0,0,0,0
adult_drosophila_melanogaster,neck_connective,04B,,AN04B003,"Lacin et al., 2019",FISH,3,1,0,0,0,0,0,0,0,0,0
adult_drosophila_melanogaster,neck_connective,04B,,AN04B004,"Lacin et al., 2019",FISH,3,1,0,0,0,0,0,0,0,0,0
adult_drosophila_melanogaster,neck_connective,04B,,AN04B023,"Lacin et al., 2019",FISH,3,1,0,0,0,0,0,0,0,0,0
adult_drosophila_melanogaster,neck_connective,04B,,AN04B051,"Lacin et al., 2019",FISH,3,1,0,0,0,0,0,0,0,0,0
adult_drosophila_melanogaster,neck_connective,05B,,AN05B004,"Lacin et al., 2019",FISH,3,0,0,1,0,0,0,0,0,0,0
adult_drosophila_melanogaster,neck_connective,05B,,AN05B005,"Lacin et al., 2019",FISH,3,0,0,1,0,0,0,0,0,0,0
adult_drosophila_melanogaster,neck_connective,05B,,AN05B006,"Lacin et al., 2019",FISH,3,0,0,1,0,0,0,0,0,0,0
adult_drosophila_melanogaster,neck_connective,05B,,AN05B007,"Lacin et al., 2019",FISH,3,0,0,1,0,0,0,0,0,0,0
adult_drosophila_melanogaster,neck_connective,05B,,AN05B009,"Lacin et al., 2019",FISH,3,0,0,1,0,0,0,0,0,0,0
adult_drosophila_melanogaster,neck_connective,05B,,AN05B010,"Lacin et al., 2019",FISH,3,0,0,1,0,0,0,0,0,0,0
adult_drosophila_melanogaster,neck_connective,05B,,AN05B015,"Lacin et al., 2019",FISH,3,0,0,1,0,0,0,0,0,0,0
adult_drosophila_melanogaster,neck_connective,05B,,AN05B017,"Lacin et al., 2019",FISH,3,0,0,1,0,0,0,0,0,0,0
adult_drosophila_melanogaster,neck_connective,05B,,AN05B021,"Lacin et al., 2019",FISH,3,0,0,1,0,0,0,0,0,0,0
adult_drosophila_melanogaster,neck_connective,05B,,AN05B023,"Lacin et al., 2019",FISH,3,0,0,1,0,0,0,0,0,0,0
adult_drosophila_melanogaster,neck_connective,05B,,AN05B024,"Lacin et al., 2019",FISH,3,0,0,1,0,0,0,0,0,0,0
adult_drosophila_melanogaster,neck_connective,05B,,AN05B025,"Lacin et al., 2019",FISH,3,0,0,1,0,0,0,0,0,0,0
adult_drosophila_melanogaster,neck_connective,05B,,AN05B026,"Lacin et al., 2019",FISH,3,0,0,1,0,0,0,0,0,0,0
adult_drosophila_melanogaster,neck_connective,05B,,AN05B027,"Lacin et al., 2019",FISH,3,0,0,1,0,0,0,0,0,0,0
adult_drosophila_melanogaster,neck_connective,05B,,AN05B029,"Lacin et al., 2019",FISH,3,0,0,1,0,0,0,0,0,0,0
adult_drosophila_melanogaster,neck_connective,05B,,AN05B035,"Lacin et al., 2019",FISH,3,0,0,1,0,0,0,0,0,0,0
adult_drosophila_melanogaster,neck_connective,05B,,AN05B036,"Lacin et al., 2019",FISH,3,0,0,1,0,0,0,0,0,0,0
adult_drosophila_melanogaster,neck_connective,05B,,AN05B040,"Lacin et al., 2019",FISH,3,0,0,1,0,0,0,0,0,0,0
adult_drosophila_melanogaster,neck_connective,05B,,AN05B044,"Lacin et al., 2019",FISH,3,0,0,1,0,0,0,0,0,0,0
adult_drosophila_melanogaster,neck_connective,05B,,AN05B045,"Lacin et al., 2019",FISH,3,0,0,1,0,0,0,0,0,0,0
adult_drosophila_melanogaster,neck_connective,05B,,AN05B046,"Lacin et al., 2019",FISH,3,0,0,1,0,0,0,0,0,0,0
adult_drosophila_melanogaster,neck_connective,05B,,AN05B047,"Lacin et al., 2019",FISH,3,0,0,1,0,0,0,0,0,0,0
adult_drosophila_melanogaster,neck_connective,05B,,AN05B048,"Lacin et al., 2019",FISH,3,0,0,1,0,0,0,0,0,0,0
adult_drosophila_melanogaster,neck_connective,05B,,AN05B049,"Lacin et al., 2019",FISH,3,0,0,1,0,0,0,0,0,0,0
adult_drosophila_melanogaster,neck_connective,05B,,AN05B050,"Lacin et al., 2019",FISH,3,0,0,1,0,0,0,0,0,0,0
adult_drosophila_melanogaster,neck_connective,05B,,AN05B052,"Lacin et al., 2019",FISH,3,0,0,1,0,0,0,0,0,0,0
adult_drosophila_melanogaster,neck_connective,05B,,AN05B053,"Lacin et al., 2019",FISH,3,0,0,1,0,0,0,0,0,0,0
adult_drosophila_melanogaster,neck_connective,05B,,AN05B054,"Lacin et al., 2019",FISH,3,0,0,1,0,0,0,0,0,0,0
adult_drosophila_melanogaster,neck_connective,05B,,AN05B056,"Lacin et al., 2019",FISH,3,0,0,1,0,0,0,0,0,0,0
adult_drosophila_melanogaster,neck_connective,05B,,AN05B058,"Lacin et al., 2019",FISH,3,0,0,1,0,0,0,0,0,0,0
adult_drosophila_melanogaster,neck_connective,05B,,AN05B059,"Lacin et al., 2019",FISH,3,0,0,1,0,0,0,0,0,0,0
adult_drosophila_melanogaster,neck_connective,05B,,AN05B060,"Lacin et al., 2019",FISH,3,0,0,1,0,0,0,0,0,0,0
adult_drosophila_melanogaster,neck_connective,05B,,AN05B062,"Lacin et al., 2019",FISH,3,0,0,1,0,0,0,0,0,0,0
adult_drosophila_melanogaster,neck_connective,05B,,AN05B063,"Lacin et al., 2019",FISH,3,0,0,1,0,0,0,0,0,0,0
adult_drosophila_melanogaster,neck_connective,05B,,AN05B067,"Lacin et al., 2019",FISH,3,0,0,1,0,0,0,0,0,0,0
adult_drosophila_melanogaster,neck_connective,05B,,AN05B068,"Lacin et al., 2019",FISH,3,0,0,1,0,0,0,0,0,0,0
adult_drosophila_melanogaster,neck_connective,05B,,AN05B069,"Lacin et al., 2019",FISH,3,0,0,1,0,0,0,0,0,0,0
adult_drosophila_melanogaster,neck_connective,05B,,AN05B071,"Lacin et al., 2019",FISH,3,0,0,1,0,0,0,0,0,0,0
adult_drosophila_melanogaster,neck_connective,05B,,AN05B076,"Lacin et al., 2019",FISH,3,0,0,1,0,0,0,0,0,0,0
adult_drosophila_melanogaster,neck_connective,05B,,AN05B078,"Lacin et al., 2019",FISH,3,0,0,1,0,0,0,0,0,0,0
adult_drosophila_melanogaster,neck_connective,05B,,AN05B081,"Lacin et al., 2019",FISH,3,0,0,1,0,0,0,0,0,0,0
adult_drosophila_melanogaster,neck_connective,05B,,AN05B101,"Lacin et al., 2019",FISH,3,0,0,1,0,0,0,0,0,0,0
adult_drosophila_melanogaster,neck_connective,06A,,AN06A010,"Lacin et al., 2019",FISH,3,0,0,1,0,0,0,0,0,0,0
adult_drosophila_melanogaster,neck_connective,06A,,AN06A015,"Lacin et al., 2019",FISH,3,0,0,1,0,0,0,0,0,0,0
adult_drosophila_melanogaster,neck_connective,06A,,AN06A016,"Lacin et al., 2019",FISH,3,0,0,1,0,0,0,0,0,0,0
adult_drosophila_melanogaster,neck_connective,06A,,AN06A017,"Lacin et al., 2019",FISH,3,0,0,1,0,0,0,0,0,0,0
adult_drosophila_melanogaster,neck_connective,06A,,AN06A018,"Lacin et al., 2019",FISH,3,0,0,1,0,0,0,0,0,0,0
adult_drosophila_melanogaster,neck_connective,06A,,AN06A026,"Lacin et al., 2019",FISH,3,0,0,1,0,0,0,0,0,0,0
adult_drosophila_melanogaster,neck_connective,06A,,AN06A041,"Lacin et al., 2019",FISH,3,0,0,1,0,0,0,0,0,0,0
adult_drosophila_melanogaster,neck_connective,06A,,AN06A060,"Lacin et al., 2019",FISH,3,0,0,1,0,0,0,0,0,0,0
adult_drosophila_melanogaster,neck_connective,06A,,AN06A062,"Lacin et al., 2019",FISH,3,0,0,1,0,0,0,0,0,0,0
adult_drosophila_melanogaster,neck_connective,06A,,AN06A080,"Lacin et al., 2019",FISH,3,0,0,1,0,0,0,0,0,0,0
adult_drosophila_melanogaster,neck_connective,06A,,AN06A092,"Lacin et al., 2019",FISH,3,0,0,1,0,0,0,0,0,0,0
adult_drosophila_melanogaster,neck_connective,06A,,AN06A095,"Lacin et al., 2019",FISH,3,0,0,1,0,0,0,0,0,0,0
adult_drosophila_melanogaster,neck_connective,06A,,AN06A112,"Lacin et al., 2019",FISH,3,0,0,1,0,0,0,0,0,0,0
adult_drosophila_melanogaster,neck_connective,06B,,AN06B002,"Lacin et al., 2019",FISH,3,0,0,1,0,0,0,0,0,0,0
adult_drosophila_melanogaster,neck_connective,06B,,AN06B004,"Lacin et al., 2019",FISH,3,0,0,1,0,0,0,0,0,0,0
adult_drosophila_melanogaster,neck_connective,06B,,AN06B005,"Lacin et al., 2019",FISH,3,0,0,1,0,0,0,0,0,0,0
adult_drosophila_melanogaster,neck_connective,06B,,AN06B007,"Lacin et al., 2019",FISH,3,0,0,1,0,0,0,0,0,0,0
adult_drosophila_melanogaster,neck_connective,06B,,AN06B009,"Lacin et al., 2019",FISH,3,0,0,1,0,0,0,0,0,0,0
adult_drosophila_melanogaster,neck_connective,06B,,AN06B012,"Lacin et al., 2019",FISH,3,0,0,1,0,0,0,0,0,0,0
adult_drosophila_melanogaster,neck_connective,06B,,AN06B014,"Lacin et al., 2019",FISH,3,0,0,1,0,0,0,0,0,0,0
adult_drosophila_melanogaster,neck_connective,06B,,AN06B015,"Lacin et al., 2019",FISH,3,0,0,1,0,0,0,0,0,0,0
adult_drosophila_melanogaster,neck_connective,06B,,AN06B023,"Lacin et al., 2019",FISH,3,0,0,1,0,0,0,0,0,0,0
adult_drosophila_melanogaster,neck_connective,06B,,AN06B025,"Lacin et al., 2019",FISH,3,0,0,1,0,0,0,0,0,0,0
adult_drosophila_melanogaster,neck_connective,06B,,AN06B026,"Lacin et al., 2019",FISH,3,0,0,1,0,0,0,0,0,0,0
adult_drosophila_melanogaster,neck_connective,06B,,AN06B031,"Lacin et al., 2019",FISH,3,0,0,1,0,0,0,0,0,0,0
adult_drosophila_melanogaster,neck_connective,06B,,AN06B034,"Lacin et al., 2019",FISH,3,0,0,1,0,0,0,0,0,0,0
adult_drosophila_melanogaster,neck_connective,06B,,AN06B037,"Lacin et al., 2019",FISH,3,0,0,1,0,0,0,0,0,0,0
adult_drosophila_melanogaster,neck_connective,06B,,AN06B039,"Lacin et al., 2019",FISH,3,0,0,1,0,0,0,0,0,0,0
adult_drosophila_melanogaster,neck_connective,06B,,AN06B040,"Lacin et al., 2019",FISH,3,0,0,1,0,0,0,0,0,0,0
adult_drosophila_melanogaster,neck_connective,06B,,AN06B042,"Lacin et al., 2019",FISH,3,0,0,1,0,0,0,0,0,0,0
adult_drosophila_melanogaster,neck_connective,06B,,AN06B044,"Lacin et al., 2019",FISH,3,0,0,1,0,0,0,0,0,0,0
adult_drosophila_melanogaster,neck_connective,06B,,AN06B045,"Lacin et al., 2019",FISH,3,0,0,1,0,0,0,0,0,0,0
adult_drosophila_melanogaster,neck_connective,06B,,AN06B046,"Lacin et al., 2019",FISH,3,0,0,1,0,0,0,0,0,0,0
adult_drosophila_melanogaster,neck_connective,06B,,AN06B048,"Lacin et al., 2019",FISH,3,0,0,1,0,0,0,0,0,0,0
adult_drosophila_melanogaster,neck_connective,06B,,AN06B051,"Lacin et al., 2019",FISH,3,0,0,1,0,0,0,0,0,0,0
adult_drosophila_melanogaster,neck_connective,06B,,AN06B057,"Lacin et al., 2019",FISH,3,0,0,1,0,0,0,0,0,0,0
adult_drosophila_melanogaster,neck_connective,06B,,AN06B068,"Lacin et al., 2019",FISH,3,0,0,1,0,0,0,0,0,0,0
adult_drosophila_melanogaster,neck_connective,06B,,AN06B075,"Lacin et al., 2019",FISH,3,0,0,1,0,0,0,0,0,0,0
adult_drosophila_melanogaster,neck_connective,07B,,AN07B003,"Lacin et al., 2019",FISH,3,1,0,0,0,0,0,0,0,0,0
adult_drosophila_melanogaster,neck_connective,07B,,AN07B004,"Lacin et al., 2019",FISH,3,1,0,0,0,0,0,0,0,0,0
adult_drosophila_melanogaster,neck_connective,07B,,AN07B005,"Lacin et al., 2019",FISH,3,1,0,0,0,0,0,0,0,0,0
adult_drosophila_melanogaster,neck_connective,07B,,AN07B011,"Lacin et al., 2019",FISH,3,1,0,0,0,0,0,0,0,0,0
adult_drosophila_melanogaster,neck_connective,07B,,AN07B015,"Lacin et al., 2019",FISH,3,1,0,0,0,0,0,0,0,0,0
adult_drosophila_melanogaster,neck_connective,07B,,AN07B018,"Lacin et al., 2019",FISH,3,1,0,0,0,0,0,0,0,0,0
adult_drosophila_melanogaster,neck_connective,07B,,AN07B021,"Lacin et al., 2019",FISH,3,1,0,0,0,0,0,0,0,0,0
adult_drosophila_melanogaster,neck_connective,07B,,AN07B024,"Lacin et al., 2019",FISH,3,1,0,0,0,0,0,0,0,0,0
adult_drosophila_melanogaster,neck_connective,07B,,AN07B025,"Lacin et al., 2019",FISH,3,1,0,0,0,0,0,0,0,0,0
adult_drosophila_melanogaster,neck_connective,07B,,AN07B032,"Lacin et al., 2019",FISH,3,1,0,0,0,0,0,0,0,0,0
adult_drosophila_melanogaster,neck_connective,07B,,AN07B035,"Lacin et al., 2019",FISH,3,1,0,0,0,0,0,0,0,0,0
adult_drosophila_melanogaster,neck_connective,07B,,AN07B036,"Lacin et al., 2019",FISH,3,1,0,0,0,0,0,0,0,0,0
adult_drosophila_melanogaster,neck_connective,07B,,AN07B037,"Lacin et al., 2019",FISH,3,1,0,0,0,0,0,0,0,0,0
adult_drosophila_melanogaster,neck_connective,07B,,AN07B040,"Lacin et al., 2019",FISH,3,1,0,0,0,0,0,0,0,0,0
adult_drosophila_melanogaster,neck_connective,07B,,AN07B041,"Lacin et al., 2019",FISH,3,1,0,0,0,0,0,0,0,0,0
adult_drosophila_melanogaster,neck_connective,07B,,AN07B042,"Lacin et al., 2019",FISH,3,1,0,0,0,0,0,0,0,0,0
adult_drosophila_melanogaster,neck_connective,07B,,AN07B043,"Lacin et al., 2019",FISH,3,1,0,0,0,0,0,0,0,0,0
adult_drosophila_melanogaster,neck_connective,07B,,AN07B045,"Lacin et al., 2019",FISH,3,1,0,0,0,0,0,0,0,0,0
adult_drosophila_melanogaster,neck_connective,07B,,AN07B046,"Lacin et al., 2019",FISH,3,1,0,0,0,0,0,0,0,0,0
adult_drosophila_melanogaster,neck_connective,07B,,AN07B049,"Lacin et al., 2019",FISH,3,1,0,0,0,0,0,0,0,0,0
adult_drosophila_melanogaster,neck_connective,07B,,AN07B050,"Lacin et al., 2019",FISH,3,1,0,0,0,0,0,0,0,0,0
adult_drosophila_melanogaster,neck_connective,07B,,AN07B051,"Lacin et al., 2019",FISH,3,1,0,0,0,0,0,0,0,0,0
adult_drosophila_melanogaster,neck_connective,07B,,AN07B052,"Lacin et al., 2019",FISH,3,1,0,0,0,0,0,0,0,0,0
adult_drosophila_melanogaster,neck_connective,07B,,AN07B056,"Lacin et al., 2019",FISH,3,1,0,0,0,0,0,0,0,0,0
adult_drosophila_melanogaster,neck_connective,07B,,AN07B057,"Lacin et al., 2019",FISH,3,1,0,0,0,0,0,0,0,0,0
adult_drosophila_melanogaster,neck_connective,07B,,AN07B060,"Lacin et al., 2019",FISH,3,1,0,0,0,0,0,0,0,0,0
adult_drosophila_melanogaster,neck_connective,07B,,AN07B062,"Lacin et al., 2019",FISH,3,1,0,0,0,0,0,0,0,0,0
adult_drosophila_melanogaster,neck_connective,07B,,AN07B063,"Lacin et al., 2019",FISH,3,1,0,0,0,0,0,0,0,0,0
adult_drosophila_melanogaster,neck_connective,07B,,AN07B069,"Lacin et al., 2019",FISH,3,1,0,0,0,0,0,0,0,0,0
adult_drosophila_melanogaster,neck_connective,07B,,AN07B070,"Lacin et al., 2019",FISH,3,1,0,0,0,0,0,0,0,0,0
adult_drosophila_melanogaster,neck_connective,07B,,AN07B071,"Lacin et al., 2019",FISH,3,1,0,0,0,0,0,0,0,0,0
adult_drosophila_melanogaster,neck_connective,07B,,AN07B072,"Lacin et al., 2019",FISH,3,1,0,0,0,0,0,0,0,0,0
adult_drosophila_melanogaster,neck_connective,07B,,AN07B076,"Lacin et al., 2019",FISH,3,1,0,0,0,0,0,0,0,0,0
adult_drosophila_melanogaster,neck_connective,07B,,AN07B078,"Lacin et al., 2019",FISH,3,1,0,0,0,0,0,0,0,0,0
adult_drosophila_melanogaster,neck_connective,07B,,AN07B082,"Lacin et al., 2019",FISH,3,1,0,0,0,0,0,0,0,0,0
adult_drosophila_melanogaster,neck_connective,07B,,AN07B085,"Lacin et al., 2019",FISH,3,1,0,0,0,0,0,0,0,0,0
adult_drosophila_melanogaster,neck_connective,07B,,AN07B088,"Lacin et al., 2019",FISH,3,1,0,0,0,0,0,0,0,0,0
adult_drosophila_melanogaster,neck_connective,07B,,AN07B089,"Lacin et al., 2019",FISH,3,1,0,0,0,0,0,0,0,0,0
adult_drosophila_melanogaster,neck_connective,07B,,AN07B091,"Lacin et al., 2019",FISH,3,1,0,0,0,0,0,0,0,0,0
adult_drosophila_melanogaster,neck_connective,07B,,AN07B097,"Lacin et al., 2019",FISH,3,1,0,0,0,0,0,0,0,0,0
adult_drosophila_melanogaster,neck_connective,07B,,AN07B100,"Lacin et al., 2019",FISH,3,1,0,0,0,0,0,0,0,0,0
adult_drosophila_melanogaster,neck_connective,07B,,AN07B101,"Lacin et al., 2019",FISH,3,1,0,0,0,0,0,0,0,0,0
adult_drosophila_melanogaster,neck_connective,08B,,AN08B005,"Lacin et al., 2019",FISH,3,1,0,0,0,0,0,0,0,0,0
adult_drosophila_melanogaster,neck_connective,08B,,AN08B009,"Lacin et al., 2019",FISH,3,1,0,0,0,0,0,0,0,0,0
adult_drosophila_melanogaster,neck_connective,08B,,AN08B010,"Lacin et al., 2019",FISH,3,1,0,0,0,0,0,0,0,0,0
adult_drosophila_melanogaster,neck_connective,08B,,AN08B012,"Lacin et al., 2019",FISH,3,1,0,0,0,0,0,0,0,0,0
adult_drosophila_melanogaster,neck_connective,08B,,AN08B013,"Lacin et al., 2019",FISH,3,1,0,0,0,0,0,0,0,0,0
adult_drosophila_melanogaster,neck_connective,08B,,AN08B014,"Lacin et al., 2019",FISH,3,1,0,0,0,0,0,0,0,0,0
adult_drosophila_melanogaster,neck_connective,08B,,AN08B015,"Lacin et al., 2019",FISH,3,1,0,0,0,0,0,0,0,0,0
adult_drosophila_melanogaster,neck_connective,08B,,AN08B018,"Lacin et al., 2019",FISH,3,1,0,0,0,0,0,0,0,0,0
adult_drosophila_melanogaster,neck_connective,08B,,AN08B020,"Lacin et al., 2019",FISH,3,1,0,0,0,0,0,0,0,0,0
adult_drosophila_melanogaster,neck_connective,08B,,AN08B022,"Lacin et al., 2019",FISH,3,1,0,0,0,0,0,0,0,0,0
adult_drosophila_melanogaster,neck_connective,08B,,AN08B023,"Lacin et al., 2019",FISH,3,1,0,0,0,0,0,0,0,0,0
adult_drosophila_melanogaster,neck_connective,08B,,AN08B024,"Lacin et al., 2019",FISH,3,1,0,0,0,0,0,0,0,0,0
adult_drosophila_melanogaster,neck_connective,08B,,AN08B025,"Lacin et al., 2019",FISH,3,1,0,0,0,0,0,0,0,0,0
adult_drosophila_melanogaster,neck_connective,08B,,AN08B026,"Lacin et al., 2019",FISH,3,1,0,0,0,0,0,0,0,0,0
adult_drosophila_melanogaster,neck_connective,08B,,AN08B027,"Lacin et al., 2019",FISH,3,1,0,0,0,0,0,0,0,0,0
adult_drosophila_melanogaster,neck_connective,08B,,AN08B028,"Lacin et al., 2019",FISH,3,1,0,0,0,0,0,0,0,0,0
adult_drosophila_melanogaster,neck_connective,08B,,AN08B031,"Lacin et al., 2019",FISH,3,1,0,0,0,0,0,0,0,0,0
adult_drosophila_melanogaster,neck_connective,08B,,AN08B032,"Lacin et al., 2019",FISH,3,1,0,0,0,0,0,0,0,0,0
adult_drosophila_melanogaster,neck_connective,08B,,AN08B034,"Lacin et al., 2019",FISH,3,1,0,0,0,0,0,0,0,0,0
adult_drosophila_melanogaster,neck_connective,08B,,AN08B035,"Lacin et al., 2019",FISH,3,1,0,0,0,0,0,0,0,0,0
adult_drosophila_melanogaster,neck_connective,08B,,AN08B041,"Lacin et al., 2019",FISH,3,1,0,0,0,0,0,0,0,0,0
adult_drosophila_melanogaster,neck_connective,08B,,AN08B043,"Lacin et al., 2019",FISH,3,1,0,0,0,0,0,0,0,0,0
adult_drosophila_melanogaster,neck_connective,08B,,AN08B047,"Lacin et al., 2019",FISH,3,1,0,0,0,0,0,0,0,0,0
adult_drosophila_melanogaster,neck_connective,08B,,AN08B048,"Lacin et al., 2019",FISH,3,1,0,0,0,0,0,0,0,0,0
adult_drosophila_melanogaster,neck_connective,08B,,AN08B049,"Lacin et al., 2019",FISH,3,1,0,0,0,0,0,0,0,0,0
adult_drosophila_melanogaster,neck_connective,08B,,AN08B050,"Lacin et al., 2019",FISH,3,1,0,0,0,0,0,0,0,0,0
adult_drosophila_melanogaster,neck_connective,08B,,AN08B053,"Lacin et al., 2019",FISH,3,1,0,0,0,0,0,0,0,0,0
adult_drosophila_melanogaster,neck_connective,08B,,AN08B057,"Lacin et al., 2019",FISH,3,1,0,0,0,0,0,0,0,0,0
adult_drosophila_melanogaster,neck_connective,08B,,AN08B059,"Lacin et al., 2019",FISH,3,1,0,0,0,0,0,0,0,0,0
adult_drosophila_melanogaster,neck_connective,08B,,AN08B061,"Lacin et al., 2019",FISH,3,1,0,0,0,0,0,0,0,0,0
adult_drosophila_melanogaster,neck_connective,08B,,AN08B066,"Lacin et al., 2019",FISH,3,1,0,0,0,0,0,0,0,0,0
adult_drosophila_melanogaster,neck_connective,08B,,AN08B069,"Lacin et al., 2019",FISH,3,1,0,0,0,0,0,0,0,0,0
adult_drosophila_melanogaster,neck_connective,08B,,AN08B071,"Lacin et al., 2019",FISH,3,1,0,0,0,0,0,0,0,0,0
adult_drosophila_melanogaster,neck_connective,08B,,AN08B074,"Lacin et al., 2019",FISH,3,1,0,0,0,0,0,0,0,0,0
adult_drosophila_melanogaster,neck_connective,08B,,AN08B079,"Lacin et al., 2019",FISH,3,1,0,0,0,0,0,0,0,0,0
adult_drosophila_melanogaster,neck_connective,08B,,AN08B081,"Lacin et al., 2019",FISH,3,1,0,0,0,0,0,0,0,0,0
adult_drosophila_melanogaster,neck_connective,08B,,AN08B084,"Lacin et al., 2019",FISH,3,1,0,0,0,0,0,0,0,0,0
adult_drosophila_melanogaster,neck_connective,08B,,AN08B086,"Lacin et al., 2019",FISH,3,1,0,0,0,0,0,0,0,0,0
adult_drosophila_melanogaster,neck_connective,08B,,AN08B089,"Lacin et al., 2019",FISH,3,1,0,0,0,0,0,0,0,0,0
adult_drosophila_melanogaster,neck_connective,08B,,AN08B094,"Lacin et al., 2019",FISH,3,1,0,0,0,0,0,0,0,0,0
adult_drosophila_melanogaster,neck_connective,08B,,AN08B095,"Lacin et al., 2019",FISH,3,1,0,0,0,0,0,0,0,0,0
adult_drosophila_melanogaster,neck_connective,08B,,AN08B096,"Lacin et al., 2019",FISH,3,1,0,0,0,0,0,0,0,0,0
adult_drosophila_melanogaster,neck_connective,08B,,AN08B097,"Lacin et al., 2019",FISH,3,1,0,0,0,0,0,0,0,0,0
adult_drosophila_melanogaster,neck_connective,08B,,AN08B098,"Lacin et al., 2019",FISH,3,1,0,0,0,0,0,0,0,0,0
adult_drosophila_melanogaster,neck_connective,08B,,AN08B099,"Lacin et al., 2019",FISH,3,1,0,0,0,0,0,0,0,0,0
adult_drosophila_melanogaster,neck_connective,08B,,AN08B100,"Lacin et al., 2019",FISH,3,1,0,0,0,0,0,0,0,0,0
adult_drosophila_melanogaster,neck_connective,08B,,AN08B101,"Lacin et al., 2019",FISH,3,1,0,0,0,0,0,0,0,0,0
adult_drosophila_melanogaster,neck_connective,08B,,AN08B102,"Lacin et al., 2019",FISH,3,1,0,0,0,0,0,0,0,0,0
adult_drosophila_melanogaster,neck_connective,08B,,AN08B103,"Lacin et al., 2019",FISH,3,1,0,0,0,0,0,0,0,0,0
adult_drosophila_melanogaster,neck_connective,08B,,AN08B106,"Lacin et al., 2019",FISH,3,1,0,0,0,0,0,0,0,0,0
adult_drosophila_melanogaster,neck_connective,08B,,AN08B107,"Lacin et al., 2019",FISH,3,1,0,0,0,0,0,0,0,0,0
adult_drosophila_melanogaster,neck_connective,08B,,AN08B109,"Lacin et al., 2019",FISH,3,1,0,0,0,0,0,0,0,0,0
adult_drosophila_melanogaster,neck_connective,08B,,AN08B110,"Lacin et al., 2019",FISH,3,1,0,0,0,0,0,0,0,0,0
adult_drosophila_melanogaster,neck_connective,08B,,AN08B111,"Lacin et al., 2019",FISH,3,1,0,0,0,0,0,0,0,0,0
adult_drosophila_melanogaster,neck_connective,08B,,AN08B112,"Lacin et al., 2019",FISH,3,1,0,0,0,0,0,0,0,0,0
adult_drosophila_melanogaster,neck_connective,08B,,AN08B113,"Lacin et al., 2019",FISH,3,1,0,0,0,0,0,0,0,0,0
adult_drosophila_melanogaster,neck_connective,09A,,AN09A007,"Lacin et al., 2019",FISH,3,0,0,1,0,0,0,0,0,0,0
adult_drosophila_melanogaster,neck_connective,09B,,AN09B017,"Lacin et al., 2019",FISH,3,0,1,0,0,0,0,0,0,0,0
adult_drosophila_melanogaster,neck_connective,09B,,AN09B021,"Lacin et al., 2019",FISH,3,0,1,0,0,0,0,0,0,0,0
adult_drosophila_melanogaster,neck_connective,09B,,AN09B028,"Lacin et al., 2019",FISH,3,0,1,0,0,0,0,0,0,0,0
adult_drosophila_melanogaster,neck_connective,09B,,AN09B030,"Lacin et al., 2019",FISH,3,0,1,0,0,0,0,0,0,0,0
adult_drosophila_melanogaster,neck_connective,09B,,AN09B032,"Lacin et al., 2019",FISH,3,0,1,0,0,0,0,0,0,0,0
adult_drosophila_melanogaster,neck_connective,09B,,AN09B035,"Lacin et al., 2019",FISH,3,0,1,0,0,0,0,0,0,0,0
adult_drosophila_melanogaster,neck_connective,09B,,AN09B040,"Lacin et al., 2019",FISH,3,0,1,0,0,0,0,0,0,0,0
adult_drosophila_melanogaster,neck_connective,09B,,AN09B044,"Lacin et al., 2019",FISH,3,0,1,0,0,0,0,0,0,0,0
adult_drosophila_melanogaster,neck_connective,10B,,AN10B005,"Lacin et al., 2019",FISH,3,1,0,0,0,0,0,0,0,0,0
adult_drosophila_melanogaster,neck_connective,10B,,AN10B008,"Lacin et al., 2019",FISH,3,1,0,0,0,0,0,0,0,0,0
adult_drosophila_melanogaster,neck_connective,10B,,AN10B009,"Lacin et al., 2019",FISH,3,1,0,0,0,0,0,0,0,0,0
adult_drosophila_melanogaster,neck_connective,10B,,AN10B015,"Lacin et al., 2019",FISH,3,1,0,0,0,0,0,0,0,0,0
adult_drosophila_melanogaster,neck_connective,10B,,AN10B017,"Lacin et al., 2019",FISH,3,1,0,0,0,0,0,0,0,0,0
adult_drosophila_melanogaster,neck_connective,10B,,AN10B018,"Lacin et al., 2019",FISH,3,1,0,0,0,0,0,0,0,0,0
adult_drosophila_melanogaster,neck_connective,10B,,AN10B019,"Lacin et al., 2019",FISH,3,1,0,0,0,0,0,0,0,0,0
adult_drosophila_melanogaster,neck_connective,10B,,AN10B020,"Lacin et al., 2019",FISH,3,1,0,0,0,0,0,0,0,0,0
adult_drosophila_melanogaster,neck_connective,10B,,AN10B021,"Lacin et al., 2019",FISH,3,1,0,0,0,0,0,0,0,0,0
adult_drosophila_melanogaster,neck_connective,10B,,AN10B022,"Lacin et al., 2019",FISH,3,1,0,0,0,0,0,0,0,0,0
adult_drosophila_melanogaster,neck_connective,10B,,AN10B024,"Lacin et al., 2019",FISH,3,1,0,0,0,0,0,0,0,0,0
adult_drosophila_melanogaster,neck_connective,10B,,AN10B026,"Lacin et al., 2019",FISH,3,1,0,0,0,0,0,0,0,0,0
adult_drosophila_melanogaster,neck_connective,10B,,AN10B027,"Lacin et al., 2019",FISH,3,1,0,0,0,0,0,0,0,0,0
adult_drosophila_melanogaster,neck_connective,10B,,AN10B029,"Lacin et al., 2019",FISH,3,1,0,0,0,0,0,0,0,0,0
adult_drosophila_melanogaster,neck_connective,10B,,AN10B031,"Lacin et al., 2019",FISH,3,1,0,0,0,0,0,0,0,0,0
adult_drosophila_melanogaster,neck_connective,10B,,AN10B033,"Lacin et al., 2019",FISH,3,1,0,0,0,0,0,0,0,0,0
adult_drosophila_melanogaster,neck_connective,10B,,AN10B034,"Lacin et al., 2019",FISH,3,1,0,0,0,0,0,0,0,0,0
adult_drosophila_melanogaster,neck_connective,10B,,AN10B035,"Lacin et al., 2019",FISH,3,1,0,0,0,0,0,0,0,0,0
adult_drosophila_melanogaster,neck_connective,10B,,AN10B037,"Lacin et al., 2019",FISH,3,1,0,0,0,0,0,0,0,0,0
adult_drosophila_melanogaster,neck_connective,10B,,AN10B039,"Lacin et al., 2019",FISH,3,1,0,0,0,0,0,0,0,0,0
adult_drosophila_melanogaster,neck_connective,10B,,AN10B045,"Lacin et al., 2019",FISH,3,1,0,0,0,0,0,0,0,0,0
adult_drosophila_melanogaster,neck_connective,10B,,AN10B046,"Lacin et al., 2019",FISH,3,1,0,0,0,0,0,0,0,0,0
adult_drosophila_melanogaster,neck_connective,10B,,AN10B047,"Lacin et al., 2019",FISH,3,1,0,0,0,0,0,0,0,0,0
adult_drosophila_melanogaster,neck_connective,10B,,AN10B048,"Lacin et al., 2019",FISH,3,1,0,0,0,0,0,0,0,0,0
adult_drosophila_melanogaster,neck_connective,10B,,AN10B049,"Lacin et al., 2019",FISH,3,1,0,0,0,0,0,0,0,0,0
adult_drosophila_melanogaster,neck_connective,10B,,AN10B051,"Lacin et al., 2019",FISH,3,1,0,0,0,0,0,0,0,0,0
adult_drosophila_melanogaster,neck_connective,10B,,AN10B053,"Lacin et al., 2019",FISH,3,1,0,0,0,0,0,0,0,0,0
adult_drosophila_melanogaster,neck_connective,10B,,AN10B056,"Lacin et al., 2019",FISH,3,1,0,0,0,0,0,0,0,0,0
adult_drosophila_melanogaster,neck_connective,10B,,AN10B060,"Lacin et al., 2019",FISH,3,1,0,0,0,0,0,0,0,0,0
adult_drosophila_melanogaster,neck_connective,10B,,AN10B061,"Lacin et al., 2019",FISH,3,1,0,0,0,0,0,0,0,0,0
adult_drosophila_melanogaster,neck_connective,11B,,AN11B008,"Lacin et al., 2019",FISH,3,0,0,1,0,0,0,0,0,0,0
adult_drosophila_melanogaster,neck_connective,11B,,AN11B012,"Lacin et al., 2019",FISH,3,0,0,1,0,0,0,0,0,0,0
adult_drosophila_melanogaster,neck_connective,12A,,AN12A003,"Lacin et al., 2019",FISH,3,1,0,0,0,0,0,0,0,0,0
adult_drosophila_melanogaster,neck_connective,12A,,AN12A017,"Lacin et al., 2019",FISH,3,1,0,0,0,0,0,0,0,0,0
adult_drosophila_melanogaster,neck_connective,12B,,AN12B001,"Lacin et al., 2019",FISH,3,0,0,1,0,0,0,0,0,0,0
adult_drosophila_melanogaster,neck_connective,12B,,AN12B004,"Lacin et al., 2019",FISH,3,0,0,1,0,0,0,0,0,0,0
adult_drosophila_melanogaster,neck_connective,12B,,AN12B005,"Lacin et al., 2019",FISH,3,0,0,1,0,0,0,0,0,0,0
adult_drosophila_melanogaster,neck_connective,12B,,AN12B008,"Lacin et al., 2019",FISH,3,0,0,1,0,0,0,0,0,0,0
adult_drosophila_melanogaster,neck_connective,12B,,AN12B011,"Lacin et al., 2019",FISH,3,0,0,1,0,0,0,0,0,0,0
adult_drosophila_melanogaster,neck_connective,12B,,AN12B017,"Lacin et al., 2019",FISH,3,0,0,1,0,0,0,0,0,0,0
adult_drosophila_melanogaster,neck_connective,12B,,AN12B019,"Lacin et al., 2019",FISH,3,0,0,1,0,0,0,0,0,0,0
adult_drosophila_melanogaster,neck_connective,12B,,AN12B055,"Lacin et al., 2019",FISH,3,0,0,1,0,0,0,0,0,0,0
adult_drosophila_melanogaster,neck_connective,12B,,AN12B060,"Lacin et al., 2019",FISH,3,0,0,1,0,0,0,0,0,0,0
adult_drosophila_melanogaster,neck_connective,12B,,AN12B076,"Lacin et al., 2019",FISH,3,0,0,1,0,0,0,0,0,0,0
adult_drosophila_melanogaster,neck_connective,12B,,AN12B080,"Lacin et al., 2019",FISH,3,0,0,1,0,0,0,0,0,0,0
adult_drosophila_melanogaster,neck_connective,12B,,AN12B089,"Lacin et al., 2019",FISH,3,0,0,1,0,0,0,0,0,0,0
adult_drosophila_melanogaster,neck_connective,13B,,AN13B002,"Lacin et al., 2019",FISH,3,0,0,1,0,0,0,0,0,0,0
adult_drosophila_melanogaster,neck_connective,16B,,AN16B078,"Lacin et al., 2019",FISH,3,0,1,0,0,0,0,0,0,0,0
adult_drosophila_melanogaster,neck_connective,16B,,AN16B081,"Lacin et al., 2019",FISH,3,0,1,0,0,0,0,0,0,0,0
adult_drosophila_melanogaster,neck_connective,16B,,AN16B112,"Lacin et al., 2019",FISH,3,0,1,0,0,0,0,0,0,0,0
adult_drosophila_melanogaster,neck_connective,16B,,AN16B116,"Lacin et al., 2019",FISH,3,0,1,0,0,0,0,0,0,0,0
adult_drosophila_melanogaster,neck_connective,17A,,AN17A002,"Lacin et al., 2019",FISH,3,1,0,0,0,0,0,0,0,0,0
adult_drosophila_melanogaster,neck_connective,17A,,AN17A003,"Lacin et al., 2019",FISH,3,1,0,0,0,0,0,0,0,0,0
adult_drosophila_melanogaster,neck_connective,17A,,AN17A004,"Lacin et al., 2019",FISH,3,1,0,0,0,0,0,0,0,0,0
adult_drosophila_melanogaster,neck_connective,17A,,AN17A008,"Lacin et al., 2019",FISH,3,1,0,0,0,0,0,0,0,0,0
adult_drosophila_melanogaster,neck_connective,17A,,AN17A009,"Lacin et al., 2019",FISH,3,1,0,0,0,0,0,0,0,0,0
adult_drosophila_melanogaster,neck_connective,17A,,AN17A012,"Lacin et al., 2019",FISH,3,1,0,0,0,0,0,0,0,0,0
adult_drosophila_melanogaster,neck_connective,17A,,AN17A013,"Lacin et al., 2019",FISH,3,1,0,0,0,0,0,0,0,0,0
adult_drosophila_melanogaster,neck_connective,17A,,AN17A014,"Lacin et al., 2019",FISH,3,1,0,0,0,0,0,0,0,0,0
adult_drosophila_melanogaster,neck_connective,17A,,AN17A015,"Lacin et al., 2019",FISH,3,1,0,0,0,0,0,0,0,0,0
adult_drosophila_melanogaster,neck_connective,17A,,AN17A018,"Lacin et al., 2019",FISH,3,1,0,0,0,0,0,0,0,0,0
adult_drosophila_melanogaster,neck_connective,17A,,AN17A024,"Lacin et al., 2019",FISH,3,1,0,0,0,0,0,0,0,0,0
adult_drosophila_melanogaster,neck_connective,17A,,AN17A026,"Lacin et al., 2019",FISH,3,1,0,0,0,0,0,0,0,0,0
adult_drosophila_melanogaster,neck_connective,17A,,AN17A031,"Lacin et al., 2019",FISH,3,1,0,0,0,0,0,0,0,0,0
adult_drosophila_melanogaster,neck_connective,17A,,AN17A047,"Lacin et al., 2019",FISH,3,1,0,0,0,0,0,0,0,0,0
adult_drosophila_melanogaster,neck_connective,17A,,AN17A050,"Lacin et al., 2019",FISH,3,1,0,0,0,0,0,0,0,0,0
adult_drosophila_melanogaster,neck_connective,17A,,AN17A062,"Lacin et al., 2019",FISH,3,1,0,0,0,0,0,0,0,0,0
adult_drosophila_melanogaster,neck_connective,17A,,AN17A068,"Lacin et al., 2019",FISH,3,1,0,0,0,0,0,0,0,0,0
adult_drosophila_melanogaster,neck_connective,17A,,AN17A073,"Lacin et al., 2019",FISH,3,1,0,0,0,0,0,0,0,0,0
adult_drosophila_melanogaster,neck_connective,17A,,AN17A076,"Lacin et al., 2019",FISH,3,1,0,0,0,0,0,0,0,0,0
adult_drosophila_melanogaster,neck_connective,18B,,AN18B001,"Lacin et al., 2019",FISH,3,1,0,0,0,0,0,0,0,0,0
adult_drosophila_melanogaster,neck_connective,18B,,AN18B002,"Lacin et al., 2019",FISH,3,1,0,0,0,0,0,0,0,0,0
adult_drosophila_melanogaster,neck_connective,18B,,AN18B003,"Lacin et al., 2019",FISH,3,1,0,0,0,0,0,0,0,0,0
adult_drosophila_melanogaster,neck_connective,18B,,AN18B004,"Lacin et al., 2019",FISH,3,1,0,0,0,0,0,0,0,0,0
adult_drosophila_melanogaster,neck_connective,18B,,AN18B019,"Lacin et al., 2019",FISH,3,1,0,0,0,0,0,0,0,0,0
adult_drosophila_melanogaster,neck_connective,18B,,AN18B020,"Lacin et al., 2019",FISH,3,1,0,0,0,0,0,0,0,0,0
adult_drosophila_melanogaster,neck_connective,18B,,AN18B022,"Lacin et al., 2019",FISH,3,1,0,0,0,0,0,0,0,0,0
adult_drosophila_melanogaster,neck_connective,18B,,AN18B023,"Lacin et al., 2019",FISH,3,1,0,0,0,0,0,0,0,0,0
adult_drosophila_melanogaster,neck_connective,18B,,AN18B025,"Lacin et al., 2019",FISH,3,1,0,0,0,0,0,0,0,0,0
adult_drosophila_melanogaster,neck_connective,18B,,AN18B032,"Lacin et al., 2019",FISH,3,1,0,0,0,0,0,0,0,0,0
adult_drosophila_melanogaster,neck_connective,18B,,AN18B053,"Lacin et al., 2019",FISH,3,1,0,0,0,0,0,0,0,0,0
adult_drosophila_melanogaster,neck_connective,19B,,AN19B001,"Lacin et al., 2019",FISH,3,1,0,0,0,0,0,0,0,0,0
adult_drosophila_melanogaster,neck_connective,19B,,AN19B004,"Lacin et al., 2019",FISH,3,1,0,0,0,0,0,0,0,0,0
adult_drosophila_melanogaster,neck_connective,19B,,AN19B009,"Lacin et al., 2019",FISH,3,1,0,0,0,0,0,0,0,0,0
adult_drosophila_melanogaster,neck_connective,19B,,AN19B010,"Lacin et al., 2019",FISH,3,1,0,0,0,0,0,0,0,0,0
adult_drosophila_melanogaster,neck_connective,19B,,AN19B014,"Lacin et al., 2019",FISH,3,1,0,0,0,0,0,0,0,0,0
adult_drosophila_melanogaster,neck_connective,19B,,AN19B015,"Lacin et al., 2019",FISH,3,1,0,0,0,0,0,0,0,0,0
adult_drosophila_melanogaster,neck_connective,19B,,AN19B017,"Lacin et al., 2019",FISH,3,1,0,0,0,0,0,0,0,0,0
adult_drosophila_melanogaster,neck_connective,19B,,AN19B018,"Lacin et al., 2019",FISH,3,1,0,0,0,0,0,0,0,0,0
adult_drosophila_melanogaster,neck_connective,19B,,AN19B022,"Lacin et al., 2019",FISH,3,1,0,0,0,0,0,0,0,0,0
adult_drosophila_melanogaster,neck_connective,19B,,AN19B024,"Lacin et al., 2019",FISH,3,1,0,0,0,0,0,0,0,0,0
adult_drosophila_melanogaster,neck_connective,19B,,AN19B025,"Lacin et al., 2019",FISH,3,1,0,0,0,0,0,0,0,0,0
adult_drosophila_melanogaster,neck_connective,19B,,AN19B028,"Lacin et al., 2019",FISH,3,1,0,0,0,0,0,0,0,0,0
adult_drosophila_melanogaster,neck_connective,19B,,AN19B032,"Lacin et al., 2019",FISH,3,1,0,0,0,0,0,0,0,0,0
adult_drosophila_melanogaster,neck_connective,19B,,AN19B036,"Lacin et al., 2019",FISH,3,1,0,0,0,0,0,0,0,0,0
adult_drosophila_melanogaster,neck_connective,19B,,AN19B039,"Lacin et al., 2019",FISH,3,1,0,0,0,0,0,0,0,0,0
adult_drosophila_melanogaster,neck_connective,19B,,AN19B042,"Lacin et al., 2019",FISH,3,1,0,0,0,0,0,0,0,0,0
adult_drosophila_melanogaster,neck_connective,19B,,AN19B044,"Lacin et al., 2019",FISH,3,1,0,0,0,0,0,0,0,0,0
adult_drosophila_melanogaster,neck_connective,19B,,AN19B046,"Lacin et al., 2019",FISH,3,1,0,0,0,0,0,0,0,0,0
adult_drosophila_melanogaster,neck_connective,19B,,AN19B051,"Lacin et al., 2019",FISH,3,1,0,0,0,0,0,0,0,0,0
adult_drosophila_melanogaster,neck_connective,19B,,AN19B059,"Lacin et al., 2019",FISH,3,1,0,0,0,0,0,0,0,0,0
adult_drosophila_melanogaster,neck_connective,19B,,AN19B060,"Lacin et al., 2019",FISH,3,1,0,0,0,0,0,0,0,0,0
adult_drosophila_melanogaster,neck_connective,19B,,AN19B061,"Lacin et al., 2019",FISH,3,1,0,0,0,0,0,0,0,0,0
adult_drosophila_melanogaster,neck_connective,19B,,AN19B063,"Lacin et al., 2019",FISH,3,1,0,0,0,0,0,0,0,0,0
adult_drosophila_melanogaster,neck_connective,19B,,AN19B065,"Lacin et al., 2019",FISH,3,1,0,0,0,0,0,0,0,0,0
adult_drosophila_melanogaster,neck_connective,19B,,AN19B074,"Lacin et al., 2019",FISH,3,1,0,0,0,0,0,0,0,0,0
adult_drosophila_melanogaster,neck_connective,19B,,AN19B076,"Lacin et al., 2019",FISH,3,1,0,0,0,0,0,0,0,0,0
adult_drosophila_melanogaster,neck_connective,19B,,AN19B079,"Lacin et al., 2019",FISH,3,1,0,0,0,0,0,0,0,0,0
adult_drosophila_melanogaster,neck_connective,19B,,AN19B093,"Lacin et al., 2019",FISH,3,1,0,0,0,0,0,0,0,0,0
adult_drosophila_melanogaster,neck_connective,19B,,AN19B098,"Lacin et al., 2019",FISH,3,1,0,0,0,0,0,0,0,0,0
adult_drosophila_melanogaster,neck_connective,19B,,AN19B099,"Lacin et al., 2019",FISH,3,1,0,0,0,0,0,0,0,0,0
adult_drosophila_melanogaster,neck_connective,19B,,AN19B100,"Lacin et al., 2019",FISH,3,1,0,0,0,0,0,0,0,0,0
adult_drosophila_melanogaster,neck_connective,19B,,AN19B101,"Lacin et al., 2019",FISH,3,1,0,0,0,0,0,0,0,0,0
adult_drosophila_melanogaster,neck_connective,19B,,AN19B102,"Lacin et al., 2019",FISH,3,1,0,0,0,0,0,0,0,0,0
adult_drosophila_melanogaster,neck_connective,19B,,AN19B104,"Lacin et al., 2019",FISH,3,1,0,0,0,0,0,0,0,0,0
adult_drosophila_melanogaster,neck_connective,19B,,AN19B106,"Lacin et al., 2019",FISH,3,1,0,0,0,0,0,0,0,0,0
adult_drosophila_melanogaster,neck_connective,23B,,AN23B001,"Lacin et al., 2019",FISH,3,1,0,0,0,0,0,0,0,0,0
adult_drosophila_melanogaster,neck_connective,23B,,AN23B002,"Lacin et al., 2019",FISH,3,1,0,0,0,0,0,0,0,0,0
adult_drosophila_melanogaster,neck_connective,23B,,AN23B003,"Lacin et al., 2019",FISH,3,1,0,0,0,0,0,0,0,0,0
adult_drosophila_melanogaster,neck_connective,23B,,AN23B004,"Lacin et al., 2019",FISH,3,1,0,0,0,0,0,0,0,0,0
adult_drosophila_melanogaster,neck_connective,23B,,AN23B010,"Lacin et al., 2019",FISH,3,1,0,0,0,0,0,0,0,0,0
adult_drosophila_melanogaster,neck_connective,23B,,AN23B026,"Lacin et al., 2019",FISH,3,1,0,0,0,0,0,0,0,0,0
adult_drosophila_melanogaster,ventral_nerve_cord,16B,,b1 MN,"Lacin et al., 2019",FISH,3,0,1,0,0,0,0,0,0,0,0
adult_drosophila_melanogaster,ventral_nerve_cord,16B,,b2 MN,"Lacin et al., 2019",FISH,3,0,1,0,0,0,0,0,0,0,0
adult_drosophila_melanogaster,ventral_nerve_cord,16B,,b3 MN,"Lacin et al., 2019",FISH,3,0,1,0,0,0,0,0,0,0,0
adult_drosophila_melanogaster,ventral_nerve_cord,19B,,dMS10,"Lacin et al., 2019",FISH,3,1,0,0,0,0,0,0,0,0,0
adult_drosophila_melanogaster,ventral_nerve_cord,17A,,dMS2,"Lacin et al., 2019",FISH,3,1,0,0,0,0,0,0,0,0,0
adult_drosophila_melanogaster,ventral_nerve_cord,19B,,dMS5,"Lacin et al., 2019",FISH,3,1,0,0,0,0,0,0,0,0,0
adult_drosophila_melanogaster,neck_connective,19B,,dMS9,"Lacin et al., 2019",FISH,3,1,0,0,0,0,0,0,0,0,0
adult_drosophila_melanogaster,ventral_nerve_cord,08B,,dPR1,"Lacin et al., 2019",FISH,3,1,0,0,0,0,0,0,0,0,0
adult_drosophila_melanogaster,ventral_nerve_cord,16B,,DVMn 1a-c,"Lacin et al., 2019",FISH,3,0,1,0,0,0,0,0,0,0,0
adult_drosophila_melanogaster,ventral_nerve_cord,24B.25B,,Fe reductor MN,"Lacin et al., 2019",FISH,3,0,1,0,0,0,0,0,0,0,0
adult_drosophila_melanogaster,ventral_nerve_cord,16B,,FNM2,"Lacin et al., 2019",FISH,3,0,1,0,0,0,0,0,0,0,0
adult_drosophila_melanogaster,ventral_nerve_cord,18B,,GFC2,"Lacin et al., 2019",FISH,3,1,0,0,0,0,0,0,0,0,0
adult_drosophila_melanogaster,ventral_nerve_cord,11A,,GFC3,"Lacin et al., 2019",FISH,3,1,0,0,0,0,0,0,0,0,0
adult_drosophila_melanogaster,ventral_nerve_cord,11A,,GFC4,"Lacin et al., 2019",FISH,3,1,0,0,0,0,0,0,0,0,0
adult_drosophila_melanogaster,ventral_nerve_cord,08A,,hDVM MN,"Lacin et al., 2019",FISH,3,0,1,0,0,0,0,0,0,0,0
adult_drosophila_melanogaster,ventral_nerve_cord,16B,,hg1 MN,"Lacin et al., 2019",FISH,3,0,1,0,0,0,0,0,0,0,0
adult_drosophila_melanogaster,ventral_nerve_cord,16B,,hg2 MN,"Lacin et al., 2019",FISH,3,0,1,0,0,0,0,0,0,0,0
adult_drosophila_melanogaster,ventral_nerve_cord,16B,,hg3 MN,"Lacin et al., 2019",FISH,3,0,1,0,0,0,0,0,0,0,0
adult_drosophila_melanogaster,ventral_nerve_cord,08A,,hi1 MN,"Lacin et al., 2019",FISH,3,0,1,0,0,0,0,0,0,0,0
adult_drosophila_melanogaster,ventral_nerve_cord,16B,,hi2 MN,"Lacin et al., 2019",FISH,3,0,1,0,0,0,0,0,0,0,0
adult_drosophila_melanogaster,ventral_nerve_cord,16B,,hiii2 MN,"Lacin et al., 2019",FISH,3,0,1,0,0,0,0,0,0,0,0
adult_drosophila_melanogaster,ventral_nerve_cord,16B,,i1 MN,"Lacin et al., 2019",FISH,3,0,1,0,0,0,0,0,0,0,0
adult_drosophila_melanogaster,ventral_nerve_cord,16B,,i2 MN,"Lacin et al., 2019",FISH,3,0,1,0,0,0,0,0,0,0,0
adult_drosophila_melanogaster,ventral_nerve_cord,00A,,IN00A002,"Lacin et al., 2019",FISH,3,0,0,1,0,0,0,0,0,0,0
adult_drosophila_melanogaster,ventral_nerve_cord,00A,,IN00A003,"Lacin et al., 2019",FISH,3,0,0,1,0,0,0,0,0,0,0
adult_drosophila_melanogaster,ventral_nerve_cord,00A,,IN00A004,"Lacin et al., 2019",FISH,3,0,0,1,0,0,0,0,0,0,0
adult_drosophila_melanogaster,ventral_nerve_cord,00A,,IN00A005,"Lacin et al., 2019",FISH,3,0,0,1,0,0,0,0,0,0,0
adult_drosophila_melanogaster,ventral_nerve_cord,00A,,IN00A007,"Lacin et al., 2019",FISH,3,0,0,1,0,0,0,0,0,0,0
adult_drosophila_melanogaster,ventral_nerve_cord,00A,,IN00A008,"Lacin et al., 2019",FISH,3,0,0,1,0,0,0,0,0,0,0
adult_drosophila_melanogaster,ventral_nerve_cord,00A,,IN00A009,"Lacin et al., 2019",FISH,3,0,0,1,0,0,0,0,0,0,0
adult_drosophila_melanogaster,ventral_nerve_cord,00A,,IN00A010,"Lacin et al., 2019",FISH,3,0,0,1,0,0,0,0,0,0,0
adult_drosophila_melanogaster,ventral_nerve_cord,00A,,IN00A011,"Lacin et al., 2019",FISH,3,0,0,1,0,0,0,0,0,0,0
adult_drosophila_melanogaster,ventral_nerve_cord,00A,,IN00A012,"Lacin et al., 2019",FISH,3,0,0,1,0,0,0,0,0,0,0
adult_drosophila_melanogaster,ventral_nerve_cord,00A,,IN00A013,"Lacin et al., 2019",FISH,3,0,0,1,0,0,0,0,0,0,0
adult_drosophila_melanogaster,ventral_nerve_cord,00A,,IN00A014,"Lacin et al., 2019",FISH,3,0,0,1,0,0,0,0,0,0,0
adult_drosophila_melanogaster,ventral_nerve_cord,00A,,IN00A016,"Lacin et al., 2019",FISH,3,0,0,1,0,0,0,0,0,0,0
adult_drosophila_melanogaster,ventral_nerve_cord,00A,,IN00A018,"Lacin et al., 2019",FISH,3,0,0,1,0,0,0,0,0,0,0
adult_drosophila_melanogaster,ventral_nerve_cord,00A,,IN00A019,"Lacin et al., 2019",FISH,3,0,0,1,0,0,0,0,0,0,0
adult_drosophila_melanogaster,ventral_nerve_cord,00A,,IN00A020,"Lacin et al., 2019",FISH,3,0,0,1,0,0,0,0,0,0,0
adult_drosophila_melanogaster,ventral_nerve_cord,00A,,IN00A021,"Lacin et al., 2019",FISH,3,0,0,1,0,0,0,0,0,0,0
adult_drosophila_melanogaster,ventral_nerve_cord,00A,,IN00A022,"Lacin et al., 2019",FISH,3,0,0,1,0,0,0,0,0,0,0
adult_drosophila_melanogaster,ventral_nerve_cord,00A,,IN00A023,"Lacin et al., 2019",FISH,3,0,0,1,0,0,0,0,0,0,0
adult_drosophila_melanogaster,ventral_nerve_cord,00A,,IN00A024,"Lacin et al., 2019",FISH,3,0,0,1,0,0,0,0,0,0,0
adult_drosophila_melanogaster,ventral_nerve_cord,00A,,IN00A025,"Lacin et al., 2019",FISH,3,0,0,1,0,0,0,0,0,0,0
adult_drosophila_melanogaster,ventral_nerve_cord,00A,,IN00A026,"Lacin et al., 2019",FISH,3,0,0,1,0,0,0,0,0,0,0
adult_drosophila_melanogaster,ventral_nerve_cord,00A,,IN00A027,"Lacin et al., 2019",FISH,3,0,0,1,0,0,0,0,0,0,0
adult_drosophila_melanogaster,ventral_nerve_cord,00A,,IN00A028,"Lacin et al., 2019",FISH,3,0,0,1,0,0,0,0,0,0,0
adult_drosophila_melanogaster,ventral_nerve_cord,00A,,IN00A029,"Lacin et al., 2019",FISH,3,0,0,1,0,0,0,0,0,0,0
adult_drosophila_melanogaster,ventral_nerve_cord,00A,,IN00A030,"Lacin et al., 2019",FISH,3,0,0,1,0,0,0,0,0,0,0
adult_drosophila_melanogaster,ventral_nerve_cord,00A,,IN00A031,"Lacin et al., 2019",FISH,3,0,0,1,0,0,0,0,0,0,0
adult_drosophila_melanogaster,ventral_nerve_cord,00A,,IN00A032,"Lacin et al., 2019",FISH,3,0,0,1,0,0,0,0,0,0,0
adult_drosophila_melanogaster,ventral_nerve_cord,00A,,IN00A033,"Lacin et al., 2019",FISH,3,0,0,1,0,0,0,0,0,0,0
adult_drosophila_melanogaster,ventral_nerve_cord,00A,,IN00A034,"Lacin et al., 2019",FISH,3,0,0,1,0,0,0,0,0,0,0
adult_drosophila_melanogaster,ventral_nerve_cord,00A,,IN00A035,"Lacin et al., 2019",FISH,3,0,0,1,0,0,0,0,0,0,0
adult_drosophila_melanogaster,ventral_nerve_cord,00A,,IN00A036,"Lacin et al., 2019",FISH,3,0,0,1,0,0,0,0,0,0,0
adult_drosophila_melanogaster,ventral_nerve_cord,00A,,IN00A037,"Lacin et al., 2019",FISH,3,0,0,1,0,0,0,0,0,0,0
adult_drosophila_melanogaster,ventral_nerve_cord,00A,,IN00A038,"Lacin et al., 2019",FISH,3,0,0,1,0,0,0,0,0,0,0
adult_drosophila_melanogaster,ventral_nerve_cord,00A,,IN00A039,"Lacin et al., 2019",FISH,3,0,0,1,0,0,0,0,0,0,0
adult_drosophila_melanogaster,ventral_nerve_cord,00A,,IN00A040,"Lacin et al., 2019",FISH,3,0,0,1,0,0,0,0,0,0,0
adult_drosophila_melanogaster,ventral_nerve_cord,00A,,IN00A041,"Lacin et al., 2019",FISH,3,0,0,1,0,0,0,0,0,0,0
adult_drosophila_melanogaster,ventral_nerve_cord,00A,,IN00A042,"Lacin et al., 2019",FISH,3,0,0,1,0,0,0,0,0,0,0
adult_drosophila_melanogaster,ventral_nerve_cord,00A,,IN00A043,"Lacin et al., 2019",FISH,3,0,0,1,0,0,0,0,0,0,0
adult_drosophila_melanogaster,ventral_nerve_cord,00A,,IN00A044,"Lacin et al., 2019",FISH,3,0,0,1,0,0,0,0,0,0,0
adult_drosophila_melanogaster,ventral_nerve_cord,00A,,IN00A045,"Lacin et al., 2019",FISH,3,0,0,1,0,0,0,0,0,0,0
adult_drosophila_melanogaster,ventral_nerve_cord,00A,,IN00A046,"Lacin et al., 2019",FISH,3,0,0,1,0,0,0,0,0,0,0
adult_drosophila_melanogaster,ventral_nerve_cord,00A,,IN00A047,"Lacin et al., 2019",FISH,3,0,0,1,0,0,0,0,0,0,0
adult_drosophila_melanogaster,ventral_nerve_cord,00A,,IN00A048,"Lacin et al., 2019",FISH,3,0,0,1,0,0,0,0,0,0,0
adult_drosophila_melanogaster,ventral_nerve_cord,00A,,IN00A049,"Lacin et al., 2019",FISH,3,0,0,1,0,0,0,0,0,0,0
adult_drosophila_melanogaster,ventral_nerve_cord,00A,,IN00A050,"Lacin et al., 2019",FISH,3,0,0,1,0,0,0,0,0,0,0
adult_drosophila_melanogaster,ventral_nerve_cord,00A,,IN00A051,"Lacin et al., 2019",FISH,3,0,0,1,0,0,0,0,0,0,0
adult_drosophila_melanogaster,ventral_nerve_cord,00A,,IN00A053,"Lacin et al., 2019",FISH,3,0,0,1,0,0,0,0,0,0,0
adult_drosophila_melanogaster,ventral_nerve_cord,00A,,IN00A054,"Lacin et al., 2019",FISH,3,0,0,1,0,0,0,0,0,0,0
adult_drosophila_melanogaster,ventral_nerve_cord,00A,,IN00A055,"Lacin et al., 2019",FISH,3,0,0,1,0,0,0,0,0,0,0
adult_drosophila_melanogaster,ventral_nerve_cord,00A,,IN00A056,"Lacin et al., 2019",FISH,3,0,0,1,0,0,0,0,0,0,0
adult_drosophila_melanogaster,ventral_nerve_cord,00A,,IN00A057,"Lacin et al., 2019",FISH,3,0,0,1,0,0,0,0,0,0,0
adult_drosophila_melanogaster,ventral_nerve_cord,00A,,IN00A058,"Lacin et al., 2019",FISH,3,0,0,1,0,0,0,0,0,0,0
adult_drosophila_melanogaster,ventral_nerve_cord,00A,,IN00A059,"Lacin et al., 2019",FISH,3,0,0,1,0,0,0,0,0,0,0
adult_drosophila_melanogaster,ventral_nerve_cord,00A,,IN00A060,"Lacin et al., 2019",FISH,3,0,0,1,0,0,0,0,0,0,0
adult_drosophila_melanogaster,ventral_nerve_cord,00A,,IN00A061,"Lacin et al., 2019",FISH,3,0,0,1,0,0,0,0,0,0,0
adult_drosophila_melanogaster,ventral_nerve_cord,00A,,IN00A062,"Lacin et al., 2019",FISH,3,0,0,1,0,0,0,0,0,0,0
adult_drosophila_melanogaster,ventral_nerve_cord,00A,,IN00A063,"Lacin et al., 2019",FISH,3,0,0,1,0,0,0,0,0,0,0
adult_drosophila_melanogaster,ventral_nerve_cord,00A,,IN00A064,"Lacin et al., 2019",FISH,3,0,0,1,0,0,0,0,0,0,0
adult_drosophila_melanogaster,ventral_nerve_cord,00A,,IN00A065,"Lacin et al., 2019",FISH,3,0,0,1,0,0,0,0,0,0,0
adult_drosophila_melanogaster,ventral_nerve_cord,00A,,IN00A066,"Lacin et al., 2019",FISH,3,0,0,1,0,0,0,0,0,0,0
adult_drosophila_melanogaster,ventral_nerve_cord,00A,,IN00A067,"Lacin et al., 2019",FISH,3,0,0,1,0,0,0,0,0,0,0
adult_drosophila_melanogaster,ventral_nerve_cord,00A,,IN00A068,"Lacin et al., 2019",FISH,3,0,0,1,0,0,0,0,0,0,0
adult_drosophila_melanogaster,ventral_nerve_cord,00A,,IN00A069,"Lacin et al., 2019",FISH,3,0,0,1,0,0,0,0,0,0,0
adult_drosophila_melanogaster,ventral_nerve_cord,00A,,IN00A071,"Lacin et al., 2019",FISH,3,0,0,1,0,0,0,0,0,0,0
adult_drosophila_melanogaster,ventral_nerve_cord,01B,,IN01B001,"Lacin et al., 2019",FISH,3,0,0,1,0,0,0,0,0,0,0
adult_drosophila_melanogaster,ventral_nerve_cord,01B,,IN01B002,"Lacin et al., 2019",FISH,3,0,0,1,0,0,0,0,0,0,0
adult_drosophila_melanogaster,ventral_nerve_cord,01B,,IN01B003,"Lacin et al., 2019",FISH,3,0,0,1,0,0,0,0,0,0,0
adult_drosophila_melanogaster,ventral_nerve_cord,01B,,IN01B006,"Lacin et al., 2019",FISH,3,0,0,1,0,0,0,0,0,0,0
adult_drosophila_melanogaster,ventral_nerve_cord,01B,,IN01B007,"Lacin et al., 2019",FISH,3,0,0,1,0,0,0,0,0,0,0
adult_drosophila_melanogaster,ventral_nerve_cord,01B,,IN01B008,"Lacin et al., 2019",FISH,3,0,0,1,0,0,0,0,0,0,0
adult_drosophila_melanogaster,ventral_nerve_cord,01B,,IN01B010,"Lacin et al., 2019",FISH,3,0,0,1,0,0,0,0,0,0,0
adult_drosophila_melanogaster,ventral_nerve_cord,01B,,IN01B012,"Lacin et al., 2019",FISH,3,0,0,1,0,0,0,0,0,0,0
adult_drosophila_melanogaster,ventral_nerve_cord,01B,,IN01B013,"Lacin et al., 2019",FISH,3,0,0,1,0,0,0,0,0,0,0
adult_drosophila_melanogaster,ventral_nerve_cord,01B,,IN01B014,"Lacin et al., 2019",FISH,3,0,0,1,0,0,0,0,0,0,0
adult_drosophila_melanogaster,ventral_nerve_cord,01B,,IN01B015,"Lacin et al., 2019",FISH,3,0,0,1,0,0,0,0,0,0,0
adult_drosophila_melanogaster,ventral_nerve_cord,01B,,IN01B016,"Lacin et al., 2019",FISH,3,0,0,1,0,0,0,0,0,0,0
adult_drosophila_melanogaster,ventral_nerve_cord,01B,,IN01B017,"Lacin et al., 2019",FISH,3,0,0,1,0,0,0,0,0,0,0
adult_drosophila_melanogaster,ventral_nerve_cord,01B,,IN01B019,"Lacin et al., 2019",FISH,3,0,0,1,0,0,0,0,0,0,0
adult_drosophila_melanogaster,ventral_nerve_cord,01B,,IN01B020,"Lacin et al., 2019",FISH,3,0,0,1,0,0,0,0,0,0,0
adult_drosophila_melanogaster,ventral_nerve_cord,01B,,IN01B021,"Lacin et al., 2019",FISH,3,0,0,1,0,0,0,0,0,0,0
adult_drosophila_melanogaster,ventral_nerve_cord,01B,,IN01B022,"Lacin et al., 2019",FISH,3,0,0,1,0,0,0,0,0,0,0
adult_drosophila_melanogaster,ventral_nerve_cord,01B,,IN01B023,"Lacin et al., 2019",FISH,3,0,0,1,0,0,0,0,0,0,0
adult_drosophila_melanogaster,ventral_nerve_cord,01B,,IN01B024,"Lacin et al., 2019",FISH,3,0,0,1,0,0,0,0,0,0,0
adult_drosophila_melanogaster,ventral_nerve_cord,01B,,IN01B025,"Lacin et al., 2019",FISH,3,0,0,1,0,0,0,0,0,0,0
adult_drosophila_melanogaster,ventral_nerve_cord,01B,,IN01B026,"Lacin et al., 2019",FISH,3,0,0,1,0,0,0,0,0,0,0
adult_drosophila_melanogaster,ventral_nerve_cord,01B,,IN01B027,"Lacin et al., 2019",FISH,3,0,0,1,0,0,0,0,0,0,0
adult_drosophila_melanogaster,ventral_nerve_cord,01B,,IN01B028,"Lacin et al., 2019",FISH,3,0,0,1,0,0,0,0,0,0,0
adult_drosophila_melanogaster,ventral_nerve_cord,01B,,IN01B029,"Lacin et al., 2019",FISH,3,0,0,1,0,0,0,0,0,0,0
adult_drosophila_melanogaster,ventral_nerve_cord,01B,,IN01B030,"Lacin et al., 2019",FISH,3,0,0,1,0,0,0,0,0,0,0
adult_drosophila_melanogaster,ventral_nerve_cord,01B,,IN01B031,"Lacin et al., 2019",FISH,3,0,0,1,0,0,0,0,0,0,0
adult_drosophila_melanogaster,ventral_nerve_cord,01B,,IN01B032,"Lacin et al., 2019",FISH,3,0,0,1,0,0,0,0,0,0,0
adult_drosophila_melanogaster,ventral_nerve_cord,01B,,IN01B033,"Lacin et al., 2019",FISH,3,0,0,1,0,0,0,0,0,0,0
adult_drosophila_melanogaster,ventral_nerve_cord,01B,,IN01B034,"Lacin et al., 2019",FISH,3,0,0,1,0,0,0,0,0,0,0
adult_drosophila_melanogaster,ventral_nerve_cord,01B,,IN01B035,"Lacin et al., 2019",FISH,3,0,0,1,0,0,0,0,0,0,0
adult_drosophila_melanogaster,ventral_nerve_cord,01B,,IN01B036,"Lacin et al., 2019",FISH,3,0,0,1,0,0,0,0,0,0,0
adult_drosophila_melanogaster,ventral_nerve_cord,01B,,IN01B037,"Lacin et al., 2019",FISH,3,0,0,1,0,0,0,0,0,0,0
adult_drosophila_melanogaster,ventral_nerve_cord,01B,,IN01B038,"Lacin et al., 2019",FISH,3,0,0,1,0,0,0,0,0,0,0
adult_drosophila_melanogaster,ventral_nerve_cord,01B,,IN01B039,"Lacin et al., 2019",FISH,3,0,0,1,0,0,0,0,0,0,0
adult_drosophila_melanogaster,ventral_nerve_cord,01B,,IN01B040,"Lacin et al., 2019",FISH,3,0,0,1,0,0,0,0,0,0,0
adult_drosophila_melanogaster,ventral_nerve_cord,01B,,IN01B041,"Lacin et al., 2019",FISH,3,0,0,1,0,0,0,0,0,0,0
adult_drosophila_melanogaster,ventral_nerve_cord,01B,,IN01B042,"Lacin et al., 2019",FISH,3,0,0,1,0,0,0,0,0,0,0
adult_drosophila_melanogaster,ventral_nerve_cord,01B,,IN01B043,"Lacin et al., 2019",FISH,3,0,0,1,0,0,0,0,0,0,0
adult_drosophila_melanogaster,ventral_nerve_cord,01B,,IN01B044,"Lacin et al., 2019",FISH,3,0,0,1,0,0,0,0,0,0,0
adult_drosophila_melanogaster,ventral_nerve_cord,01B,,IN01B045,"Lacin et al., 2019",FISH,3,0,0,1,0,0,0,0,0,0,0
adult_drosophila_melanogaster,ventral_nerve_cord,01B,,IN01B046,"Lacin et al., 2019",FISH,3,0,0,1,0,0,0,0,0,0,0
adult_drosophila_melanogaster,ventral_nerve_cord,01B,,IN01B047,"Lacin et al., 2019",FISH,3,0,0,1,0,0,0,0,0,0,0
adult_drosophila_melanogaster,ventral_nerve_cord,01B,,IN01B048,"Lacin et al., 2019",FISH,3,0,0,1,0,0,0,0,0,0,0
adult_drosophila_melanogaster,ventral_nerve_cord,01B,,IN01B049,"Lacin et al., 2019",FISH,3,0,0,1,0,0,0,0,0,0,0
adult_drosophila_melanogaster,ventral_nerve_cord,01B,,IN01B050,"Lacin et al., 2019",FISH,3,0,0,1,0,0,0,0,0,0,0
adult_drosophila_melanogaster,ventral_nerve_cord,01B,,IN01B051,"Lacin et al., 2019",FISH,3,0,0,1,0,0,0,0,0,0,0
adult_drosophila_melanogaster,ventral_nerve_cord,01B,,IN01B052,"Lacin et al., 2019",FISH,3,0,0,1,0,0,0,0,0,0,0
adult_drosophila_melanogaster,ventral_nerve_cord,01B,,IN01B053,"Lacin et al., 2019",FISH,3,0,0,1,0,0,0,0,0,0,0
adult_drosophila_melanogaster,ventral_nerve_cord,01B,,IN01B054,"Lacin et al., 2019",FISH,3,0,0,1,0,0,0,0,0,0,0
adult_drosophila_melanogaster,ventral_nerve_cord,01B,,IN01B055,"Lacin et al., 2019",FISH,3,0,0,1,0,0,0,0,0,0,0
adult_drosophila_melanogaster,ventral_nerve_cord,01B,,IN01B056,"Lacin et al., 2019",FISH,3,0,0,1,0,0,0,0,0,0,0
adult_drosophila_melanogaster,ventral_nerve_cord,01B,,IN01B057,"Lacin et al., 2019",FISH,3,0,0,1,0,0,0,0,0,0,0
adult_drosophila_melanogaster,ventral_nerve_cord,01B,,IN01B058,"Lacin et al., 2019",FISH,3,0,0,1,0,0,0,0,0,0,0
adult_drosophila_melanogaster,ventral_nerve_cord,01B,,IN01B059,"Lacin et al., 2019",FISH,3,0,0,1,0,0,0,0,0,0,0
adult_drosophila_melanogaster,ventral_nerve_cord,01B,,IN01B060,"Lacin et al., 2019",FISH,3,0,0,1,0,0,0,0,0,0,0
adult_drosophila_melanogaster,ventral_nerve_cord,01B,,IN01B061,"Lacin et al., 2019",FISH,3,0,0,1,0,0,0,0,0,0,0
adult_drosophila_melanogaster,ventral_nerve_cord,01B,,IN01B062,"Lacin et al., 2019",FISH,3,0,0,1,0,0,0,0,0,0,0
adult_drosophila_melanogaster,ventral_nerve_cord,01B,,IN01B063,"Lacin et al., 2019",FISH,3,0,0,1,0,0,0,0,0,0,0
adult_drosophila_melanogaster,ventral_nerve_cord,01B,,IN01B064,"Lacin et al., 2019",FISH,3,0,0,1,0,0,0,0,0,0,0
adult_drosophila_melanogaster,ventral_nerve_cord,01B,,IN01B065,"Lacin et al., 2019",FISH,3,0,0,1,0,0,0,0,0,0,0
adult_drosophila_melanogaster,ventral_nerve_cord,01B,,IN01B066,"Lacin et al., 2019",FISH,3,0,0,1,0,0,0,0,0,0,0
adult_drosophila_melanogaster,ventral_nerve_cord,01B,,IN01B067,"Lacin et al., 2019",FISH,3,0,0,1,0,0,0,0,0,0,0
adult_drosophila_melanogaster,ventral_nerve_cord,01B,,IN01B068,"Lacin et al., 2019",FISH,3,0,0,1,0,0,0,0,0,0,0
adult_drosophila_melanogaster,ventral_nerve_cord,01B,,IN01B069,"Lacin et al., 2019",FISH,3,0,0,1,0,0,0,0,0,0,0
adult_drosophila_melanogaster,ventral_nerve_cord,01B,,IN01B070,"Lacin et al., 2019",FISH,3,0,0,1,0,0,0,0,0,0,0
adult_drosophila_melanogaster,ventral_nerve_cord,01B,,IN01B071,"Lacin et al., 2019",FISH,3,0,0,1,0,0,0,0,0,0,0
adult_drosophila_melanogaster,ventral_nerve_cord,01B,,IN01B072,"Lacin et al., 2019",FISH,3,0,0,1,0,0,0,0,0,0,0
adult_drosophila_melanogaster,ventral_nerve_cord,01B,,IN01B073,"Lacin et al., 2019",FISH,3,0,0,1,0,0,0,0,0,0,0
adult_drosophila_melanogaster,ventral_nerve_cord,01B,,IN01B074,"Lacin et al., 2019",FISH,3,0,0,1,0,0,0,0,0,0,0
adult_drosophila_melanogaster,ventral_nerve_cord,01B,,IN01B075,"Lacin et al., 2019",FISH,3,0,0,1,0,0,0,0,0,0,0
adult_drosophila_melanogaster,ventral_nerve_cord,01B,,IN01B077,"Lacin et al., 2019",FISH,3,0,0,1,0,0,0,0,0,0,0
adult_drosophila_melanogaster,ventral_nerve_cord,01B,,IN01B078,"Lacin et al., 2019",FISH,3,0,0,1,0,0,0,0,0,0,0
adult_drosophila_melanogaster,ventral_nerve_cord,01B,,IN01B079,"Lacin et al., 2019",FISH,3,0,0,1,0,0,0,0,0,0,0
adult_drosophila_melanogaster,ventral_nerve_cord,01B,,IN01B080,"Lacin et al., 2019",FISH,3,0,0,1,0,0,0,0,0,0,0
adult_drosophila_melanogaster,ventral_nerve_cord,01B,,IN01B081,"Lacin et al., 2019",FISH,3,0,0,1,0,0,0,0,0,0,0
adult_drosophila_melanogaster,ventral_nerve_cord,01B,,IN01B082,"Lacin et al., 2019",FISH,3,0,0,1,0,0,0,0,0,0,0
adult_drosophila_melanogaster,ventral_nerve_cord,01B,,IN01B083,"Lacin et al., 2019",FISH,3,0,0,1,0,0,0,0,0,0,0
adult_drosophila_melanogaster,ventral_nerve_cord,01B,,IN01B084,"Lacin et al., 2019",FISH,3,0,0,1,0,0,0,0,0,0,0
adult_drosophila_melanogaster,ventral_nerve_cord,01B,,IN01B085,"Lacin et al., 2019",FISH,3,0,0,1,0,0,0,0,0,0,0
adult_drosophila_melanogaster,ventral_nerve_cord,01B,,IN01B086,"Lacin et al., 2019",FISH,3,0,0,1,0,0,0,0,0,0,0
adult_drosophila_melanogaster,ventral_nerve_cord,01B,,IN01B087,"Lacin et al., 2019",FISH,3,0,0,1,0,0,0,0,0,0,0
adult_drosophila_melanogaster,ventral_nerve_cord,01B,,IN01B089,"Lacin et al., 2019",FISH,3,0,0,1,0,0,0,0,0,0,0
adult_drosophila_melanogaster,ventral_nerve_cord,01B,,IN01B090,"Lacin et al., 2019",FISH,3,0,0,1,0,0,0,0,0,0,0
adult_drosophila_melanogaster,ventral_nerve_cord,01B,,IN01B091,"Lacin et al., 2019",FISH,3,0,0,1,0,0,0,0,0,0,0
adult_drosophila_melanogaster,ventral_nerve_cord,01B,,IN01B092,"Lacin et al., 2019",FISH,3,0,0,1,0,0,0,0,0,0,0
adult_drosophila_melanogaster,ventral_nerve_cord,01B,,IN01B093,"Lacin et al., 2019",FISH,3,0,0,1,0,0,0,0,0,0,0
adult_drosophila_melanogaster,ventral_nerve_cord,01B,,IN01B094,"Lacin et al., 2019",FISH,3,0,0,1,0,0,0,0,0,0,0
adult_drosophila_melanogaster,ventral_nerve_cord,01B,,IN01B095,"Lacin et al., 2019",FISH,3,0,0,1,0,0,0,0,0,0,0
adult_drosophila_melanogaster,ventral_nerve_cord,01B,,IN01B096,"Lacin et al., 2019",FISH,3,0,0,1,0,0,0,0,0,0,0
adult_drosophila_melanogaster,ventral_nerve_cord,01B,,IN01B097,"Lacin et al., 2019",FISH,3,0,0,1,0,0,0,0,0,0,0
adult_drosophila_melanogaster,ventral_nerve_cord,01B,,IN01B098,"Lacin et al., 2019",FISH,3,0,0,1,0,0,0,0,0,0,0
adult_drosophila_melanogaster,ventral_nerve_cord,01B,,IN01B099,"Lacin et al., 2019",FISH,3,0,0,1,0,0,0,0,0,0,0
adult_drosophila_melanogaster,ventral_nerve_cord,01B,,IN01B100,"Lacin et al., 2019",FISH,3,0,0,1,0,0,0,0,0,0,0
adult_drosophila_melanogaster,ventral_nerve_cord,01B,,IN01B101,"Lacin et al., 2019",FISH,3,0,0,1,0,0,0,0,0,0,0
adult_drosophila_melanogaster,ventral_nerve_cord,01B,,IN01B102,"Lacin et al., 2019",FISH,3,0,0,1,0,0,0,0,0,0,0
adult_drosophila_melanogaster,ventral_nerve_cord,02A,,IN02A003,"Lacin et al., 2019",FISH,3,0,1,0,0,0,0,0,0,0,0
adult_drosophila_melanogaster,ventral_nerve_cord,02A,,IN02A004,"Lacin et al., 2019",FISH,3,0,1,0,0,0,0,0,0,0,0
adult_drosophila_melanogaster,ventral_nerve_cord,02A,,IN02A006,"Lacin et al., 2019",FISH,3,0,1,0,0,0,0,0,0,0,0
adult_drosophila_melanogaster,ventral_nerve_cord,02A,,IN02A007,"Lacin et al., 2019",FISH,3,0,1,0,0,0,0,0,0,0,0
adult_drosophila_melanogaster,ventral_nerve_cord,02A,,IN02A008,"Lacin et al., 2019",FISH,3,0,1,0,0,0,0,0,0,0,0
adult_drosophila_melanogaster,ventral_nerve_cord,02A,,IN02A010,"Lacin et al., 2019",FISH,3,0,1,0,0,0,0,0,0,0,0
adult_drosophila_melanogaster,ventral_nerve_cord,02A,,IN02A011,"Lacin et al., 2019",FISH,3,0,1,0,0,0,0,0,0,0,0
adult_drosophila_melanogaster,ventral_nerve_cord,02A,,IN02A012,"Lacin et al., 2019",FISH,3,0,1,0,0,0,0,0,0,0,0
adult_drosophila_melanogaster,ventral_nerve_cord,02A,,IN02A013,"Lacin et al., 2019",FISH,3,0,1,0,0,0,0,0,0,0,0
adult_drosophila_melanogaster,ventral_nerve_cord,02A,,IN02A014,"Lacin et al., 2019",FISH,3,0,1,0,0,0,0,0,0,0,0
adult_drosophila_melanogaster,ventral_nerve_cord,02A,,IN02A018,"Lacin et al., 2019",FISH,3,0,1,0,0,0,0,0,0,0,0
adult_drosophila_melanogaster,ventral_nerve_cord,02A,,IN02A019,"Lacin et al., 2019",FISH,3,0,1,0,0,0,0,0,0,0,0
adult_drosophila_melanogaster,ventral_nerve_cord,02A,,IN02A020,"Lacin et al., 2019",FISH,3,0,1,0,0,0,0,0,0,0,0
adult_drosophila_melanogaster,ventral_nerve_cord,02A,,IN02A021,"Lacin et al., 2019",FISH,3,0,1,0,0,0,0,0,0,0,0
adult_drosophila_melanogaster,ventral_nerve_cord,02A,,IN02A023,"Lacin et al., 2019",FISH,3,0,1,0,0,0,0,0,0,0,0
adult_drosophila_melanogaster,ventral_nerve_cord,02A,,IN02A024,"Lacin et al., 2019",FISH,3,0,1,0,0,0,0,0,0,0,0
adult_drosophila_melanogaster,ventral_nerve_cord,02A,,IN02A026,"Lacin et al., 2019",FISH,3,0,1,0,0,0,0,0,0,0,0
adult_drosophila_melanogaster,ventral_nerve_cord,02A,,IN02A028,"Lacin et al., 2019",FISH,3,0,1,0,0,0,0,0,0,0,0
adult_drosophila_melanogaster,ventral_nerve_cord,02A,,IN02A029,"Lacin et al., 2019",FISH,3,0,1,0,0,0,0,0,0,0,0
adult_drosophila_melanogaster,ventral_nerve_cord,02A,,IN02A030,"Lacin et al., 2019",FISH,3,0,1,0,0,0,0,0,0,0,0
adult_drosophila_melanogaster,ventral_nerve_cord,02A,,IN02A031,"Lacin et al., 2019",FISH,3,0,1,0,0,0,0,0,0,0,0
adult_drosophila_melanogaster,ventral_nerve_cord,02A,,IN02A032,"Lacin et al., 2019",FISH,3,0,1,0,0,0,0,0,0,0,0
adult_drosophila_melanogaster,ventral_nerve_cord,02A,,IN02A033,"Lacin et al., 2019",FISH,3,0,1,0,0,0,0,0,0,0,0
adult_drosophila_melanogaster,ventral_nerve_cord,02A,,IN02A034,"Lacin et al., 2019",FISH,3,0,1,0,0,0,0,0,0,0,0
adult_drosophila_melanogaster,ventral_nerve_cord,02A,,IN02A035,"Lacin et al., 2019",FISH,3,0,1,0,0,0,0,0,0,0,0
adult_drosophila_melanogaster,ventral_nerve_cord,02A,,IN02A036,"Lacin et al., 2019",FISH,3,0,1,0,0,0,0,0,0,0,0
adult_drosophila_melanogaster,ventral_nerve_cord,02A,,IN02A037,"Lacin et al., 2019",FISH,3,0,1,0,0,0,0,0,0,0,0
adult_drosophila_melanogaster,ventral_nerve_cord,02A,,IN02A038,"Lacin et al., 2019",FISH,3,0,1,0,0,0,0,0,0,0,0
adult_drosophila_melanogaster,ventral_nerve_cord,02A,,IN02A039,"Lacin et al., 2019",FISH,3,0,1,0,0,0,0,0,0,0,0
adult_drosophila_melanogaster,ventral_nerve_cord,02A,,IN02A040,"Lacin et al., 2019",FISH,3,0,1,0,0,0,0,0,0,0,0
adult_drosophila_melanogaster,ventral_nerve_cord,02A,,IN02A041,"Lacin et al., 2019",FISH,3,0,1,0,0,0,0,0,0,0,0
adult_drosophila_melanogaster,ventral_nerve_cord,02A,,IN02A042,"Lacin et al., 2019",FISH,3,0,1,0,0,0,0,0,0,0,0
adult_drosophila_melanogaster,ventral_nerve_cord,02A,,IN02A043,"Lacin et al., 2019",FISH,3,0,1,0,0,0,0,0,0,0,0
adult_drosophila_melanogaster,ventral_nerve_cord,02A,,IN02A044,"Lacin et al., 2019",FISH,3,0,1,0,0,0,0,0,0,0,0
adult_drosophila_melanogaster,ventral_nerve_cord,02A,,IN02A045,"Lacin et al., 2019",FISH,3,0,1,0,0,0,0,0,0,0,0
adult_drosophila_melanogaster,ventral_nerve_cord,02A,,IN02A047,"Lacin et al., 2019",FISH,3,0,1,0,0,0,0,0,0,0,0
adult_drosophila_melanogaster,ventral_nerve_cord,02A,,IN02A048,"Lacin et al., 2019",FISH,3,0,1,0,0,0,0,0,0,0,0
adult_drosophila_melanogaster,ventral_nerve_cord,02A,,IN02A049,"Lacin et al., 2019",FISH,3,0,1,0,0,0,0,0,0,0,0
adult_drosophila_melanogaster,ventral_nerve_cord,02A,,IN02A050,"Lacin et al., 2019",FISH,3,0,1,0,0,0,0,0,0,0,0
adult_drosophila_melanogaster,ventral_nerve_cord,02A,,IN02A051,"Lacin et al., 2019",FISH,3,0,1,0,0,0,0,0,0,0,0
adult_drosophila_melanogaster,ventral_nerve_cord,02A,,IN02A052,"Lacin et al., 2019",FISH,3,0,1,0,0,0,0,0,0,0,0
adult_drosophila_melanogaster,ventral_nerve_cord,02A,,IN02A053,"Lacin et al., 2019",FISH,3,0,1,0,0,0,0,0,0,0,0
adult_drosophila_melanogaster,ventral_nerve_cord,02A,,IN02A054,"Lacin et al., 2019",FISH,3,0,1,0,0,0,0,0,0,0,0
adult_drosophila_melanogaster,ventral_nerve_cord,02A,,IN02A055,"Lacin et al., 2019",FISH,3,0,1,0,0,0,0,0,0,0,0
adult_drosophila_melanogaster,ventral_nerve_cord,02A,,IN02A056,"Lacin et al., 2019",FISH,3,0,1,0,0,0,0,0,0,0,0
adult_drosophila_melanogaster,ventral_nerve_cord,02A,,IN02A057,"Lacin et al., 2019",FISH,3,0,1,0,0,0,0,0,0,0,0
adult_drosophila_melanogaster,ventral_nerve_cord,02A,,IN02A058,"Lacin et al., 2019",FISH,3,0,1,0,0,0,0,0,0,0,0
adult_drosophila_melanogaster,ventral_nerve_cord,02A,,IN02A059,"Lacin et al., 2019",FISH,3,0,1,0,0,0,0,0,0,0,0
adult_drosophila_melanogaster,ventral_nerve_cord,02A,,IN02A060,"Lacin et al., 2019",FISH,3,0,1,0,0,0,0,0,0,0,0
adult_drosophila_melanogaster,ventral_nerve_cord,02A,,IN02A061,"Lacin et al., 2019",FISH,3,0,1,0,0,0,0,0,0,0,0
adult_drosophila_melanogaster,ventral_nerve_cord,02A,,IN02A062,"Lacin et al., 2019",FISH,3,0,1,0,0,0,0,0,0,0,0
adult_drosophila_melanogaster,ventral_nerve_cord,02A,,IN02A063,"Lacin et al., 2019",FISH,3,0,1,0,0,0,0,0,0,0,0
adult_drosophila_melanogaster,ventral_nerve_cord,02A,,IN02A064,"Lacin et al., 2019",FISH,3,0,1,0,0,0,0,0,0,0,0
adult_drosophila_melanogaster,ventral_nerve_cord,02A,,IN02A065,"Lacin et al., 2019",FISH,3,0,1,0,0,0,0,0,0,0,0
adult_drosophila_melanogaster,ventral_nerve_cord,02A,,IN02A066,"Lacin et al., 2019",FISH,3,0,1,0,0,0,0,0,0,0,0
adult_drosophila_melanogaster,ventral_nerve_cord,02A,,IN02A067,"Lacin et al., 2019",FISH,3,0,1,0,0,0,0,0,0,0,0
adult_drosophila_melanogaster,ventral_nerve_cord,03A,,IN03A001,"Lacin et al., 2019",FISH,3,1,0,0,0,0,0,0,0,0,0
adult_drosophila_melanogaster,ventral_nerve_cord,03A,,IN03A003,"Lacin et al., 2019",FISH,3,1,0,0,0,0,0,0,0,0,0
adult_drosophila_melanogaster,ventral_nerve_cord,03A,,IN03A004,"Lacin et al., 2019",FISH,3,1,0,0,0,0,0,0,0,0,0
adult_drosophila_melanogaster,ventral_nerve_cord,03A,,IN03A005,"Lacin et al., 2019",FISH,3,1,0,0,0,0,0,0,0,0,0
adult_drosophila_melanogaster,ventral_nerve_cord,03A,,IN03A006,"Lacin et al., 2019",FISH,3,1,0,0,0,0,0,0,0,0,0
adult_drosophila_melanogaster,ventral_nerve_cord,03A,,IN03A007,"Lacin et al., 2019",FISH,3,1,0,0,0,0,0,0,0,0,0
adult_drosophila_melanogaster,ventral_nerve_cord,03A,,IN03A009,"Lacin et al., 2019",FISH,3,1,0,0,0,0,0,0,0,0,0
adult_drosophila_melanogaster,ventral_nerve_cord,03A,,IN03A010,"Lacin et al., 2019",FISH,3,1,0,0,0,0,0,0,0,0,0
adult_drosophila_melanogaster,ventral_nerve_cord,03A,,IN03A011,"Lacin et al., 2019",FISH,3,1,0,0,0,0,0,0,0,0,0
adult_drosophila_melanogaster,ventral_nerve_cord,03A,,IN03A012,"Lacin et al., 2019",FISH,3,1,0,0,0,0,0,0,0,0,0
adult_drosophila_melanogaster,ventral_nerve_cord,03A,,IN03A013,"Lacin et al., 2019",FISH,3,1,0,0,0,0,0,0,0,0,0
adult_drosophila_melanogaster,ventral_nerve_cord,03A,,IN03A014,"Lacin et al., 2019",FISH,3,1,0,0,0,0,0,0,0,0,0
adult_drosophila_melanogaster,ventral_nerve_cord,03A,,IN03A015,"Lacin et al., 2019",FISH,3,1,0,0,0,0,0,0,0,0,0
adult_drosophila_melanogaster,ventral_nerve_cord,03A,,IN03A016,"Lacin et al., 2019",FISH,3,1,0,0,0,0,0,0,0,0,0
adult_drosophila_melanogaster,ventral_nerve_cord,03A,,IN03A017,"Lacin et al., 2019",FISH,3,1,0,0,0,0,0,0,0,0,0
adult_drosophila_melanogaster,ventral_nerve_cord,03A,,IN03A018,"Lacin et al., 2019",FISH,3,1,0,0,0,0,0,0,0,0,0
adult_drosophila_melanogaster,ventral_nerve_cord,03A,,IN03A019,"Lacin et al., 2019",FISH,3,1,0,0,0,0,0,0,0,0,0
adult_drosophila_melanogaster,ventral_nerve_cord,03A,,IN03A020,"Lacin et al., 2019",FISH,3,1,0,0,0,0,0,0,0,0,0
adult_drosophila_melanogaster,ventral_nerve_cord,03A,,IN03A021,"Lacin et al., 2019",FISH,3,1,0,0,0,0,0,0,0,0,0
adult_drosophila_melanogaster,ventral_nerve_cord,03A,,IN03A022,"Lacin et al., 2019",FISH,3,1,0,0,0,0,0,0,0,0,0
adult_drosophila_melanogaster,ventral_nerve_cord,03A,,IN03A023,"Lacin et al., 2019",FISH,3,1,0,0,0,0,0,0,0,0,0
adult_drosophila_melanogaster,ventral_nerve_cord,03A,,IN03A024,"Lacin et al., 2019",FISH,3,1,0,0,0,0,0,0,0,0,0
adult_drosophila_melanogaster,ventral_nerve_cord,03A,,IN03A025,"Lacin et al., 2019",FISH,3,1,0,0,0,0,0,0,0,0,0
adult_drosophila_melanogaster,ventral_nerve_cord,03A,,IN03A026,"Lacin et al., 2019",FISH,3,1,0,0,0,0,0,0,0,0,0
adult_drosophila_melanogaster,ventral_nerve_cord,03A,,IN03A027,"Lacin et al., 2019",FISH,3,1,0,0,0,0,0,0,0,0,0
adult_drosophila_melanogaster,ventral_nerve_cord,03A,,IN03A028,"Lacin et al., 2019",FISH,3,1,0,0,0,0,0,0,0,0,0
adult_drosophila_melanogaster,ventral_nerve_cord,03A,,IN03A029,"Lacin et al., 2019",FISH,3,1,0,0,0,0,0,0,0,0,0
adult_drosophila_melanogaster,ventral_nerve_cord,03A,,IN03A030,"Lacin et al., 2019",FISH,3,1,0,0,0,0,0,0,0,0,0
adult_drosophila_melanogaster,ventral_nerve_cord,03A,,IN03A031,"Lacin et al., 2019",FISH,3,1,0,0,0,0,0,0,0,0,0
adult_drosophila_melanogaster,ventral_nerve_cord,03A,,IN03A032,"Lacin et al., 2019",FISH,3,1,0,0,0,0,0,0,0,0,0
adult_drosophila_melanogaster,ventral_nerve_cord,03A,,IN03A033,"Lacin et al., 2019",FISH,3,1,0,0,0,0,0,0,0,0,0
adult_drosophila_melanogaster,ventral_nerve_cord,03A,,IN03A034,"Lacin et al., 2019",FISH,3,1,0,0,0,0,0,0,0,0,0
adult_drosophila_melanogaster,ventral_nerve_cord,03A,,IN03A035,"Lacin et al., 2019",FISH,3,1,0,0,0,0,0,0,0,0,0
adult_drosophila_melanogaster,ventral_nerve_cord,03A,,IN03A036,"Lacin et al., 2019",FISH,3,1,0,0,0,0,0,0,0,0,0
adult_drosophila_melanogaster,ventral_nerve_cord,03A,,IN03A037,"Lacin et al., 2019",FISH,3,1,0,0,0,0,0,0,0,0,0
adult_drosophila_melanogaster,ventral_nerve_cord,03A,,IN03A038,"Lacin et al., 2019",FISH,3,1,0,0,0,0,0,0,0,0,0
adult_drosophila_melanogaster,ventral_nerve_cord,03A,,IN03A039,"Lacin et al., 2019",FISH,3,1,0,0,0,0,0,0,0,0,0
adult_drosophila_melanogaster,ventral_nerve_cord,03A,,IN03A040,"Lacin et al., 2019",FISH,3,1,0,0,0,0,0,0,0,0,0
adult_drosophila_melanogaster,ventral_nerve_cord,03A,,IN03A041,"Lacin et al., 2019",FISH,3,1,0,0,0,0,0,0,0,0,0
adult_drosophila_melanogaster,ventral_nerve_cord,03A,,IN03A042,"Lacin et al., 2019",FISH,3,1,0,0,0,0,0,0,0,0,0
adult_drosophila_melanogaster,ventral_nerve_cord,03A,,IN03A043,"Lacin et al., 2019",FISH,3,1,0,0,0,0,0,0,0,0,0
adult_drosophila_melanogaster,ventral_nerve_cord,03A,,IN03A044,"Lacin et al., 2019",FISH,3,1,0,0,0,0,0,0,0,0,0
adult_drosophila_melanogaster,ventral_nerve_cord,03A,,IN03A045,"Lacin et al., 2019",FISH,3,1,0,0,0,0,0,0,0,0,0
adult_drosophila_melanogaster,ventral_nerve_cord,03A,,IN03A046,"Lacin et al., 2019",FISH,3,1,0,0,0,0,0,0,0,0,0
adult_drosophila_melanogaster,ventral_nerve_cord,03A,,IN03A047,"Lacin et al., 2019",FISH,3,1,0,0,0,0,0,0,0,0,0
adult_drosophila_melanogaster,ventral_nerve_cord,03A,,IN03A048,"Lacin et al., 2019",FISH,3,1,0,0,0,0,0,0,0,0,0
adult_drosophila_melanogaster,ventral_nerve_cord,03A,,IN03A049,"Lacin et al., 2019",FISH,3,1,0,0,0,0,0,0,0,0,0
adult_drosophila_melanogaster,ventral_nerve_cord,03A,,IN03A050,"Lacin et al., 2019",FISH,3,1,0,0,0,0,0,0,0,0,0
adult_drosophila_melanogaster,ventral_nerve_cord,03A,,IN03A051,"Lacin et al., 2019",FISH,3,1,0,0,0,0,0,0,0,0,0
adult_drosophila_melanogaster,ventral_nerve_cord,03A,,IN03A052,"Lacin et al., 2019",FISH,3,1,0,0,0,0,0,0,0,0,0
adult_drosophila_melanogaster,ventral_nerve_cord,03A,,IN03A053,"Lacin et al., 2019",FISH,3,1,0,0,0,0,0,0,0,0,0
adult_drosophila_melanogaster,ventral_nerve_cord,03A,,IN03A054,"Lacin et al., 2019",FISH,3,1,0,0,0,0,0,0,0,0,0
adult_drosophila_melanogaster,ventral_nerve_cord,03A,,IN03A055,"Lacin et al., 2019",FISH,3,1,0,0,0,0,0,0,0,0,0
adult_drosophila_melanogaster,ventral_nerve_cord,03A,,IN03A056,"Lacin et al., 2019",FISH,3,1,0,0,0,0,0,0,0,0,0
adult_drosophila_melanogaster,ventral_nerve_cord,03A,,IN03A057,"Lacin et al., 2019",FISH,3,1,0,0,0,0,0,0,0,0,0
adult_drosophila_melanogaster,ventral_nerve_cord,03A,,IN03A058,"Lacin et al., 2019",FISH,3,1,0,0,0,0,0,0,0,0,0
adult_drosophila_melanogaster,ventral_nerve_cord,03A,,IN03A059,"Lacin et al., 2019",FISH,3,1,0,0,0,0,0,0,0,0,0
adult_drosophila_melanogaster,ventral_nerve_cord,03A,,IN03A060,"Lacin et al., 2019",FISH,3,1,0,0,0,0,0,0,0,0,0
adult_drosophila_melanogaster,ventral_nerve_cord,03A,,IN03A061,"Lacin et al., 2019",FISH,3,1,0,0,0,0,0,0,0,0,0
adult_drosophila_melanogaster,ventral_nerve_cord,03A,,IN03A062,"Lacin et al., 2019",FISH,3,1,0,0,0,0,0,0,0,0,0
adult_drosophila_melanogaster,ventral_nerve_cord,03A,,IN03A063,"Lacin et al., 2019",FISH,3,1,0,0,0,0,0,0,0,0,0
adult_drosophila_melanogaster,ventral_nerve_cord,03A,,IN03A064,"Lacin et al., 2019",FISH,3,1,0,0,0,0,0,0,0,0,0
adult_drosophila_melanogaster,ventral_nerve_cord,03A,,IN03A065,"Lacin et al., 2019",FISH,3,1,0,0,0,0,0,0,0,0,0
adult_drosophila_melanogaster,ventral_nerve_cord,03A,,IN03A066,"Lacin et al., 2019",FISH,3,1,0,0,0,0,0,0,0,0,0
adult_drosophila_melanogaster,ventral_nerve_cord,03A,,IN03A067,"Lacin et al., 2019",FISH,3,1,0,0,0,0,0,0,0,0,0
adult_drosophila_melanogaster,ventral_nerve_cord,03A,,IN03A068,"Lacin et al., 2019",FISH,3,1,0,0,0,0,0,0,0,0,0
adult_drosophila_melanogaster,ventral_nerve_cord,03A,,IN03A069,"Lacin et al., 2019",FISH,3,1,0,0,0,0,0,0,0,0,0
adult_drosophila_melanogaster,ventral_nerve_cord,03A,,IN03A070,"Lacin et al., 2019",FISH,3,1,0,0,0,0,0,0,0,0,0
adult_drosophila_melanogaster,ventral_nerve_cord,03A,,IN03A071,"Lacin et al., 2019",FISH,3,1,0,0,0,0,0,0,0,0,0
adult_drosophila_melanogaster,ventral_nerve_cord,03A,,IN03A072,"Lacin et al., 2019",FISH,3,1,0,0,0,0,0,0,0,0,0
adult_drosophila_melanogaster,ventral_nerve_cord,03A,,IN03A073,"Lacin et al., 2019",FISH,3,1,0,0,0,0,0,0,0,0,0
adult_drosophila_melanogaster,ventral_nerve_cord,03A,,IN03A074,"Lacin et al., 2019",FISH,3,1,0,0,0,0,0,0,0,0,0
adult_drosophila_melanogaster,ventral_nerve_cord,03A,,IN03A075,"Lacin et al., 2019",FISH,3,1,0,0,0,0,0,0,0,0,0
adult_drosophila_melanogaster,ventral_nerve_cord,03A,,IN03A076,"Lacin et al., 2019",FISH,3,1,0,0,0,0,0,0,0,0,0
adult_drosophila_melanogaster,ventral_nerve_cord,03A,,IN03A077,"Lacin et al., 2019",FISH,3,1,0,0,0,0,0,0,0,0,0
adult_drosophila_melanogaster,ventral_nerve_cord,03A,,IN03A078,"Lacin et al., 2019",FISH,3,1,0,0,0,0,0,0,0,0,0
adult_drosophila_melanogaster,ventral_nerve_cord,03A,,IN03A079,"Lacin et al., 2019",FISH,3,1,0,0,0,0,0,0,0,0,0
adult_drosophila_melanogaster,ventral_nerve_cord,03A,,IN03A080,"Lacin et al., 2019",FISH,3,1,0,0,0,0,0,0,0,0,0
adult_drosophila_melanogaster,ventral_nerve_cord,03A,,IN03A081,"Lacin et al., 2019",FISH,3,1,0,0,0,0,0,0,0,0,0
adult_drosophila_melanogaster,ventral_nerve_cord,03A,,IN03A082,"Lacin et al., 2019",FISH,3,1,0,0,0,0,0,0,0,0,0
adult_drosophila_melanogaster,ventral_nerve_cord,03A,,IN03A083,"Lacin et al., 2019",FISH,3,1,0,0,0,0,0,0,0,0,0
adult_drosophila_melanogaster,ventral_nerve_cord,03A,,IN03A084,"Lacin et al., 2019",FISH,3,1,0,0,0,0,0,0,0,0,0
adult_drosophila_melanogaster,ventral_nerve_cord,03A,,IN03A085,"Lacin et al., 2019",FISH,3,1,0,0,0,0,0,0,0,0,0
adult_drosophila_melanogaster,ventral_nerve_cord,03A,,IN03A087,"Lacin et al., 2019",FISH,3,1,0,0,0,0,0,0,0,0,0
adult_drosophila_melanogaster,ventral_nerve_cord,03A,,IN03A088,"Lacin et al., 2019",FISH,3,1,0,0,0,0,0,0,0,0,0
adult_drosophila_melanogaster,ventral_nerve_cord,03A,,IN03A089,"Lacin et al., 2019",FISH,3,1,0,0,0,0,0,0,0,0,0
adult_drosophila_melanogaster,ventral_nerve_cord,03A,,IN03A090,"Lacin et al., 2019",FISH,3,1,0,0,0,0,0,0,0,0,0
adult_drosophila_melanogaster,ventral_nerve_cord,03A,,IN03A091,"Lacin et al., 2019",FISH,3,1,0,0,0,0,0,0,0,0,0
adult_drosophila_melanogaster,ventral_nerve_cord,03A,,IN03A092,"Lacin et al., 2019",FISH,3,1,0,0,0,0,0,0,0,0,0
adult_drosophila_melanogaster,ventral_nerve_cord,03A,,IN03A093,"Lacin et al., 2019",FISH,3,1,0,0,0,0,0,0,0,0,0
adult_drosophila_melanogaster,ventral_nerve_cord,03A,,IN03A094,"Lacin et al., 2019",FISH,3,1,0,0,0,0,0,0,0,0,0
adult_drosophila_melanogaster,ventral_nerve_cord,03A,,IN03A095,"Lacin et al., 2019",FISH,3,1,0,0,0,0,0,0,0,0,0
adult_drosophila_melanogaster,ventral_nerve_cord,03A,,IN03A096,"Lacin et al., 2019",FISH,3,1,0,0,0,0,0,0,0,0,0
adult_drosophila_melanogaster,ventral_nerve_cord,03A,,IN03A097,"Lacin et al., 2019",FISH,3,1,0,0,0,0,0,0,0,0,0
adult_drosophila_melanogaster,ventral_nerve_cord,04B,,IN04B001,"Lacin et al., 2019",FISH,3,1,0,0,0,0,0,0,0,0,0
adult_drosophila_melanogaster,ventral_nerve_cord,04B,,IN04B002,"Lacin et al., 2019",FISH,3,1,0,0,0,0,0,0,0,0,0
adult_drosophila_melanogaster,ventral_nerve_cord,04B,,IN04B004,"Lacin et al., 2019",FISH,3,1,0,0,0,0,0,0,0,0,0
adult_drosophila_melanogaster,ventral_nerve_cord,04B,,IN04B005,"Lacin et al., 2019",FISH,3,1,0,0,0,0,0,0,0,0,0
adult_drosophila_melanogaster,ventral_nerve_cord,04B,,IN04B006,"Lacin et al., 2019",FISH,3,1,0,0,0,0,0,0,0,0,0
adult_drosophila_melanogaster,ventral_nerve_cord,04B,,IN04B007,"Lacin et al., 2019",FISH,3,1,0,0,0,0,0,0,0,0,0
adult_drosophila_melanogaster,ventral_nerve_cord,04B,,IN04B008,"Lacin et al., 2019",FISH,3,1,0,0,0,0,0,0,0,0,0
adult_drosophila_melanogaster,ventral_nerve_cord,04B,,IN04B009,"Lacin et al., 2019",FISH,3,1,0,0,0,0,0,0,0,0,0
adult_drosophila_melanogaster,ventral_nerve_cord,04B,,IN04B010,"Lacin et al., 2019",FISH,3,1,0,0,0,0,0,0,0,0,0
adult_drosophila_melanogaster,ventral_nerve_cord,04B,,IN04B011,"Lacin et al., 2019",FISH,3,1,0,0,0,0,0,0,0,0,0
adult_drosophila_melanogaster,ventral_nerve_cord,04B,,IN04B012,"Lacin et al., 2019",FISH,3,1,0,0,0,0,0,0,0,0,0
adult_drosophila_melanogaster,ventral_nerve_cord,04B,,IN04B013,"Lacin et al., 2019",FISH,3,1,0,0,0,0,0,0,0,0,0
adult_drosophila_melanogaster,ventral_nerve_cord,04B,,IN04B014,"Lacin et al., 2019",FISH,3,1,0,0,0,0,0,0,0,0,0
adult_drosophila_melanogaster,ventral_nerve_cord,04B,,IN04B015,"Lacin et al., 2019",FISH,3,1,0,0,0,0,0,0,0,0,0
adult_drosophila_melanogaster,ventral_nerve_cord,04B,,IN04B016,"Lacin et al., 2019",FISH,3,1,0,0,0,0,0,0,0,0,0
adult_drosophila_melanogaster,ventral_nerve_cord,04B,,IN04B017,"Lacin et al., 2019",FISH,3,1,0,0,0,0,0,0,0,0,0
adult_drosophila_melanogaster,ventral_nerve_cord,04B,,IN04B018,"Lacin et al., 2019",FISH,3,1,0,0,0,0,0,0,0,0,0
adult_drosophila_melanogaster,ventral_nerve_cord,04B,,IN04B019,"Lacin et al., 2019",FISH,3,1,0,0,0,0,0,0,0,0,0
adult_drosophila_melanogaster,ventral_nerve_cord,04B,,IN04B020,"Lacin et al., 2019",FISH,3,1,0,0,0,0,0,0,0,0,0
adult_drosophila_melanogaster,ventral_nerve_cord,04B,,IN04B021,"Lacin et al., 2019",FISH,3,1,0,0,0,0,0,0,0,0,0
adult_drosophila_melanogaster,ventral_nerve_cord,04B,,IN04B022,"Lacin et al., 2019",FISH,3,1,0,0,0,0,0,0,0,0,0
adult_drosophila_melanogaster,ventral_nerve_cord,04B,,IN04B024,"Lacin et al., 2019",FISH,3,1,0,0,0,0,0,0,0,0,0
adult_drosophila_melanogaster,ventral_nerve_cord,04B,,IN04B025,"Lacin et al., 2019",FISH,3,1,0,0,0,0,0,0,0,0,0
adult_drosophila_melanogaster,ventral_nerve_cord,04B,,IN04B026,"Lacin et al., 2019",FISH,3,1,0,0,0,0,0,0,0,0,0
adult_drosophila_melanogaster,ventral_nerve_cord,04B,,IN04B027,"Lacin et al., 2019",FISH,3,1,0,0,0,0,0,0,0,0,0
adult_drosophila_melanogaster,ventral_nerve_cord,04B,,IN04B028,"Lacin et al., 2019",FISH,3,1,0,0,0,0,0,0,0,0,0
adult_drosophila_melanogaster,ventral_nerve_cord,04B,,IN04B029,"Lacin et al., 2019",FISH,3,1,0,0,0,0,0,0,0,0,0
adult_drosophila_melanogaster,ventral_nerve_cord,04B,,IN04B030,"Lacin et al., 2019",FISH,3,1,0,0,0,0,0,0,0,0,0
adult_drosophila_melanogaster,ventral_nerve_cord,04B,,IN04B031,"Lacin et al., 2019",FISH,3,1,0,0,0,0,0,0,0,0,0
adult_drosophila_melanogaster,ventral_nerve_cord,04B,,IN04B032,"Lacin et al., 2019",FISH,3,1,0,0,0,0,0,0,0,0,0
adult_drosophila_melanogaster,ventral_nerve_cord,04B,,IN04B033,"Lacin et al., 2019",FISH,3,1,0,0,0,0,0,0,0,0,0
adult_drosophila_melanogaster,ventral_nerve_cord,04B,,IN04B034,"Lacin et al., 2019",FISH,3,1,0,0,0,0,0,0,0,0,0
adult_drosophila_melanogaster,ventral_nerve_cord,04B,,IN04B035,"Lacin et al., 2019",FISH,3,1,0,0,0,0,0,0,0,0,0
adult_drosophila_melanogaster,ventral_nerve_cord,04B,,IN04B036,"Lacin et al., 2019",FISH,3,1,0,0,0,0,0,0,0,0,0
adult_drosophila_melanogaster,ventral_nerve_cord,04B,,IN04B037,"Lacin et al., 2019",FISH,3,1,0,0,0,0,0,0,0,0,0
adult_drosophila_melanogaster,ventral_nerve_cord,04B,,IN04B038,"Lacin et al., 2019",FISH,3,1,0,0,0,0,0,0,0,0,0
adult_drosophila_melanogaster,ventral_nerve_cord,04B,,IN04B039,"Lacin et al., 2019",FISH,3,1,0,0,0,0,0,0,0,0,0
adult_drosophila_melanogaster,ventral_nerve_cord,04B,,IN04B040,"Lacin et al., 2019",FISH,3,1,0,0,0,0,0,0,0,0,0
adult_drosophila_melanogaster,ventral_nerve_cord,04B,,IN04B041,"Lacin et al., 2019",FISH,3,1,0,0,0,0,0,0,0,0,0
adult_drosophila_melanogaster,ventral_nerve_cord,04B,,IN04B042,"Lacin et al., 2019",FISH,3,1,0,0,0,0,0,0,0,0,0
adult_drosophila_melanogaster,ventral_nerve_cord,04B,,IN04B043,"Lacin et al., 2019",FISH,3,1,0,0,0,0,0,0,0,0,0
adult_drosophila_melanogaster,ventral_nerve_cord,04B,,IN04B044,"Lacin et al., 2019",FISH,3,1,0,0,0,0,0,0,0,0,0
adult_drosophila_melanogaster,ventral_nerve_cord,04B,,IN04B046,"Lacin et al., 2019",FISH,3,1,0,0,0,0,0,0,0,0,0
adult_drosophila_melanogaster,ventral_nerve_cord,04B,,IN04B047,"Lacin et al., 2019",FISH,3,1,0,0,0,0,0,0,0,0,0
adult_drosophila_melanogaster,ventral_nerve_cord,04B,,IN04B048,"Lacin et al., 2019",FISH,3,1,0,0,0,0,0,0,0,0,0
adult_drosophila_melanogaster,ventral_nerve_cord,04B,,IN04B049,"Lacin et al., 2019",FISH,3,1,0,0,0,0,0,0,0,0,0
adult_drosophila_melanogaster,ventral_nerve_cord,04B,,IN04B050,"Lacin et al., 2019",FISH,3,1,0,0,0,0,0,0,0,0,0
adult_drosophila_melanogaster,ventral_nerve_cord,04B,,IN04B052,"Lacin et al., 2019",FISH,3,1,0,0,0,0,0,0,0,0,0
adult_drosophila_melanogaster,ventral_nerve_cord,04B,,IN04B053,"Lacin et al., 2019",FISH,3,1,0,0,0,0,0,0,0,0,0
adult_drosophila_melanogaster,ventral_nerve_cord,04B,,IN04B054,"Lacin et al., 2019",FISH,3,1,0,0,0,0,0,0,0,0,0
adult_drosophila_melanogaster,ventral_nerve_cord,04B,,IN04B055,"Lacin et al., 2019",FISH,3,1,0,0,0,0,0,0,0,0,0
adult_drosophila_melanogaster,ventral_nerve_cord,04B,,IN04B056,"Lacin et al., 2019",FISH,3,1,0,0,0,0,0,0,0,0,0
adult_drosophila_melanogaster,ventral_nerve_cord,04B,,IN04B057,"Lacin et al., 2019",FISH,3,1,0,0,0,0,0,0,0,0,0
adult_drosophila_melanogaster,ventral_nerve_cord,04B,,IN04B058,"Lacin et al., 2019",FISH,3,1,0,0,0,0,0,0,0,0,0
adult_drosophila_melanogaster,ventral_nerve_cord,04B,,IN04B059,"Lacin et al., 2019",FISH,3,1,0,0,0,0,0,0,0,0,0
adult_drosophila_melanogaster,ventral_nerve_cord,04B,,IN04B060,"Lacin et al., 2019",FISH,3,1,0,0,0,0,0,0,0,0,0
adult_drosophila_melanogaster,ventral_nerve_cord,04B,,IN04B061,"Lacin et al., 2019",FISH,3,1,0,0,0,0,0,0,0,0,0
adult_drosophila_melanogaster,ventral_nerve_cord,04B,,IN04B062,"Lacin et al., 2019",FISH,3,1,0,0,0,0,0,0,0,0,0
adult_drosophila_melanogaster,ventral_nerve_cord,04B,,IN04B063,"Lacin et al., 2019",FISH,3,1,0,0,0,0,0,0,0,0,0
adult_drosophila_melanogaster,ventral_nerve_cord,04B,,IN04B064,"Lacin et al., 2019",FISH,3,1,0,0,0,0,0,0,0,0,0
adult_drosophila_melanogaster,ventral_nerve_cord,04B,,IN04B065,"Lacin et al., 2019",FISH,3,1,0,0,0,0,0,0,0,0,0
adult_drosophila_melanogaster,ventral_nerve_cord,04B,,IN04B066,"Lacin et al., 2019",FISH,3,1,0,0,0,0,0,0,0,0,0
adult_drosophila_melanogaster,ventral_nerve_cord,04B,,IN04B067,"Lacin et al., 2019",FISH,3,1,0,0,0,0,0,0,0,0,0
adult_drosophila_melanogaster,ventral_nerve_cord,04B,,IN04B068,"Lacin et al., 2019",FISH,3,1,0,0,0,0,0,0,0,0,0
adult_drosophila_melanogaster,ventral_nerve_cord,04B,,IN04B069,"Lacin et al., 2019",FISH,3,1,0,0,0,0,0,0,0,0,0
adult_drosophila_melanogaster,ventral_nerve_cord,04B,,IN04B070,"Lacin et al., 2019",FISH,3,1,0,0,0,0,0,0,0,0,0
adult_drosophila_melanogaster,ventral_nerve_cord,04B,,IN04B071,"Lacin et al., 2019",FISH,3,1,0,0,0,0,0,0,0,0,0
adult_drosophila_melanogaster,ventral_nerve_cord,04B,,IN04B072,"Lacin et al., 2019",FISH,3,1,0,0,0,0,0,0,0,0,0
adult_drosophila_melanogaster,ventral_nerve_cord,04B,,IN04B073,"Lacin et al., 2019",FISH,3,1,0,0,0,0,0,0,0,0,0
adult_drosophila_melanogaster,ventral_nerve_cord,04B,,IN04B074,"Lacin et al., 2019",FISH,3,1,0,0,0,0,0,0,0,0,0
adult_drosophila_melanogaster,ventral_nerve_cord,04B,,IN04B075,"Lacin et al., 2019",FISH,3,1,0,0,0,0,0,0,0,0,0
adult_drosophila_melanogaster,ventral_nerve_cord,04B,,IN04B076,"Lacin et al., 2019",FISH,3,1,0,0,0,0,0,0,0,0,0
adult_drosophila_melanogaster,ventral_nerve_cord,04B,,IN04B077,"Lacin et al., 2019",FISH,3,1,0,0,0,0,0,0,0,0,0
adult_drosophila_melanogaster,ventral_nerve_cord,04B,,IN04B078,"Lacin et al., 2019",FISH,3,1,0,0,0,0,0,0,0,0,0
adult_drosophila_melanogaster,ventral_nerve_cord,04B,,IN04B079,"Lacin et al., 2019",FISH,3,1,0,0,0,0,0,0,0,0,0
adult_drosophila_melanogaster,ventral_nerve_cord,04B,,IN04B080,"Lacin et al., 2019",FISH,3,1,0,0,0,0,0,0,0,0,0
adult_drosophila_melanogaster,ventral_nerve_cord,04B,,IN04B081,"Lacin et al., 2019",FISH,3,1,0,0,0,0,0,0,0,0,0
adult_drosophila_melanogaster,ventral_nerve_cord,04B,,IN04B082,"Lacin et al., 2019",FISH,3,1,0,0,0,0,0,0,0,0,0
adult_drosophila_melanogaster,ventral_nerve_cord,04B,,IN04B083,"Lacin et al., 2019",FISH,3,1,0,0,0,0,0,0,0,0,0
adult_drosophila_melanogaster,ventral_nerve_cord,04B,,IN04B084,"Lacin et al., 2019",FISH,3,1,0,0,0,0,0,0,0,0,0
adult_drosophila_melanogaster,ventral_nerve_cord,04B,,IN04B085,"Lacin et al., 2019",FISH,3,1,0,0,0,0,0,0,0,0,0
adult_drosophila_melanogaster,ventral_nerve_cord,04B,,IN04B086,"Lacin et al., 2019",FISH,3,1,0,0,0,0,0,0,0,0,0
adult_drosophila_melanogaster,ventral_nerve_cord,04B,,IN04B087,"Lacin et al., 2019",FISH,3,1,0,0,0,0,0,0,0,0,0
adult_drosophila_melanogaster,ventral_nerve_cord,04B,,IN04B088,"Lacin et al., 2019",FISH,3,1,0,0,0,0,0,0,0,0,0
adult_drosophila_melanogaster,ventral_nerve_cord,04B,,IN04B089,"Lacin et al., 2019",FISH,3,1,0,0,0,0,0,0,0,0,0
adult_drosophila_melanogaster,ventral_nerve_cord,04B,,IN04B090,"Lacin et al., 2019",FISH,3,1,0,0,0,0,0,0,0,0,0
adult_drosophila_melanogaster,ventral_nerve_cord,04B,,IN04B091,"Lacin et al., 2019",FISH,3,1,0,0,0,0,0,0,0,0,0
adult_drosophila_melanogaster,ventral_nerve_cord,04B,,IN04B092,"Lacin et al., 2019",FISH,3,1,0,0,0,0,0,0,0,0,0
adult_drosophila_melanogaster,ventral_nerve_cord,04B,,IN04B093,"Lacin et al., 2019",FISH,3,1,0,0,0,0,0,0,0,0,0
adult_drosophila_melanogaster,ventral_nerve_cord,04B,,IN04B094,"Lacin et al., 2019",FISH,3,1,0,0,0,0,0,0,0,0,0
adult_drosophila_melanogaster,ventral_nerve_cord,04B,,IN04B095,"Lacin et al., 2019",FISH,3,1,0,0,0,0,0,0,0,0,0
adult_drosophila_melanogaster,ventral_nerve_cord,04B,,IN04B096,"Lacin et al., 2019",FISH,3,1,0,0,0,0,0,0,0,0,0
adult_drosophila_melanogaster,ventral_nerve_cord,04B,,IN04B097,"Lacin et al., 2019",FISH,3,1,0,0,0,0,0,0,0,0,0
adult_drosophila_melanogaster,ventral_nerve_cord,04B,,IN04B098,"Lacin et al., 2019",FISH,3,1,0,0,0,0,0,0,0,0,0
adult_drosophila_melanogaster,ventral_nerve_cord,04B,,IN04B099,"Lacin et al., 2019",FISH,3,1,0,0,0,0,0,0,0,0,0
adult_drosophila_melanogaster,ventral_nerve_cord,04B,,IN04B100,"Lacin et al., 2019",FISH,3,1,0,0,0,0,0,0,0,0,0
adult_drosophila_melanogaster,ventral_nerve_cord,04B,,IN04B101,"Lacin et al., 2019",FISH,3,1,0,0,0,0,0,0,0,0,0
adult_drosophila_melanogaster,ventral_nerve_cord,04B,,IN04B102,"Lacin et al., 2019",FISH,3,1,0,0,0,0,0,0,0,0,0
adult_drosophila_melanogaster,ventral_nerve_cord,04B,,IN04B103,"Lacin et al., 2019",FISH,3,1,0,0,0,0,0,0,0,0,0
adult_drosophila_melanogaster,ventral_nerve_cord,04B,,IN04B104,"Lacin et al., 2019",FISH,3,1,0,0,0,0,0,0,0,0,0
adult_drosophila_melanogaster,ventral_nerve_cord,04B,,IN04B105,"Lacin et al., 2019",FISH,3,1,0,0,0,0,0,0,0,0,0
adult_drosophila_melanogaster,ventral_nerve_cord,04B,,IN04B106,"Lacin et al., 2019",FISH,3,1,0,0,0,0,0,0,0,0,0
adult_drosophila_melanogaster,ventral_nerve_cord,04B,,IN04B107,"Lacin et al., 2019",FISH,3,1,0,0,0,0,0,0,0,0,0
adult_drosophila_melanogaster,ventral_nerve_cord,04B,,IN04B108,"Lacin et al., 2019",FISH,3,1,0,0,0,0,0,0,0,0,0
adult_drosophila_melanogaster,ventral_nerve_cord,04B,,IN04B109,"Lacin et al., 2019",FISH,3,1,0,0,0,0,0,0,0,0,0
adult_drosophila_melanogaster,ventral_nerve_cord,04B,,IN04B110,"Lacin et al., 2019",FISH,3,1,0,0,0,0,0,0,0,0,0
adult_drosophila_melanogaster,ventral_nerve_cord,04B,,IN04B111,"Lacin et al., 2019",FISH,3,1,0,0,0,0,0,0,0,0,0
adult_drosophila_melanogaster,ventral_nerve_cord,04B,,IN04B112,"Lacin et al., 2019",FISH,3,1,0,0,0,0,0,0,0,0,0
adult_drosophila_melanogaster,ventral_nerve_cord,04B,,IN04B113,"Lacin et al., 2019",FISH,3,1,0,0,0,0,0,0,0,0,0
adult_drosophila_melanogaster,ventral_nerve_cord,04B,,IN04B114,"Lacin et al., 2019",FISH,3,1,0,0,0,0,0,0,0,0,0
adult_drosophila_melanogaster,ventral_nerve_cord,04B,,IN04B115,"Lacin et al., 2019",FISH,3,1,0,0,0,0,0,0,0,0,0
adult_drosophila_melanogaster,ventral_nerve_cord,05B,,IN05B001,"Lacin et al., 2019",FISH,3,0,0,1,0,0,0,0,0,0,0
adult_drosophila_melanogaster,ventral_nerve_cord,05B,,IN05B002,"Lacin et al., 2019",FISH,3,0,0,1,0,0,0,0,0,0,0
adult_drosophila_melanogaster,ventral_nerve_cord,05B,,IN05B003,"Lacin et al., 2019",FISH,3,0,0,1,0,0,0,0,0,0,0
adult_drosophila_melanogaster,ventral_nerve_cord,05B,,IN05B005,"Lacin et al., 2019",FISH,3,0,0,1,0,0,0,0,0,0,0
adult_drosophila_melanogaster,ventral_nerve_cord,05B,,IN05B008,"Lacin et al., 2019",FISH,3,0,0,1,0,0,0,0,0,0,0
adult_drosophila_melanogaster,ventral_nerve_cord,05B,,IN05B010,"Lacin et al., 2019",FISH,3,0,0,1,0,0,0,0,0,0,0
adult_drosophila_melanogaster,ventral_nerve_cord,05B,,IN05B011,"Lacin et al., 2019",FISH,3,0,0,1,0,0,0,0,0,0,0
adult_drosophila_melanogaster,ventral_nerve_cord,05B,,IN05B012,"Lacin et al., 2019",FISH,3,0,0,1,0,0,0,0,0,0,0
adult_drosophila_melanogaster,ventral_nerve_cord,05B,,IN05B013,"Lacin et al., 2019",FISH,3,0,0,1,0,0,0,0,0,0,0
adult_drosophila_melanogaster,ventral_nerve_cord,05B,,IN05B014,"Lacin et al., 2019",FISH,3,0,0,1,0,0,0,0,0,0,0
adult_drosophila_melanogaster,ventral_nerve_cord,05B,,IN05B016,"Lacin et al., 2019",FISH,3,0,0,1,0,0,0,0,0,0,0
adult_drosophila_melanogaster,ventral_nerve_cord,05B,,IN05B017,"Lacin et al., 2019",FISH,3,0,0,1,0,0,0,0,0,0,0
adult_drosophila_melanogaster,ventral_nerve_cord,05B,,IN05B018,"Lacin et al., 2019",FISH,3,0,0,1,0,0,0,0,0,0,0
adult_drosophila_melanogaster,ventral_nerve_cord,05B,,IN05B019,"Lacin et al., 2019",FISH,3,0,0,1,0,0,0,0,0,0,0
adult_drosophila_melanogaster,ventral_nerve_cord,05B,,IN05B020,"Lacin et al., 2019",FISH,3,0,0,1,0,0,0,0,0,0,0
adult_drosophila_melanogaster,ventral_nerve_cord,05B,,IN05B021,"Lacin et al., 2019",FISH,3,0,0,1,0,0,0,0,0,0,0
adult_drosophila_melanogaster,ventral_nerve_cord,05B,,IN05B022,"Lacin et al., 2019",FISH,3,0,0,1,0,0,0,0,0,0,0
adult_drosophila_melanogaster,ventral_nerve_cord,05B,,IN05B024,"Lacin et al., 2019",FISH,3,0,0,1,0,0,0,0,0,0,0
adult_drosophila_melanogaster,ventral_nerve_cord,05B,,IN05B028,"Lacin et al., 2019",FISH,3,0,0,1,0,0,0,0,0,0,0
adult_drosophila_melanogaster,ventral_nerve_cord,05B,,IN05B030,"Lacin et al., 2019",FISH,3,0,0,1,0,0,0,0,0,0,0
adult_drosophila_melanogaster,ventral_nerve_cord,05B,,IN05B031,"Lacin et al., 2019",FISH,3,0,0,1,0,0,0,0,0,0,0
adult_drosophila_melanogaster,ventral_nerve_cord,05B,,IN05B032,"Lacin et al., 2019",FISH,3,0,0,1,0,0,0,0,0,0,0
adult_drosophila_melanogaster,ventral_nerve_cord,05B,,IN05B033,"Lacin et al., 2019",FISH,3,0,0,1,0,0,0,0,0,0,0
adult_drosophila_melanogaster,ventral_nerve_cord,05B,,IN05B034,"Lacin et al., 2019",FISH,3,0,0,1,0,0,0,0,0,0,0
adult_drosophila_melanogaster,ventral_nerve_cord,05B,,IN05B036,"Lacin et al., 2019",FISH,3,0,0,1,0,0,0,0,0,0,0
adult_drosophila_melanogaster,ventral_nerve_cord,05B,,IN05B037,"Lacin et al., 2019",FISH,3,0,0,1,0,0,0,0,0,0,0
adult_drosophila_melanogaster,ventral_nerve_cord,05B,,IN05B038,"Lacin et al., 2019",FISH,3,0,0,1,0,0,0,0,0,0,0
adult_drosophila_melanogaster,ventral_nerve_cord,05B,,IN05B039,"Lacin et al., 2019",FISH,3,0,0,1,0,0,0,0,0,0,0
adult_drosophila_melanogaster,ventral_nerve_cord,05B,,IN05B041,"Lacin et al., 2019",FISH,3,0,0,1,0,0,0,0,0,0,0
adult_drosophila_melanogaster,ventral_nerve_cord,05B,,IN05B042,"Lacin et al., 2019",FISH,3,0,0,1,0,0,0,0,0,0,0
adult_drosophila_melanogaster,ventral_nerve_cord,05B,,IN05B043,"Lacin et al., 2019",FISH,3,0,0,1,0,0,0,0,0,0,0
adult_drosophila_melanogaster,ventral_nerve_cord,05B,,IN05B051,"Lacin et al., 2019",FISH,3,0,0,1,0,0,0,0,0,0,0
adult_drosophila_melanogaster,ventral_nerve_cord,05B,,IN05B055,"Lacin et al., 2019",FISH,3,0,0,1,0,0,0,0,0,0,0
adult_drosophila_melanogaster,ventral_nerve_cord,05B,,IN05B057,"Lacin et al., 2019",FISH,3,0,0,1,0,0,0,0,0,0,0
adult_drosophila_melanogaster,ventral_nerve_cord,05B,,IN05B061,"Lacin et al., 2019",FISH,3,0,0,1,0,0,0,0,0,0,0
adult_drosophila_melanogaster,ventral_nerve_cord,05B,,IN05B064,"Lacin et al., 2019",FISH,3,0,0,1,0,0,0,0,0,0,0
adult_drosophila_melanogaster,ventral_nerve_cord,05B,,IN05B065,"Lacin et al., 2019",FISH,3,0,0,1,0,0,0,0,0,0,0
adult_drosophila_melanogaster,ventral_nerve_cord,05B,,IN05B066,"Lacin et al., 2019",FISH,3,0,0,1,0,0,0,0,0,0,0
adult_drosophila_melanogaster,ventral_nerve_cord,05B,,IN05B070,"Lacin et al., 2019",FISH,3,0,0,1,0,0,0,0,0,0,0
adult_drosophila_melanogaster,ventral_nerve_cord,05B,,IN05B072,"Lacin et al., 2019",FISH,3,0,0,1,0,0,0,0,0,0,0
adult_drosophila_melanogaster,ventral_nerve_cord,05B,,IN05B073,"Lacin et al., 2019",FISH,3,0,0,1,0,0,0,0,0,0,0
adult_drosophila_melanogaster,ventral_nerve_cord,05B,,IN05B074,"Lacin et al., 2019",FISH,3,0,0,1,0,0,0,0,0,0,0
adult_drosophila_melanogaster,ventral_nerve_cord,05B,,IN05B075,"Lacin et al., 2019",FISH,3,0,0,1,0,0,0,0,0,0,0
adult_drosophila_melanogaster,ventral_nerve_cord,05B,,IN05B077,"Lacin et al., 2019",FISH,3,0,0,1,0,0,0,0,0,0,0
adult_drosophila_melanogaster,ventral_nerve_cord,05B,,IN05B079,"Lacin et al., 2019",FISH,3,0,0,1,0,0,0,0,0,0,0
adult_drosophila_melanogaster,ventral_nerve_cord,05B,,IN05B080,"Lacin et al., 2019",FISH,3,0,0,1,0,0,0,0,0,0,0
adult_drosophila_melanogaster,ventral_nerve_cord,05B,,IN05B082,"Lacin et al., 2019",FISH,3,0,0,1,0,0,0,0,0,0,0
adult_drosophila_melanogaster,ventral_nerve_cord,05B,,IN05B084,"Lacin et al., 2019",FISH,3,0,0,1,0,0,0,0,0,0,0
adult_drosophila_melanogaster,ventral_nerve_cord,05B,,IN05B085,"Lacin et al., 2019",FISH,3,0,0,1,0,0,0,0,0,0,0
adult_drosophila_melanogaster,ventral_nerve_cord,05B,,IN05B086,"Lacin et al., 2019",FISH,3,0,0,1,0,0,0,0,0,0,0
adult_drosophila_melanogaster,ventral_nerve_cord,05B,,IN05B087,"Lacin et al., 2019",FISH,3,0,0,1,0,0,0,0,0,0,0
adult_drosophila_melanogaster,ventral_nerve_cord,05B,,IN05B088,"Lacin et al., 2019",FISH,3,0,0,1,0,0,0,0,0,0,0
adult_drosophila_melanogaster,ventral_nerve_cord,05B,,IN05B089,"Lacin et al., 2019",FISH,3,0,0,1,0,0,0,0,0,0,0
adult_drosophila_melanogaster,ventral_nerve_cord,05B,,IN05B090,"Lacin et al., 2019",FISH,3,0,0,1,0,0,0,0,0,0,0
adult_drosophila_melanogaster,ventral_nerve_cord,05B,,IN05B091,"Lacin et al., 2019",FISH,3,0,0,1,0,0,0,0,0,0,0
adult_drosophila_melanogaster,ventral_nerve_cord,05B,,IN05B092,"Lacin et al., 2019",FISH,3,0,0,1,0,0,0,0,0,0,0
adult_drosophila_melanogaster,ventral_nerve_cord,05B,,IN05B093,"Lacin et al., 2019",FISH,3,0,0,1,0,0,0,0,0,0,0
adult_drosophila_melanogaster,ventral_nerve_cord,06A,,IN06A002,"Lacin et al., 2019",FISH,3,0,0,1,0,0,0,0,0,0,0
adult_drosophila_melanogaster,ventral_nerve_cord,06A,,IN06A003,"Lacin et al., 2019",FISH,3,0,0,1,0,0,0,0,0,0,0
adult_drosophila_melanogaster,ventral_nerve_cord,06A,,IN06A005,"Lacin et al., 2019",FISH,3,0,0,1,0,0,0,0,0,0,0
adult_drosophila_melanogaster,ventral_nerve_cord,06A,,IN06A006,"Lacin et al., 2019",FISH,3,0,0,1,0,0,0,0,0,0,0
adult_drosophila_melanogaster,ventral_nerve_cord,06A,,IN06A008,"Lacin et al., 2019",FISH,3,0,0,1,0,0,0,0,0,0,0
adult_drosophila_melanogaster,ventral_nerve_cord,06A,,IN06A009,"Lacin et al., 2019",FISH,3,0,0,1,0,0,0,0,0,0,0
adult_drosophila_melanogaster,ventral_nerve_cord,06A,,IN06A011,"Lacin et al., 2019",FISH,3,0,0,1,0,0,0,0,0,0,0
adult_drosophila_melanogaster,ventral_nerve_cord,06A,,IN06A012,"Lacin et al., 2019",FISH,3,0,0,1,0,0,0,0,0,0,0
adult_drosophila_melanogaster,ventral_nerve_cord,06A,,IN06A013,"Lacin et al., 2019",FISH,3,0,0,1,0,0,0,0,0,0,0
adult_drosophila_melanogaster,ventral_nerve_cord,06A,,IN06A014,"Lacin et al., 2019",FISH,3,0,0,1,0,0,0,0,0,0,0
adult_drosophila_melanogaster,ventral_nerve_cord,06A,,IN06A016,"Lacin et al., 2019",FISH,3,0,0,1,0,0,0,0,0,0,0
adult_drosophila_melanogaster,ventral_nerve_cord,06A,,IN06A018,"Lacin et al., 2019",FISH,3,0,0,1,0,0,0,0,0,0,0
adult_drosophila_melanogaster,ventral_nerve_cord,06A,,IN06A019,"Lacin et al., 2019",FISH,3,0,0,1,0,0,0,0,0,0,0
adult_drosophila_melanogaster,ventral_nerve_cord,06A,,IN06A020,"Lacin et al., 2019",FISH,3,0,0,1,0,0,0,0,0,0,0
adult_drosophila_melanogaster,ventral_nerve_cord,06A,,IN06A021,"Lacin et al., 2019",FISH,3,0,0,1,0,0,0,0,0,0,0
adult_drosophila_melanogaster,ventral_nerve_cord,06A,,IN06A023,"Lacin et al., 2019",FISH,3,0,0,1,0,0,0,0,0,0,0
adult_drosophila_melanogaster,ventral_nerve_cord,06A,,IN06A024,"Lacin et al., 2019",FISH,3,0,0,1,0,0,0,0,0,0,0
adult_drosophila_melanogaster,ventral_nerve_cord,06A,,IN06A025,"Lacin et al., 2019",FISH,3,0,0,1,0,0,0,0,0,0,0
adult_drosophila_melanogaster,ventral_nerve_cord,06A,,IN06A028,"Lacin et al., 2019",FISH,3,0,0,1,0,0,0,0,0,0,0
adult_drosophila_melanogaster,ventral_nerve_cord,06A,,IN06A031,"Lacin et al., 2019",FISH,3,0,0,1,0,0,0,0,0,0,0
adult_drosophila_melanogaster,ventral_nerve_cord,06A,,IN06A032,"Lacin et al., 2019",FISH,3,0,0,1,0,0,0,0,0,0,0
adult_drosophila_melanogaster,ventral_nerve_cord,06A,,IN06A033,"Lacin et al., 2019",FISH,3,0,0,1,0,0,0,0,0,0,0
adult_drosophila_melanogaster,ventral_nerve_cord,06A,,IN06A034,"Lacin et al., 2019",FISH,3,0,0,1,0,0,0,0,0,0,0
adult_drosophila_melanogaster,ventral_nerve_cord,06A,,IN06A035,"Lacin et al., 2019",FISH,3,0,0,1,0,0,0,0,0,0,0
adult_drosophila_melanogaster,ventral_nerve_cord,06A,,IN06A036,"Lacin et al., 2019",FISH,3,0,0,1,0,0,0,0,0,0,0
adult_drosophila_melanogaster,ventral_nerve_cord,06A,,IN06A037,"Lacin et al., 2019",FISH,3,0,0,1,0,0,0,0,0,0,0
adult_drosophila_melanogaster,ventral_nerve_cord,06A,,IN06A039,"Lacin et al., 2019",FISH,3,0,0,1,0,0,0,0,0,0,0
adult_drosophila_melanogaster,ventral_nerve_cord,06A,,IN06A040,"Lacin et al., 2019",FISH,3,0,0,1,0,0,0,0,0,0,0
adult_drosophila_melanogaster,ventral_nerve_cord,06A,,IN06A043,"Lacin et al., 2019",FISH,3,0,0,1,0,0,0,0,0,0,0
adult_drosophila_melanogaster,ventral_nerve_cord,06A,,IN06A044,"Lacin et al., 2019",FISH,3,0,0,1,0,0,0,0,0,0,0
adult_drosophila_melanogaster,ventral_nerve_cord,06A,,IN06A045,"Lacin et al., 2019",FISH,3,0,0,1,0,0,0,0,0,0,0
adult_drosophila_melanogaster,ventral_nerve_cord,06A,,IN06A047,"Lacin et al., 2019",FISH,3,0,0,1,0,0,0,0,0,0,0
adult_drosophila_melanogaster,ventral_nerve_cord,06A,,IN06A048,"Lacin et al., 2019",FISH,3,0,0,1,0,0,0,0,0,0,0
adult_drosophila_melanogaster,ventral_nerve_cord,06A,,IN06A049,"Lacin et al., 2019",FISH,3,0,0,1,0,0,0,0,0,0,0
adult_drosophila_melanogaster,ventral_nerve_cord,06A,,IN06A050,"Lacin et al., 2019",FISH,3,0,0,1,0,0,0,0,0,0,0
adult_drosophila_melanogaster,ventral_nerve_cord,06A,,IN06A051,"Lacin et al., 2019",FISH,3,0,0,1,0,0,0,0,0,0,0
adult_drosophila_melanogaster,ventral_nerve_cord,06A,,IN06A052,"Lacin et al., 2019",FISH,3,0,0,1,0,0,0,0,0,0,0
adult_drosophila_melanogaster,ventral_nerve_cord,06A,,IN06A053,"Lacin et al., 2019",FISH,3,0,0,1,0,0,0,0,0,0,0
adult_drosophila_melanogaster,ventral_nerve_cord,06A,,IN06A054,"Lacin et al., 2019",FISH,3,0,0,1,0,0,0,0,0,0,0
adult_drosophila_melanogaster,ventral_nerve_cord,06A,,IN06A055,"Lacin et al., 2019",FISH,3,0,0,1,0,0,0,0,0,0,0
adult_drosophila_melanogaster,ventral_nerve_cord,06A,,IN06A056,"Lacin et al., 2019",FISH,3,0,0,1,0,0,0,0,0,0,0
adult_drosophila_melanogaster,ventral_nerve_cord,06A,,IN06A057,"Lacin et al., 2019",FISH,3,0,0,1,0,0,0,0,0,0,0
adult_drosophila_melanogaster,ventral_nerve_cord,06A,,IN06A058,"Lacin et al., 2019",FISH,3,0,0,1,0,0,0,0,0,0,0
adult_drosophila_melanogaster,ventral_nerve_cord,06A,,IN06A059,"Lacin et al., 2019",FISH,3,0,0,1,0,0,0,0,0,0,0
adult_drosophila_melanogaster,ventral_nerve_cord,06A,,IN06A061,"Lacin et al., 2019",FISH,3,0,0,1,0,0,0,0,0,0,0
adult_drosophila_melanogaster,ventral_nerve_cord,06A,,IN06A064,"Lacin et al., 2019",FISH,3,0,0,1,0,0,0,0,0,0,0
adult_drosophila_melanogaster,ventral_nerve_cord,06A,,IN06A066,"Lacin et al., 2019",FISH,3,0,0,1,0,0,0,0,0,0,0
adult_drosophila_melanogaster,ventral_nerve_cord,06A,,IN06A067,"Lacin et al., 2019",FISH,3,0,0,1,0,0,0,0,0,0,0
adult_drosophila_melanogaster,ventral_nerve_cord,06A,,IN06A068,"Lacin et al., 2019",FISH,3,0,0,1,0,0,0,0,0,0,0
adult_drosophila_melanogaster,ventral_nerve_cord,06A,,IN06A069,"Lacin et al., 2019",FISH,3,0,0,1,0,0,0,0,0,0,0
adult_drosophila_melanogaster,ventral_nerve_cord,06A,,IN06A070,"Lacin et al., 2019",FISH,3,0,0,1,0,0,0,0,0,0,0
adult_drosophila_melanogaster,ventral_nerve_cord,06A,,IN06A071,"Lacin et al., 2019",FISH,3,0,0,1,0,0,0,0,0,0,0
adult_drosophila_melanogaster,ventral_nerve_cord,06A,,IN06A072,"Lacin et al., 2019",FISH,3,0,0,1,0,0,0,0,0,0,0
adult_drosophila_melanogaster,ventral_nerve_cord,06A,,IN06A073,"Lacin et al., 2019",FISH,3,0,0,1,0,0,0,0,0,0,0
adult_drosophila_melanogaster,ventral_nerve_cord,06A,,IN06A074,"Lacin et al., 2019",FISH,3,0,0,1,0,0,0,0,0,0,0
adult_drosophila_melanogaster,ventral_nerve_cord,06A,,IN06A075,"Lacin et al., 2019",FISH,3,0,0,1,0,0,0,0,0,0,0
adult_drosophila_melanogaster,ventral_nerve_cord,06A,,IN06A076,"Lacin et al., 2019",FISH,3,0,0,1,0,0,0,0,0,0,0
adult_drosophila_melanogaster,ventral_nerve_cord,06A,,IN06A077,"Lacin et al., 2019",FISH,3,0,0,1,0,0,0,0,0,0,0
adult_drosophila_melanogaster,ventral_nerve_cord,06A,,IN06A078,"Lacin et al., 2019",FISH,3,0,0,1,0,0,0,0,0,0,0
adult_drosophila_melanogaster,ventral_nerve_cord,06A,,IN06A079,"Lacin et al., 2019",FISH,3,0,0,1,0,0,0,0,0,0,0
adult_drosophila_melanogaster,ventral_nerve_cord,06A,,IN06A081,"Lacin et al., 2019",FISH,3,0,0,1,0,0,0,0,0,0,0
adult_drosophila_melanogaster,ventral_nerve_cord,06A,,IN06A082,"Lacin et al., 2019",FISH,3,0,0,1,0,0,0,0,0,0,0
adult_drosophila_melanogaster,ventral_nerve_cord,06A,,IN06A083,"Lacin et al., 2019",FISH,3,0,0,1,0,0,0,0,0,0,0
adult_drosophila_melanogaster,ventral_nerve_cord,06A,,IN06A084,"Lacin et al., 2019",FISH,3,0,0,1,0,0,0,0,0,0,0
adult_drosophila_melanogaster,ventral_nerve_cord,06A,,IN06A085,"Lacin et al., 2019",FISH,3,0,0,1,0,0,0,0,0,0,0
adult_drosophila_melanogaster,ventral_nerve_cord,06A,,IN06A086,"Lacin et al., 2019",FISH,3,0,0,1,0,0,0,0,0,0,0
adult_drosophila_melanogaster,ventral_nerve_cord,06A,,IN06A087,"Lacin et al., 2019",FISH,3,0,0,1,0,0,0,0,0,0,0
adult_drosophila_melanogaster,ventral_nerve_cord,06A,,IN06A088,"Lacin et al., 2019",FISH,3,0,0,1,0,0,0,0,0,0,0
adult_drosophila_melanogaster,ventral_nerve_cord,06A,,IN06A089,"Lacin et al., 2019",FISH,3,0,0,1,0,0,0,0,0,0,0
adult_drosophila_melanogaster,ventral_nerve_cord,06A,,IN06A090,"Lacin et al., 2019",FISH,3,0,0,1,0,0,0,0,0,0,0
adult_drosophila_melanogaster,ventral_nerve_cord,06A,,IN06A091,"Lacin et al., 2019",FISH,3,0,0,1,0,0,0,0,0,0,0
adult_drosophila_melanogaster,ventral_nerve_cord,06A,,IN06A093,"Lacin et al., 2019",FISH,3,0,0,1,0,0,0,0,0,0,0
adult_drosophila_melanogaster,ventral_nerve_cord,06A,,IN06A094,"Lacin et al., 2019",FISH,3,0,0,1,0,0,0,0,0,0,0
adult_drosophila_melanogaster,ventral_nerve_cord,06A,,IN06A096,"Lacin et al., 2019",FISH,3,0,0,1,0,0,0,0,0,0,0
adult_drosophila_melanogaster,ventral_nerve_cord,06A,,IN06A097,"Lacin et al., 2019",FISH,3,0,0,1,0,0,0,0,0,0,0
adult_drosophila_melanogaster,ventral_nerve_cord,06A,,IN06A098,"Lacin et al., 2019",FISH,3,0,0,1,0,0,0,0,0,0,0
adult_drosophila_melanogaster,ventral_nerve_cord,06A,,IN06A099,"Lacin et al., 2019",FISH,3,0,0,1,0,0,0,0,0,0,0
adult_drosophila_melanogaster,ventral_nerve_cord,06A,,IN06A100,"Lacin et al., 2019",FISH,3,0,0,1,0,0,0,0,0,0,0
adult_drosophila_melanogaster,ventral_nerve_cord,06A,,IN06A101,"Lacin et al., 2019",FISH,3,0,0,1,0,0,0,0,0,0,0
adult_drosophila_melanogaster,ventral_nerve_cord,06A,,IN06A102,"Lacin et al., 2019",FISH,3,0,0,1,0,0,0,0,0,0,0
adult_drosophila_melanogaster,ventral_nerve_cord,06A,,IN06A103,"Lacin et al., 2019",FISH,3,0,0,1,0,0,0,0,0,0,0
adult_drosophila_melanogaster,ventral_nerve_cord,06A,,IN06A104,"Lacin et al., 2019",FISH,3,0,0,1,0,0,0,0,0,0,0
adult_drosophila_melanogaster,ventral_nerve_cord,06A,,IN06A105,"Lacin et al., 2019",FISH,3,0,0,1,0,0,0,0,0,0,0
adult_drosophila_melanogaster,ventral_nerve_cord,06A,,IN06A106,"Lacin et al., 2019",FISH,3,0,0,1,0,0,0,0,0,0,0
adult_drosophila_melanogaster,ventral_nerve_cord,06A,,IN06A107,"Lacin et al., 2019",FISH,3,0,0,1,0,0,0,0,0,0,0
adult_drosophila_melanogaster,ventral_nerve_cord,06A,,IN06A108,"Lacin et al., 2019",FISH,3,0,0,1,0,0,0,0,0,0,0
adult_drosophila_melanogaster,ventral_nerve_cord,06A,,IN06A109,"Lacin et al., 2019",FISH,3,0,0,1,0,0,0,0,0,0,0
adult_drosophila_melanogaster,ventral_nerve_cord,06A,,IN06A110,"Lacin et al., 2019",FISH,3,0,0,1,0,0,0,0,0,0,0
adult_drosophila_melanogaster,ventral_nerve_cord,06A,,IN06A111,"Lacin et al., 2019",FISH,3,0,0,1,0,0,0,0,0,0,0
adult_drosophila_melanogaster,ventral_nerve_cord,06A,,IN06A113,"Lacin et al., 2019",FISH,3,0,0,1,0,0,0,0,0,0,0
adult_drosophila_melanogaster,ventral_nerve_cord,06A,,IN06A114,"Lacin et al., 2019",FISH,3,0,0,1,0,0,0,0,0,0,0
adult_drosophila_melanogaster,ventral_nerve_cord,06A,,IN06A115,"Lacin et al., 2019",FISH,3,0,0,1,0,0,0,0,0,0,0
adult_drosophila_melanogaster,ventral_nerve_cord,06A,,IN06A116,"Lacin et al., 2019",FISH,3,0,0,1,0,0,0,0,0,0,0
adult_drosophila_melanogaster,ventral_nerve_cord,06A,,IN06A117,"Lacin et al., 2019",FISH,3,0,0,1,0,0,0,0,0,0,0
adult_drosophila_melanogaster,ventral_nerve_cord,06A,,IN06A118,"Lacin et al., 2019",FISH,3,0,0,1,0,0,0,0,0,0,0
adult_drosophila_melanogaster,ventral_nerve_cord,06A,,IN06A119,"Lacin et al., 2019",FISH,3,0,0,1,0,0,0,0,0,0,0
adult_drosophila_melanogaster,ventral_nerve_cord,06A,,IN06A120,"Lacin et al., 2019",FISH,3,0,0,1,0,0,0,0,0,0,0
adult_drosophila_melanogaster,ventral_nerve_cord,06A,,IN06A121,"Lacin et al., 2019",FISH,3,0,0,1,0,0,0,0,0,0,0
adult_drosophila_melanogaster,ventral_nerve_cord,06A,,IN06A122,"Lacin et al., 2019",FISH,3,0,0,1,0,0,0,0,0,0,0
adult_drosophila_melanogaster,ventral_nerve_cord,06A,,IN06A123,"Lacin et al., 2019",FISH,3,0,0,1,0,0,0,0,0,0,0
adult_drosophila_melanogaster,ventral_nerve_cord,06A,,IN06A124,"Lacin et al., 2019",FISH,3,0,0,1,0,0,0,0,0,0,0
adult_drosophila_melanogaster,ventral_nerve_cord,06A,,IN06A125,"Lacin et al., 2019",FISH,3,0,0,1,0,0,0,0,0,0,0
adult_drosophila_melanogaster,ventral_nerve_cord,06A,,IN06A126,"Lacin et al., 2019",FISH,3,0,0,1,0,0,0,0,0,0,0
adult_drosophila_melanogaster,ventral_nerve_cord,06A,,IN06A127,"Lacin et al., 2019",FISH,3,0,0,1,0,0,0,0,0,0,0
adult_drosophila_melanogaster,ventral_nerve_cord,06A,,IN06A128,"Lacin et al., 2019",FISH,3,0,0,1,0,0,0,0,0,0,0
adult_drosophila_melanogaster,ventral_nerve_cord,06A,,IN06A129,"Lacin et al., 2019",FISH,3,0,0,1,0,0,0,0,0,0,0
adult_drosophila_melanogaster,ventral_nerve_cord,06A,,IN06A130,"Lacin et al., 2019",FISH,3,0,0,1,0,0,0,0,0,0,0
adult_drosophila_melanogaster,ventral_nerve_cord,06A,,IN06A131,"Lacin et al., 2019",FISH,3,0,0,1,0,0,0,0,0,0,0
adult_drosophila_melanogaster,ventral_nerve_cord,06A,,IN06A132,"Lacin et al., 2019",FISH,3,0,0,1,0,0,0,0,0,0,0
adult_drosophila_melanogaster,ventral_nerve_cord,06A,,IN06A133,"Lacin et al., 2019",FISH,3,0,0,1,0,0,0,0,0,0,0
adult_drosophila_melanogaster,ventral_nerve_cord,06A,,IN06A134,"Lacin et al., 2019",FISH,3,0,0,1,0,0,0,0,0,0,0
adult_drosophila_melanogaster,ventral_nerve_cord,06A,,IN06A135,"Lacin et al., 2019",FISH,3,0,0,1,0,0,0,0,0,0,0
adult_drosophila_melanogaster,ventral_nerve_cord,06A,,IN06A136,"Lacin et al., 2019",FISH,3,0,0,1,0,0,0,0,0,0,0
adult_drosophila_melanogaster,ventral_nerve_cord,06A,,IN06A137,"Lacin et al., 2019",FISH,3,0,0,1,0,0,0,0,0,0,0
adult_drosophila_melanogaster,ventral_nerve_cord,06A,,IN06A138,"Lacin et al., 2019",FISH,3,0,0,1,0,0,0,0,0,0,0
adult_drosophila_melanogaster,ventral_nerve_cord,06A,,IN06A139,"Lacin et al., 2019",FISH,3,0,0,1,0,0,0,0,0,0,0
adult_drosophila_melanogaster,ventral_nerve_cord,06B,,IN06B001,"Lacin et al., 2019",FISH,3,0,0,1,0,0,0,0,0,0,0
adult_drosophila_melanogaster,ventral_nerve_cord,06B,,IN06B003,"Lacin et al., 2019",FISH,3,0,0,1,0,0,0,0,0,0,0
adult_drosophila_melanogaster,ventral_nerve_cord,06B,,IN06B006,"Lacin et al., 2019",FISH,3,0,0,1,0,0,0,0,0,0,0
adult_drosophila_melanogaster,ventral_nerve_cord,06B,,IN06B008,"Lacin et al., 2019",FISH,3,0,0,1,0,0,0,0,0,0,0
adult_drosophila_melanogaster,ventral_nerve_cord,06B,,IN06B012,"Lacin et al., 2019",FISH,3,0,0,1,0,0,0,0,0,0,0
adult_drosophila_melanogaster,ventral_nerve_cord,06B,,IN06B013,"Lacin et al., 2019",FISH,3,0,0,1,0,0,0,0,0,0,0
adult_drosophila_melanogaster,ventral_nerve_cord,06B,,IN06B014,"Lacin et al., 2019",FISH,3,0,0,1,0,0,0,0,0,0,0
adult_drosophila_melanogaster,ventral_nerve_cord,06B,,IN06B015,"Lacin et al., 2019",FISH,3,0,0,1,0,0,0,0,0,0,0
adult_drosophila_melanogaster,ventral_nerve_cord,06B,,IN06B016,"Lacin et al., 2019",FISH,3,0,0,1,0,0,0,0,0,0,0
adult_drosophila_melanogaster,ventral_nerve_cord,06B,,IN06B017,"Lacin et al., 2019",FISH,3,0,0,1,0,0,0,0,0,0,0
adult_drosophila_melanogaster,ventral_nerve_cord,06B,,IN06B018,"Lacin et al., 2019",FISH,3,0,0,1,0,0,0,0,0,0,0
adult_drosophila_melanogaster,ventral_nerve_cord,06B,,IN06B019,"Lacin et al., 2019",FISH,3,0,0,1,0,0,0,0,0,0,0
adult_drosophila_melanogaster,ventral_nerve_cord,06B,,IN06B020,"Lacin et al., 2019",FISH,3,0,0,1,0,0,0,0,0,0,0
adult_drosophila_melanogaster,ventral_nerve_cord,06B,,IN06B021,"Lacin et al., 2019",FISH,3,0,0,1,0,0,0,0,0,0,0
adult_drosophila_melanogaster,ventral_nerve_cord,06B,,IN06B022,"Lacin et al., 2019",FISH,3,0,0,1,0,0,0,0,0,0,0
adult_drosophila_melanogaster,ventral_nerve_cord,06B,,IN06B024,"Lacin et al., 2019",FISH,3,0,0,1,0,0,0,0,0,0,0
adult_drosophila_melanogaster,ventral_nerve_cord,06B,,IN06B025,"Lacin et al., 2019",FISH,3,0,0,1,0,0,0,0,0,0,0
adult_drosophila_melanogaster,ventral_nerve_cord,06B,,IN06B027,"Lacin et al., 2019",FISH,3,0,0,1,0,0,0,0,0,0,0
adult_drosophila_melanogaster,ventral_nerve_cord,06B,,IN06B028,"Lacin et al., 2019",FISH,3,0,0,1,0,0,0,0,0,0,0
adult_drosophila_melanogaster,ventral_nerve_cord,06B,,IN06B029,"Lacin et al., 2019",FISH,3,0,0,1,0,0,0,0,0,0,0
adult_drosophila_melanogaster,ventral_nerve_cord,06B,,IN06B030,"Lacin et al., 2019",FISH,3,0,0,1,0,0,0,0,0,0,0
adult_drosophila_melanogaster,ventral_nerve_cord,06B,,IN06B032,"Lacin et al., 2019",FISH,3,0,0,1,0,0,0,0,0,0,0
adult_drosophila_melanogaster,ventral_nerve_cord,06B,,IN06B033,"Lacin et al., 2019",FISH,3,0,0,1,0,0,0,0,0,0,0
adult_drosophila_melanogaster,ventral_nerve_cord,06B,,IN06B035,"Lacin et al., 2019",FISH,3,0,0,1,0,0,0,0,0,0,0
adult_drosophila_melanogaster,ventral_nerve_cord,06B,,IN06B036,"Lacin et al., 2019",FISH,3,0,0,1,0,0,0,0,0,0,0
adult_drosophila_melanogaster,ventral_nerve_cord,06B,,IN06B038,"Lacin et al., 2019",FISH,3,0,0,1,0,0,0,0,0,0,0
adult_drosophila_melanogaster,ventral_nerve_cord,06B,,IN06B040,"Lacin et al., 2019",FISH,3,0,0,1,0,0,0,0,0,0,0
adult_drosophila_melanogaster,ventral_nerve_cord,06B,,IN06B042,"Lacin et al., 2019",FISH,3,0,0,1,0,0,0,0,0,0,0
adult_drosophila_melanogaster,ventral_nerve_cord,06B,,IN06B043,"Lacin et al., 2019",FISH,3,0,0,1,0,0,0,0,0,0,0
adult_drosophila_melanogaster,ventral_nerve_cord,06B,,IN06B047,"Lacin et al., 2019",FISH,3,0,0,1,0,0,0,0,0,0,0
adult_drosophila_melanogaster,ventral_nerve_cord,06B,,IN06B049,"Lacin et al., 2019",FISH,3,0,0,1,0,0,0,0,0,0,0
adult_drosophila_melanogaster,ventral_nerve_cord,06B,,IN06B050,"Lacin et al., 2019",FISH,3,0,0,1,0,0,0,0,0,0,0
adult_drosophila_melanogaster,ventral_nerve_cord,06B,,IN06B052,"Lacin et al., 2019",FISH,3,0,0,1,0,0,0,0,0,0,0
adult_drosophila_melanogaster,ventral_nerve_cord,06B,,IN06B053,"Lacin et al., 2019",FISH,3,0,0,1,0,0,0,0,0,0,0
adult_drosophila_melanogaster,ventral_nerve_cord,06B,,IN06B054,"Lacin et al., 2019",FISH,3,0,0,1,0,0,0,0,0,0,0
adult_drosophila_melanogaster,ventral_nerve_cord,06B,,IN06B055,"Lacin et al., 2019",FISH,3,0,0,1,0,0,0,0,0,0,0
adult_drosophila_melanogaster,ventral_nerve_cord,06B,,IN06B056,"Lacin et al., 2019",FISH,3,0,0,1,0,0,0,0,0,0,0
adult_drosophila_melanogaster,ventral_nerve_cord,06B,,IN06B058,"Lacin et al., 2019",FISH,3,0,0,1,0,0,0,0,0,0,0
adult_drosophila_melanogaster,ventral_nerve_cord,06B,,IN06B059,"Lacin et al., 2019",FISH,3,0,0,1,0,0,0,0,0,0,0
adult_drosophila_melanogaster,ventral_nerve_cord,06B,,IN06B060,"Lacin et al., 2019",FISH,3,0,0,1,0,0,0,0,0,0,0
adult_drosophila_melanogaster,ventral_nerve_cord,06B,,IN06B061,"Lacin et al., 2019",FISH,3,0,0,1,0,0,0,0,0,0,0
adult_drosophila_melanogaster,ventral_nerve_cord,06B,,IN06B062,"Lacin et al., 2019",FISH,3,0,0,1,0,0,0,0,0,0,0
adult_drosophila_melanogaster,ventral_nerve_cord,06B,,IN06B063,"Lacin et al., 2019",FISH,3,0,0,1,0,0,0,0,0,0,0
adult_drosophila_melanogaster,ventral_nerve_cord,06B,,IN06B064,"Lacin et al., 2019",FISH,3,0,0,1,0,0,0,0,0,0,0
adult_drosophila_melanogaster,ventral_nerve_cord,06B,,IN06B066,"Lacin et al., 2019",FISH,3,0,0,1,0,0,0,0,0,0,0
adult_drosophila_melanogaster,ventral_nerve_cord,06B,,IN06B067,"Lacin et al., 2019",FISH,3,0,0,1,0,0,0,0,0,0,0
adult_drosophila_melanogaster,ventral_nerve_cord,06B,,IN06B069,"Lacin et al., 2019",FISH,3,0,0,1,0,0,0,0,0,0,0
adult_drosophila_melanogaster,ventral_nerve_cord,06B,,IN06B070,"Lacin et al., 2019",FISH,3,0,0,1,0,0,0,0,0,0,0
adult_drosophila_melanogaster,ventral_nerve_cord,06B,,IN06B071,"Lacin et al., 2019",FISH,3,0,0,1,0,0,0,0,0,0,0
adult_drosophila_melanogaster,ventral_nerve_cord,06B,,IN06B072,"Lacin et al., 2019",FISH,3,0,0,1,0,0,0,0,0,0,0
adult_drosophila_melanogaster,ventral_nerve_cord,06B,,IN06B073,"Lacin et al., 2019",FISH,3,0,0,1,0,0,0,0,0,0,0
adult_drosophila_melanogaster,ventral_nerve_cord,06B,,IN06B074,"Lacin et al., 2019",FISH,3,0,0,1,0,0,0,0,0,0,0
adult_drosophila_melanogaster,ventral_nerve_cord,06B,,IN06B076,"Lacin et al., 2019",FISH,3,0,0,1,0,0,0,0,0,0,0
adult_drosophila_melanogaster,ventral_nerve_cord,06B,,IN06B077,"Lacin et al., 2019",FISH,3,0,0,1,0,0,0,0,0,0,0
adult_drosophila_melanogaster,ventral_nerve_cord,06B,,IN06B078,"Lacin et al., 2019",FISH,3,0,0,1,0,0,0,0,0,0,0
adult_drosophila_melanogaster,ventral_nerve_cord,06B,,IN06B079,"Lacin et al., 2019",FISH,3,0,0,1,0,0,0,0,0,0,0
adult_drosophila_melanogaster,ventral_nerve_cord,06B,,IN06B080,"Lacin et al., 2019",FISH,3,0,0,1,0,0,0,0,0,0,0
adult_drosophila_melanogaster,ventral_nerve_cord,06B,,IN06B081,"Lacin et al., 2019",FISH,3,0,0,1,0,0,0,0,0,0,0
adult_drosophila_melanogaster,ventral_nerve_cord,06B,,IN06B082,"Lacin et al., 2019",FISH,3,0,0,1,0,0,0,0,0,0,0
adult_drosophila_melanogaster,ventral_nerve_cord,06B,,IN06B083,"Lacin et al., 2019",FISH,3,0,0,1,0,0,0,0,0,0,0
adult_drosophila_melanogaster,ventral_nerve_cord,06B,,IN06B084,"Lacin et al., 2019",FISH,3,0,0,1,0,0,0,0,0,0,0
adult_drosophila_melanogaster,ventral_nerve_cord,06B,,IN06B085,"Lacin et al., 2019",FISH,3,0,0,1,0,0,0,0,0,0,0
adult_drosophila_melanogaster,ventral_nerve_cord,06B,,IN06B086,"Lacin et al., 2019",FISH,3,0,0,1,0,0,0,0,0,0,0
adult_drosophila_melanogaster,ventral_nerve_cord,06B,,IN06B087,"Lacin et al., 2019",FISH,3,0,0,1,0,0,0,0,0,0,0
adult_drosophila_melanogaster,ventral_nerve_cord,07B,,IN07B001,"Lacin et al., 2019",FISH,3,1,0,0,0,0,0,0,0,0,0
adult_drosophila_melanogaster,ventral_nerve_cord,07B,,IN07B002,"Lacin et al., 2019",FISH,3,1,0,0,0,0,0,0,0,0,0
adult_drosophila_melanogaster,ventral_nerve_cord,07B,,IN07B006,"Lacin et al., 2019",FISH,3,1,0,0,0,0,0,0,0,0,0
adult_drosophila_melanogaster,ventral_nerve_cord,07B,,IN07B010,"Lacin et al., 2019",FISH,3,1,0,0,0,0,0,0,0,0,0
adult_drosophila_melanogaster,ventral_nerve_cord,07B,,IN07B012,"Lacin et al., 2019",FISH,3,1,0,0,0,0,0,0,0,0,0
adult_drosophila_melanogaster,ventral_nerve_cord,07B,,IN07B014,"Lacin et al., 2019",FISH,3,1,0,0,0,0,0,0,0,0,0
adult_drosophila_melanogaster,ventral_nerve_cord,07B,,IN07B016,"Lacin et al., 2019",FISH,3,1,0,0,0,0,0,0,0,0,0
adult_drosophila_melanogaster,ventral_nerve_cord,07B,,IN07B019,"Lacin et al., 2019",FISH,3,1,0,0,0,0,0,0,0,0,0
adult_drosophila_melanogaster,ventral_nerve_cord,07B,,IN07B020,"Lacin et al., 2019",FISH,3,1,0,0,0,0,0,0,0,0,0
adult_drosophila_melanogaster,ventral_nerve_cord,07B,,IN07B022,"Lacin et al., 2019",FISH,3,1,0,0,0,0,0,0,0,0,0
adult_drosophila_melanogaster,ventral_nerve_cord,07B,,IN07B026,"Lacin et al., 2019",FISH,3,1,0,0,0,0,0,0,0,0,0
adult_drosophila_melanogaster,ventral_nerve_cord,07B,,IN07B027,"Lacin et al., 2019",FISH,3,1,0,0,0,0,0,0,0,0,0
adult_drosophila_melanogaster,ventral_nerve_cord,07B,,IN07B028,"Lacin et al., 2019",FISH,3,1,0,0,0,0,0,0,0,0,0
adult_drosophila_melanogaster,ventral_nerve_cord,07B,,IN07B029,"Lacin et al., 2019",FISH,3,1,0,0,0,0,0,0,0,0,0
adult_drosophila_melanogaster,ventral_nerve_cord,07B,,IN07B032,"Lacin et al., 2019",FISH,3,1,0,0,0,0,0,0,0,0,0
adult_drosophila_melanogaster,ventral_nerve_cord,07B,,IN07B033,"Lacin et al., 2019",FISH,3,1,0,0,0,0,0,0,0,0,0
adult_drosophila_melanogaster,ventral_nerve_cord,07B,,IN07B038,"Lacin et al., 2019",FISH,3,1,0,0,0,0,0,0,0,0,0
adult_drosophila_melanogaster,ventral_nerve_cord,07B,,IN07B039,"Lacin et al., 2019",FISH,3,1,0,0,0,0,0,0,0,0,0
adult_drosophila_melanogaster,ventral_nerve_cord,07B,,IN07B044,"Lacin et al., 2019",FISH,3,1,0,0,0,0,0,0,0,0,0
adult_drosophila_melanogaster,ventral_nerve_cord,07B,,IN07B045,"Lacin et al., 2019",FISH,3,1,0,0,0,0,0,0,0,0,0
adult_drosophila_melanogaster,ventral_nerve_cord,07B,,IN07B047,"Lacin et al., 2019",FISH,3,1,0,0,0,0,0,0,0,0,0
adult_drosophila_melanogaster,ventral_nerve_cord,07B,,IN07B048,"Lacin et al., 2019",FISH,3,1,0,0,0,0,0,0,0,0,0
adult_drosophila_melanogaster,ventral_nerve_cord,07B,,IN07B051,"Lacin et al., 2019",FISH,3,1,0,0,0,0,0,0,0,0,0
adult_drosophila_melanogaster,ventral_nerve_cord,07B,,IN07B053,"Lacin et al., 2019",FISH,3,1,0,0,0,0,0,0,0,0,0
adult_drosophila_melanogaster,ventral_nerve_cord,07B,,IN07B054,"Lacin et al., 2019",FISH,3,1,0,0,0,0,0,0,0,0,0
adult_drosophila_melanogaster,ventral_nerve_cord,07B,,IN07B055,"Lacin et al., 2019",FISH,3,1,0,0,0,0,0,0,0,0,0
adult_drosophila_melanogaster,ventral_nerve_cord,07B,,IN07B058,"Lacin et al., 2019",FISH,3,1,0,0,0,0,0,0,0,0,0
adult_drosophila_melanogaster,ventral_nerve_cord,07B,,IN07B059,"Lacin et al., 2019",FISH,3,1,0,0,0,0,0,0,0,0,0
adult_drosophila_melanogaster,ventral_nerve_cord,07B,,IN07B063,"Lacin et al., 2019",FISH,3,1,0,0,0,0,0,0,0,0,0
adult_drosophila_melanogaster,ventral_nerve_cord,07B,,IN07B064,"Lacin et al., 2019",FISH,3,1,0,0,0,0,0,0,0,0,0
adult_drosophila_melanogaster,ventral_nerve_cord,07B,,IN07B065,"Lacin et al., 2019",FISH,3,1,0,0,0,0,0,0,0,0,0
adult_drosophila_melanogaster,ventral_nerve_cord,07B,,IN07B066,"Lacin et al., 2019",FISH,3,1,0,0,0,0,0,0,0,0,0
adult_drosophila_melanogaster,ventral_nerve_cord,07B,,IN07B067,"Lacin et al., 2019",FISH,3,1,0,0,0,0,0,0,0,0,0
adult_drosophila_melanogaster,ventral_nerve_cord,07B,,IN07B068,"Lacin et al., 2019",FISH,3,1,0,0,0,0,0,0,0,0,0
adult_drosophila_melanogaster,ventral_nerve_cord,07B,,IN07B073,"Lacin et al., 2019",FISH,3,1,0,0,0,0,0,0,0,0,0
adult_drosophila_melanogaster,ventral_nerve_cord,07B,,IN07B074,"Lacin et al., 2019",FISH,3,1,0,0,0,0,0,0,0,0,0
adult_drosophila_melanogaster,ventral_nerve_cord,07B,,IN07B075,"Lacin et al., 2019",FISH,3,1,0,0,0,0,0,0,0,0,0
adult_drosophila_melanogaster,ventral_nerve_cord,07B,,IN07B076,"Lacin et al., 2019",FISH,3,1,0,0,0,0,0,0,0,0,0
adult_drosophila_melanogaster,ventral_nerve_cord,07B,,IN07B077,"Lacin et al., 2019",FISH,3,1,0,0,0,0,0,0,0,0,0
adult_drosophila_melanogaster,ventral_nerve_cord,07B,,IN07B079,"Lacin et al., 2019",FISH,3,1,0,0,0,0,0,0,0,0,0
adult_drosophila_melanogaster,ventral_nerve_cord,07B,,IN07B080,"Lacin et al., 2019",FISH,3,1,0,0,0,0,0,0,0,0,0
adult_drosophila_melanogaster,ventral_nerve_cord,07B,,IN07B081,"Lacin et al., 2019",FISH,3,1,0,0,0,0,0,0,0,0,0
adult_drosophila_melanogaster,ventral_nerve_cord,07B,,IN07B083,"Lacin et al., 2019",FISH,3,1,0,0,0,0,0,0,0,0,0
adult_drosophila_melanogaster,ventral_nerve_cord,07B,,IN07B084,"Lacin et al., 2019",FISH,3,1,0,0,0,0,0,0,0,0,0
adult_drosophila_melanogaster,ventral_nerve_cord,07B,,IN07B086,"Lacin et al., 2019",FISH,3,1,0,0,0,0,0,0,0,0,0
adult_drosophila_melanogaster,ventral_nerve_cord,07B,,IN07B087,"Lacin et al., 2019",FISH,3,1,0,0,0,0,0,0,0,0,0
adult_drosophila_melanogaster,ventral_nerve_cord,07B,,IN07B090,"Lacin et al., 2019",FISH,3,1,0,0,0,0,0,0,0,0,0
adult_drosophila_melanogaster,ventral_nerve_cord,07B,,IN07B092,"Lacin et al., 2019",FISH,3,1,0,0,0,0,0,0,0,0,0
adult_drosophila_melanogaster,ventral_nerve_cord,07B,,IN07B093,"Lacin et al., 2019",FISH,3,1,0,0,0,0,0,0,0,0,0
adult_drosophila_melanogaster,ventral_nerve_cord,07B,,IN07B094,"Lacin et al., 2019",FISH,3,1,0,0,0,0,0,0,0,0,0
adult_drosophila_melanogaster,ventral_nerve_cord,07B,,IN07B096,"Lacin et al., 2019",FISH,3,1,0,0,0,0,0,0,0,0,0
adult_drosophila_melanogaster,ventral_nerve_cord,07B,,IN07B098,"Lacin et al., 2019",FISH,3,1,0,0,0,0,0,0,0,0,0
adult_drosophila_melanogaster,ventral_nerve_cord,07B,,IN07B099,"Lacin et al., 2019",FISH,3,1,0,0,0,0,0,0,0,0,0
adult_drosophila_melanogaster,ventral_nerve_cord,07B,,IN07B100,"Lacin et al., 2019",FISH,3,1,0,0,0,0,0,0,0,0,0
adult_drosophila_melanogaster,ventral_nerve_cord,07B,,IN07B102,"Lacin et al., 2019",FISH,3,1,0,0,0,0,0,0,0,0,0
adult_drosophila_melanogaster,ventral_nerve_cord,07B,,IN07B103,"Lacin et al., 2019",FISH,3,1,0,0,0,0,0,0,0,0,0
adult_drosophila_melanogaster,ventral_nerve_cord,08A,,IN08A002,"Lacin et al., 2019",FISH,3,0,1,0,0,0,0,0,0,0,0
adult_drosophila_melanogaster,ventral_nerve_cord,08A,,IN08A003,"Lacin et al., 2019",FISH,3,0,1,0,0,0,0,0,0,0,0
adult_drosophila_melanogaster,ventral_nerve_cord,08A,,IN08A005,"Lacin et al., 2019",FISH,3,0,1,0,0,0,0,0,0,0,0
adult_drosophila_melanogaster,ventral_nerve_cord,08A,,IN08A007,"Lacin et al., 2019",FISH,3,0,1,0,0,0,0,0,0,0,0
adult_drosophila_melanogaster,ventral_nerve_cord,08A,,IN08A008,"Lacin et al., 2019",FISH,3,0,1,0,0,0,0,0,0,0,0
adult_drosophila_melanogaster,ventral_nerve_cord,08A,,IN08A010,"Lacin et al., 2019",FISH,3,0,1,0,0,0,0,0,0,0,0
adult_drosophila_melanogaster,ventral_nerve_cord,08A,,IN08A011,"Lacin et al., 2019",FISH,3,0,1,0,0,0,0,0,0,0,0
adult_drosophila_melanogaster,ventral_nerve_cord,08A,,IN08A012,"Lacin et al., 2019",FISH,3,0,1,0,0,0,0,0,0,0,0
adult_drosophila_melanogaster,ventral_nerve_cord,08A,,IN08A016,"Lacin et al., 2019",FISH,3,0,1,0,0,0,0,0,0,0,0
adult_drosophila_melanogaster,ventral_nerve_cord,08A,,IN08A017,"Lacin et al., 2019",FISH,3,0,1,0,0,0,0,0,0,0,0
adult_drosophila_melanogaster,ventral_nerve_cord,08A,,IN08A019,"Lacin et al., 2019",FISH,3,0,1,0,0,0,0,0,0,0,0
adult_drosophila_melanogaster,ventral_nerve_cord,08A,,IN08A021,"Lacin et al., 2019",FISH,3,0,1,0,0,0,0,0,0,0,0
adult_drosophila_melanogaster,ventral_nerve_cord,08A,,IN08A022,"Lacin et al., 2019",FISH,3,0,1,0,0,0,0,0,0,0,0
adult_drosophila_melanogaster,ventral_nerve_cord,08A,,IN08A023,"Lacin et al., 2019",FISH,3,0,1,0,0,0,0,0,0,0,0
adult_drosophila_melanogaster,ventral_nerve_cord,08A,,IN08A024,"Lacin et al., 2019",FISH,3,0,1,0,0,0,0,0,0,0,0
adult_drosophila_melanogaster,ventral_nerve_cord,08A,,IN08A025,"Lacin et al., 2019",FISH,3,0,1,0,0,0,0,0,0,0,0
adult_drosophila_melanogaster,ventral_nerve_cord,08A,,IN08A026,"Lacin et al., 2019",FISH,3,0,1,0,0,0,0,0,0,0,0
adult_drosophila_melanogaster,ventral_nerve_cord,08A,,IN08A027,"Lacin et al., 2019",FISH,3,0,1,0,0,0,0,0,0,0,0
adult_drosophila_melanogaster,ventral_nerve_cord,08A,,IN08A028,"Lacin et al., 2019",FISH,3,0,1,0,0,0,0,0,0,0,0
adult_drosophila_melanogaster,ventral_nerve_cord,08A,,IN08A029,"Lacin et al., 2019",FISH,3,0,1,0,0,0,0,0,0,0,0
adult_drosophila_melanogaster,ventral_nerve_cord,08A,,IN08A030,"Lacin et al., 2019",FISH,3,0,1,0,0,0,0,0,0,0,0
adult_drosophila_melanogaster,ventral_nerve_cord,08A,,IN08A031,"Lacin et al., 2019",FISH,3,0,1,0,0,0,0,0,0,0,0
adult_drosophila_melanogaster,ventral_nerve_cord,08A,,IN08A032,"Lacin et al., 2019",FISH,3,0,1,0,0,0,0,0,0,0,0
adult_drosophila_melanogaster,ventral_nerve_cord,08A,,IN08A033,"Lacin et al., 2019",FISH,3,0,1,0,0,0,0,0,0,0,0
adult_drosophila_melanogaster,ventral_nerve_cord,08A,,IN08A034,"Lacin et al., 2019",FISH,3,0,1,0,0,0,0,0,0,0,0
adult_drosophila_melanogaster,ventral_nerve_cord,08A,,IN08A035,"Lacin et al., 2019",FISH,3,0,1,0,0,0,0,0,0,0,0
adult_drosophila_melanogaster,ventral_nerve_cord,08A,,IN08A036,"Lacin et al., 2019",FISH,3,0,1,0,0,0,0,0,0,0,0
adult_drosophila_melanogaster,ventral_nerve_cord,08A,,IN08A037,"Lacin et al., 2019",FISH,3,0,1,0,0,0,0,0,0,0,0
adult_drosophila_melanogaster,ventral_nerve_cord,08A,,IN08A038,"Lacin et al., 2019",FISH,3,0,1,0,0,0,0,0,0,0,0
adult_drosophila_melanogaster,ventral_nerve_cord,08A,,IN08A039,"Lacin et al., 2019",FISH,3,0,1,0,0,0,0,0,0,0,0
adult_drosophila_melanogaster,ventral_nerve_cord,08A,,IN08A040,"Lacin et al., 2019",FISH,3,0,1,0,0,0,0,0,0,0,0
adult_drosophila_melanogaster,ventral_nerve_cord,08A,,IN08A041,"Lacin et al., 2019",FISH,3,0,1,0,0,0,0,0,0,0,0
adult_drosophila_melanogaster,ventral_nerve_cord,08A,,IN08A042,"Lacin et al., 2019",FISH,3,0,1,0,0,0,0,0,0,0,0
adult_drosophila_melanogaster,ventral_nerve_cord,08A,,IN08A043,"Lacin et al., 2019",FISH,3,0,1,0,0,0,0,0,0,0,0
adult_drosophila_melanogaster,ventral_nerve_cord,08A,,IN08A044,"Lacin et al., 2019",FISH,3,0,1,0,0,0,0,0,0,0,0
adult_drosophila_melanogaster,ventral_nerve_cord,08A,,IN08A045,"Lacin et al., 2019",FISH,3,0,1,0,0,0,0,0,0,0,0
adult_drosophila_melanogaster,ventral_nerve_cord,08A,,IN08A046,"Lacin et al., 2019",FISH,3,0,1,0,0,0,0,0,0,0,0
adult_drosophila_melanogaster,ventral_nerve_cord,08A,,IN08A047,"Lacin et al., 2019",FISH,3,0,1,0,0,0,0,0,0,0,0
adult_drosophila_melanogaster,ventral_nerve_cord,08A,,IN08A048,"Lacin et al., 2019",FISH,3,0,1,0,0,0,0,0,0,0,0
adult_drosophila_melanogaster,ventral_nerve_cord,08A,,IN08A049,"Lacin et al., 2019",FISH,3,0,1,0,0,0,0,0,0,0,0
adult_drosophila_melanogaster,ventral_nerve_cord,08A,,IN08A050,"Lacin et al., 2019",FISH,3,0,1,0,0,0,0,0,0,0,0
adult_drosophila_melanogaster,ventral_nerve_cord,08B,,IN08B001,"Lacin et al., 2019",FISH,3,1,0,0,0,0,0,0,0,0,0
adult_drosophila_melanogaster,ventral_nerve_cord,08B,,IN08B004,"Lacin et al., 2019",FISH,3,1,0,0,0,0,0,0,0,0,0
adult_drosophila_melanogaster,ventral_nerve_cord,08B,,IN08B006,"Lacin et al., 2019",FISH,3,1,0,0,0,0,0,0,0,0,0
adult_drosophila_melanogaster,ventral_nerve_cord,08B,,IN08B008,"Lacin et al., 2019",FISH,3,1,0,0,0,0,0,0,0,0,0
adult_drosophila_melanogaster,ventral_nerve_cord,08B,,IN08B017,"Lacin et al., 2019",FISH,3,1,0,0,0,0,0,0,0,0,0
adult_drosophila_melanogaster,ventral_nerve_cord,08B,,IN08B019,"Lacin et al., 2019",FISH,3,1,0,0,0,0,0,0,0,0,0
adult_drosophila_melanogaster,ventral_nerve_cord,08B,,IN08B021,"Lacin et al., 2019",FISH,3,1,0,0,0,0,0,0,0,0,0
adult_drosophila_melanogaster,ventral_nerve_cord,08B,,IN08B029,"Lacin et al., 2019",FISH,3,1,0,0,0,0,0,0,0,0,0
adult_drosophila_melanogaster,ventral_nerve_cord,08B,,IN08B030,"Lacin et al., 2019",FISH,3,1,0,0,0,0,0,0,0,0,0
adult_drosophila_melanogaster,ventral_nerve_cord,08B,,IN08B033,"Lacin et al., 2019",FISH,3,1,0,0,0,0,0,0,0,0,0
adult_drosophila_melanogaster,ventral_nerve_cord,08B,,IN08B035,"Lacin et al., 2019",FISH,3,1,0,0,0,0,0,0,0,0,0
adult_drosophila_melanogaster,ventral_nerve_cord,08B,,IN08B036,"Lacin et al., 2019",FISH,3,1,0,0,0,0,0,0,0,0,0
adult_drosophila_melanogaster,ventral_nerve_cord,08B,,IN08B037,"Lacin et al., 2019",FISH,3,1,0,0,0,0,0,0,0,0,0
adult_drosophila_melanogaster,ventral_nerve_cord,08B,,IN08B038,"Lacin et al., 2019",FISH,3,1,0,0,0,0,0,0,0,0,0
adult_drosophila_melanogaster,ventral_nerve_cord,08B,,IN08B039,"Lacin et al., 2019",FISH,3,1,0,0,0,0,0,0,0,0,0
adult_drosophila_melanogaster,ventral_nerve_cord,08B,,IN08B040,"Lacin et al., 2019",FISH,3,1,0,0,0,0,0,0,0,0,0
adult_drosophila_melanogaster,ventral_nerve_cord,08B,,IN08B042,"Lacin et al., 2019",FISH,3,1,0,0,0,0,0,0,0,0,0
adult_drosophila_melanogaster,ventral_nerve_cord,08B,,IN08B044,"Lacin et al., 2019",FISH,3,1,0,0,0,0,0,0,0,0,0
adult_drosophila_melanogaster,ventral_nerve_cord,08B,,IN08B045,"Lacin et al., 2019",FISH,3,1,0,0,0,0,0,0,0,0,0
adult_drosophila_melanogaster,ventral_nerve_cord,08B,,IN08B046,"Lacin et al., 2019",FISH,3,1,0,0,0,0,0,0,0,0,0
adult_drosophila_melanogaster,ventral_nerve_cord,08B,,IN08B051,"Lacin et al., 2019",FISH,3,1,0,0,0,0,0,0,0,0,0
adult_drosophila_melanogaster,ventral_nerve_cord,08B,,IN08B052,"Lacin et al., 2019",FISH,3,1,0,0,0,0,0,0,0,0,0
adult_drosophila_melanogaster,ventral_nerve_cord,08B,,IN08B054,"Lacin et al., 2019",FISH,3,1,0,0,0,0,0,0,0,0,0
adult_drosophila_melanogaster,ventral_nerve_cord,08B,,IN08B055,"Lacin et al., 2019",FISH,3,1,0,0,0,0,0,0,0,0,0
adult_drosophila_melanogaster,ventral_nerve_cord,08B,,IN08B056,"Lacin et al., 2019",FISH,3,1,0,0,0,0,0,0,0,0,0
adult_drosophila_melanogaster,ventral_nerve_cord,08B,,IN08B058,"Lacin et al., 2019",FISH,3,1,0,0,0,0,0,0,0,0,0
adult_drosophila_melanogaster,ventral_nerve_cord,08B,,IN08B060,"Lacin et al., 2019",FISH,3,1,0,0,0,0,0,0,0,0,0
adult_drosophila_melanogaster,ventral_nerve_cord,08B,,IN08B062,"Lacin et al., 2019",FISH,3,1,0,0,0,0,0,0,0,0,0
adult_drosophila_melanogaster,ventral_nerve_cord,08B,,IN08B063,"Lacin et al., 2019",FISH,3,1,0,0,0,0,0,0,0,0,0
adult_drosophila_melanogaster,ventral_nerve_cord,08B,,IN08B064,"Lacin et al., 2019",FISH,3,1,0,0,0,0,0,0,0,0,0
adult_drosophila_melanogaster,ventral_nerve_cord,08B,,IN08B065,"Lacin et al., 2019",FISH,3,1,0,0,0,0,0,0,0,0,0
adult_drosophila_melanogaster,ventral_nerve_cord,08B,,IN08B067,"Lacin et al., 2019",FISH,3,1,0,0,0,0,0,0,0,0,0
adult_drosophila_melanogaster,ventral_nerve_cord,08B,,IN08B068,"Lacin et al., 2019",FISH,3,1,0,0,0,0,0,0,0,0,0
adult_drosophila_melanogaster,ventral_nerve_cord,08B,,IN08B070,"Lacin et al., 2019",FISH,3,1,0,0,0,0,0,0,0,0,0
adult_drosophila_melanogaster,ventral_nerve_cord,08B,,IN08B072,"Lacin et al., 2019",FISH,3,1,0,0,0,0,0,0,0,0,0
adult_drosophila_melanogaster,ventral_nerve_cord,08B,,IN08B073,"Lacin et al., 2019",FISH,3,1,0,0,0,0,0,0,0,0,0
adult_drosophila_melanogaster,ventral_nerve_cord,08B,,IN08B075,"Lacin et al., 2019",FISH,3,1,0,0,0,0,0,0,0,0,0
adult_drosophila_melanogaster,ventral_nerve_cord,08B,,IN08B076,"Lacin et al., 2019",FISH,3,1,0,0,0,0,0,0,0,0,0
adult_drosophila_melanogaster,ventral_nerve_cord,08B,,IN08B077,"Lacin et al., 2019",FISH,3,1,0,0,0,0,0,0,0,0,0
adult_drosophila_melanogaster,ventral_nerve_cord,08B,,IN08B078,"Lacin et al., 2019",FISH,3,1,0,0,0,0,0,0,0,0,0
adult_drosophila_melanogaster,ventral_nerve_cord,08B,,IN08B080,"Lacin et al., 2019",FISH,3,1,0,0,0,0,0,0,0,0,0
adult_drosophila_melanogaster,ventral_nerve_cord,08B,,IN08B082,"Lacin et al., 2019",FISH,3,1,0,0,0,0,0,0,0,0,0
adult_drosophila_melanogaster,ventral_nerve_cord,08B,,IN08B083,"Lacin et al., 2019",FISH,3,1,0,0,0,0,0,0,0,0,0
adult_drosophila_melanogaster,ventral_nerve_cord,08B,,IN08B085,"Lacin et al., 2019",FISH,3,1,0,0,0,0,0,0,0,0,0
adult_drosophila_melanogaster,ventral_nerve_cord,08B,,IN08B087,"Lacin et al., 2019",FISH,3,1,0,0,0,0,0,0,0,0,0
adult_drosophila_melanogaster,ventral_nerve_cord,08B,,IN08B088,"Lacin et al., 2019",FISH,3,1,0,0,0,0,0,0,0,0,0
adult_drosophila_melanogaster,ventral_nerve_cord,08B,,IN08B090,"Lacin et al., 2019",FISH,3,1,0,0,0,0,0,0,0,0,0
adult_drosophila_melanogaster,ventral_nerve_cord,08B,,IN08B091,"Lacin et al., 2019",FISH,3,1,0,0,0,0,0,0,0,0,0
adult_drosophila_melanogaster,ventral_nerve_cord,08B,,IN08B092,"Lacin et al., 2019",FISH,3,1,0,0,0,0,0,0,0,0,0
adult_drosophila_melanogaster,ventral_nerve_cord,08B,,IN08B093,"Lacin et al., 2019",FISH,3,1,0,0,0,0,0,0,0,0,0
adult_drosophila_melanogaster,ventral_nerve_cord,08B,,IN08B104,"Lacin et al., 2019",FISH,3,1,0,0,0,0,0,0,0,0,0
adult_drosophila_melanogaster,ventral_nerve_cord,08B,,IN08B105,"Lacin et al., 2019",FISH,3,1,0,0,0,0,0,0,0,0,0
adult_drosophila_melanogaster,ventral_nerve_cord,08B,,IN08B108,"Lacin et al., 2019",FISH,3,1,0,0,0,0,0,0,0,0,0
adult_drosophila_melanogaster,ventral_nerve_cord,09A,,IN09A001,"Lacin et al., 2019",FISH,3,0,0,1,0,0,0,0,0,0,0
adult_drosophila_melanogaster,ventral_nerve_cord,09A,,IN09A002,"Lacin et al., 2019",FISH,3,0,0,1,0,0,0,0,0,0,0
adult_drosophila_melanogaster,ventral_nerve_cord,09A,,IN09A003,"Lacin et al., 2019",FISH,3,0,0,1,0,0,0,0,0,0,0
adult_drosophila_melanogaster,ventral_nerve_cord,09A,,IN09A004,"Lacin et al., 2019",FISH,3,0,0,1,0,0,0,0,0,0,0
adult_drosophila_melanogaster,ventral_nerve_cord,09A,,IN09A006,"Lacin et al., 2019",FISH,3,0,0,1,0,0,0,0,0,0,0
adult_drosophila_melanogaster,ventral_nerve_cord,09A,,IN09A007,"Lacin et al., 2019",FISH,3,0,0,1,0,0,0,0,0,0,0
adult_drosophila_melanogaster,ventral_nerve_cord,09A,,IN09A009,"Lacin et al., 2019",FISH,3,0,0,1,0,0,0,0,0,0,0
adult_drosophila_melanogaster,ventral_nerve_cord,09A,,IN09A010,"Lacin et al., 2019",FISH,3,0,0,1,0,0,0,0,0,0,0
adult_drosophila_melanogaster,ventral_nerve_cord,09A,,IN09A011,"Lacin et al., 2019",FISH,3,0,0,1,0,0,0,0,0,0,0
adult_drosophila_melanogaster,ventral_nerve_cord,09A,,IN09A012,"Lacin et al., 2019",FISH,3,0,0,1,0,0,0,0,0,0,0
adult_drosophila_melanogaster,ventral_nerve_cord,09A,,IN09A013,"Lacin et al., 2019",FISH,3,0,0,1,0,0,0,0,0,0,0
adult_drosophila_melanogaster,ventral_nerve_cord,09A,,IN09A014,"Lacin et al., 2019",FISH,3,0,0,1,0,0,0,0,0,0,0
adult_drosophila_melanogaster,ventral_nerve_cord,09A,,IN09A015,"Lacin et al., 2019",FISH,3,0,0,1,0,0,0,0,0,0,0
adult_drosophila_melanogaster,ventral_nerve_cord,09A,,IN09A016,"Lacin et al., 2019",FISH,3,0,0,1,0,0,0,0,0,0,0
adult_drosophila_melanogaster,ventral_nerve_cord,09A,,IN09A017,"Lacin et al., 2019",FISH,3,0,0,1,0,0,0,0,0,0,0
adult_drosophila_melanogaster,ventral_nerve_cord,09A,,IN09A018,"Lacin et al., 2019",FISH,3,0,0,1,0,0,0,0,0,0,0
adult_drosophila_melanogaster,ventral_nerve_cord,09A,,IN09A019,"Lacin et al., 2019",FISH,3,0,0,1,0,0,0,0,0,0,0
adult_drosophila_melanogaster,ventral_nerve_cord,09A,,IN09A020,"Lacin et al., 2019",FISH,3,0,0,1,0,0,0,0,0,0,0
adult_drosophila_melanogaster,ventral_nerve_cord,09A,,IN09A021,"Lacin et al., 2019",FISH,3,0,0,1,0,0,0,0,0,0,0
adult_drosophila_melanogaster,ventral_nerve_cord,09A,,IN09A022,"Lacin et al., 2019",FISH,3,0,0,1,0,0,0,0,0,0,0
adult_drosophila_melanogaster,ventral_nerve_cord,09A,,IN09A023,"Lacin et al., 2019",FISH,3,0,0,1,0,0,0,0,0,0,0
adult_drosophila_melanogaster,ventral_nerve_cord,09A,,IN09A024,"Lacin et al., 2019",FISH,3,0,0,1,0,0,0,0,0,0,0
adult_drosophila_melanogaster,ventral_nerve_cord,09A,,IN09A025,"Lacin et al., 2019",FISH,3,0,0,1,0,0,0,0,0,0,0
adult_drosophila_melanogaster,ventral_nerve_cord,09A,,IN09A026,"Lacin et al., 2019",FISH,3,0,0,1,0,0,0,0,0,0,0
adult_drosophila_melanogaster,ventral_nerve_cord,09A,,IN09A027,"Lacin et al., 2019",FISH,3,0,0,1,0,0,0,0,0,0,0
adult_drosophila_melanogaster,ventral_nerve_cord,09A,,IN09A028,"Lacin et al., 2019",FISH,3,0,0,1,0,0,0,0,0,0,0
adult_drosophila_melanogaster,ventral_nerve_cord,09A,,IN09A029,"Lacin et al., 2019",FISH,3,0,0,1,0,0,0,0,0,0,0
adult_drosophila_melanogaster,ventral_nerve_cord,09A,,IN09A030,"Lacin et al., 2019",FISH,3,0,0,1,0,0,0,0,0,0,0
adult_drosophila_melanogaster,ventral_nerve_cord,09A,,IN09A031,"Lacin et al., 2019",FISH,3,0,0,1,0,0,0,0,0,0,0
adult_drosophila_melanogaster,ventral_nerve_cord,09A,,IN09A032,"Lacin et al., 2019",FISH,3,0,0,1,0,0,0,0,0,0,0
adult_drosophila_melanogaster,ventral_nerve_cord,09A,,IN09A033,"Lacin et al., 2019",FISH,3,0,0,1,0,0,0,0,0,0,0
adult_drosophila_melanogaster,ventral_nerve_cord,09A,,IN09A034,"Lacin et al., 2019",FISH,3,0,0,1,0,0,0,0,0,0,0
adult_drosophila_melanogaster,ventral_nerve_cord,09A,,IN09A035,"Lacin et al., 2019",FISH,3,0,0,1,0,0,0,0,0,0,0
adult_drosophila_melanogaster,ventral_nerve_cord,09A,,IN09A037,"Lacin et al., 2019",FISH,3,0,0,1,0,0,0,0,0,0,0
adult_drosophila_melanogaster,ventral_nerve_cord,09A,,IN09A038,"Lacin et al., 2019",FISH,3,0,0,1,0,0,0,0,0,0,0
adult_drosophila_melanogaster,ventral_nerve_cord,09A,,IN09A039,"Lacin et al., 2019",FISH,3,0,0,1,0,0,0,0,0,0,0
adult_drosophila_melanogaster,ventral_nerve_cord,09A,,IN09A040,"Lacin et al., 2019",FISH,3,0,0,1,0,0,0,0,0,0,0
adult_drosophila_melanogaster,ventral_nerve_cord,09A,,IN09A041,"Lacin et al., 2019",FISH,3,0,0,1,0,0,0,0,0,0,0
adult_drosophila_melanogaster,ventral_nerve_cord,09A,,IN09A042,"Lacin et al., 2019",FISH,3,0,0,1,0,0,0,0,0,0,0
adult_drosophila_melanogaster,ventral_nerve_cord,09A,,IN09A043,"Lacin et al., 2019",FISH,3,0,0,1,0,0,0,0,0,0,0
adult_drosophila_melanogaster,ventral_nerve_cord,09A,,IN09A044,"Lacin et al., 2019",FISH,3,0,0,1,0,0,0,0,0,0,0
adult_drosophila_melanogaster,ventral_nerve_cord,09A,,IN09A045,"Lacin et al., 2019",FISH,3,0,0,1,0,0,0,0,0,0,0
adult_drosophila_melanogaster,ventral_nerve_cord,09A,,IN09A046,"Lacin et al., 2019",FISH,3,0,0,1,0,0,0,0,0,0,0
adult_drosophila_melanogaster,ventral_nerve_cord,09A,,IN09A047,"Lacin et al., 2019",FISH,3,0,0,1,0,0,0,0,0,0,0
adult_drosophila_melanogaster,ventral_nerve_cord,09A,,IN09A048,"Lacin et al., 2019",FISH,3,0,0,1,0,0,0,0,0,0,0
adult_drosophila_melanogaster,ventral_nerve_cord,09A,,IN09A049,"Lacin et al., 2019",FISH,3,0,0,1,0,0,0,0,0,0,0
adult_drosophila_melanogaster,ventral_nerve_cord,09A,,IN09A050,"Lacin et al., 2019",FISH,3,0,0,1,0,0,0,0,0,0,0
adult_drosophila_melanogaster,ventral_nerve_cord,09A,,IN09A051,"Lacin et al., 2019",FISH,3,0,0,1,0,0,0,0,0,0,0
adult_drosophila_melanogaster,ventral_nerve_cord,09A,,IN09A052,"Lacin et al., 2019",FISH,3,0,0,1,0,0,0,0,0,0,0
adult_drosophila_melanogaster,ventral_nerve_cord,09A,,IN09A053,"Lacin et al., 2019",FISH,3,0,0,1,0,0,0,0,0,0,0
adult_drosophila_melanogaster,ventral_nerve_cord,09A,,IN09A054,"Lacin et al., 2019",FISH,3,0,0,1,0,0,0,0,0,0,0
adult_drosophila_melanogaster,ventral_nerve_cord,09A,,IN09A055,"Lacin et al., 2019",FISH,3,0,0,1,0,0,0,0,0,0,0
adult_drosophila_melanogaster,ventral_nerve_cord,09A,,IN09A056,"Lacin et al., 2019",FISH,3,0,0,1,0,0,0,0,0,0,0
adult_drosophila_melanogaster,ventral_nerve_cord,09A,,IN09A057,"Lacin et al., 2019",FISH,3,0,0,1,0,0,0,0,0,0,0
adult_drosophila_melanogaster,ventral_nerve_cord,09A,,IN09A058,"Lacin et al., 2019",FISH,3,0,0,1,0,0,0,0,0,0,0
adult_drosophila_melanogaster,ventral_nerve_cord,09A,,IN09A059,"Lacin et al., 2019",FISH,3,0,0,1,0,0,0,0,0,0,0
adult_drosophila_melanogaster,ventral_nerve_cord,09A,,IN09A060,"Lacin et al., 2019",FISH,3,0,0,1,0,0,0,0,0,0,0
adult_drosophila_melanogaster,ventral_nerve_cord,09A,,IN09A061,"Lacin et al., 2019",FISH,3,0,0,1,0,0,0,0,0,0,0
adult_drosophila_melanogaster,ventral_nerve_cord,09A,,IN09A062,"Lacin et al., 2019",FISH,3,0,0,1,0,0,0,0,0,0,0
adult_drosophila_melanogaster,ventral_nerve_cord,09A,,IN09A063,"Lacin et al., 2019",FISH,3,0,0,1,0,0,0,0,0,0,0
adult_drosophila_melanogaster,ventral_nerve_cord,09A,,IN09A064,"Lacin et al., 2019",FISH,3,0,0,1,0,0,0,0,0,0,0
adult_drosophila_melanogaster,ventral_nerve_cord,09A,,IN09A065,"Lacin et al., 2019",FISH,3,0,0,1,0,0,0,0,0,0,0
adult_drosophila_melanogaster,ventral_nerve_cord,09A,,IN09A066,"Lacin et al., 2019",FISH,3,0,0,1,0,0,0,0,0,0,0
adult_drosophila_melanogaster,ventral_nerve_cord,09A,,IN09A067,"Lacin et al., 2019",FISH,3,0,0,1,0,0,0,0,0,0,0
adult_drosophila_melanogaster,ventral_nerve_cord,09A,,IN09A068,"Lacin et al., 2019",FISH,3,0,0,1,0,0,0,0,0,0,0
adult_drosophila_melanogaster,ventral_nerve_cord,09A,,IN09A069,"Lacin et al., 2019",FISH,3,0,0,1,0,0,0,0,0,0,0
adult_drosophila_melanogaster,ventral_nerve_cord,09A,,IN09A070,"Lacin et al., 2019",FISH,3,0,0,1,0,0,0,0,0,0,0
adult_drosophila_melanogaster,ventral_nerve_cord,09A,,IN09A071,"Lacin et al., 2019",FISH,3,0,0,1,0,0,0,0,0,0,0
adult_drosophila_melanogaster,ventral_nerve_cord,09A,,IN09A072,"Lacin et al., 2019",FISH,3,0,0,1,0,0,0,0,0,0,0
adult_drosophila_melanogaster,ventral_nerve_cord,09A,,IN09A073,"Lacin et al., 2019",FISH,3,0,0,1,0,0,0,0,0,0,0
adult_drosophila_melanogaster,ventral_nerve_cord,09A,,IN09A074,"Lacin et al., 2019",FISH,3,0,0,1,0,0,0,0,0,0,0
adult_drosophila_melanogaster,ventral_nerve_cord,09A,,IN09A075,"Lacin et al., 2019",FISH,3,0,0,1,0,0,0,0,0,0,0
adult_drosophila_melanogaster,ventral_nerve_cord,09A,,IN09A076,"Lacin et al., 2019",FISH,3,0,0,1,0,0,0,0,0,0,0
adult_drosophila_melanogaster,ventral_nerve_cord,09A,,IN09A077,"Lacin et al., 2019",FISH,3,0,0,1,0,0,0,0,0,0,0
adult_drosophila_melanogaster,ventral_nerve_cord,09A,,IN09A078,"Lacin et al., 2019",FISH,3,0,0,1,0,0,0,0,0,0,0
adult_drosophila_melanogaster,ventral_nerve_cord,09A,,IN09A079,"Lacin et al., 2019",FISH,3,0,0,1,0,0,0,0,0,0,0
adult_drosophila_melanogaster,ventral_nerve_cord,09A,,IN09A080,"Lacin et al., 2019",FISH,3,0,0,1,0,0,0,0,0,0,0
adult_drosophila_melanogaster,ventral_nerve_cord,09A,,IN09A081,"Lacin et al., 2019",FISH,3,0,0,1,0,0,0,0,0,0,0
adult_drosophila_melanogaster,ventral_nerve_cord,09A,,IN09A082,"Lacin et al., 2019",FISH,3,0,0,1,0,0,0,0,0,0,0
adult_drosophila_melanogaster,ventral_nerve_cord,09A,,IN09A083,"Lacin et al., 2019",FISH,3,0,0,1,0,0,0,0,0,0,0
adult_drosophila_melanogaster,ventral_nerve_cord,09A,,IN09A084,"Lacin et al., 2019",FISH,3,0,0,1,0,0,0,0,0,0,0
adult_drosophila_melanogaster,ventral_nerve_cord,09A,,IN09A085,"Lacin et al., 2019",FISH,3,0,0,1,0,0,0,0,0,0,0
adult_drosophila_melanogaster,ventral_nerve_cord,09A,,IN09A086,"Lacin et al., 2019",FISH,3,0,0,1,0,0,0,0,0,0,0
adult_drosophila_melanogaster,ventral_nerve_cord,09A,,IN09A087,"Lacin et al., 2019",FISH,3,0,0,1,0,0,0,0,0,0,0
adult_drosophila_melanogaster,ventral_nerve_cord,09A,,IN09A088,"Lacin et al., 2019",FISH,3,0,0,1,0,0,0,0,0,0,0
adult_drosophila_melanogaster,ventral_nerve_cord,09A,,IN09A089,"Lacin et al., 2019",FISH,3,0,0,1,0,0,0,0,0,0,0
adult_drosophila_melanogaster,ventral_nerve_cord,09A,,IN09A090,"Lacin et al., 2019",FISH,3,0,0,1,0,0,0,0,0,0,0
adult_drosophila_melanogaster,ventral_nerve_cord,09A,,IN09A091,"Lacin et al., 2019",FISH,3,0,0,1,0,0,0,0,0,0,0
adult_drosophila_melanogaster,ventral_nerve_cord,09A,,IN09A092,"Lacin et al., 2019",FISH,3,0,0,1,0,0,0,0,0,0,0
adult_drosophila_melanogaster,ventral_nerve_cord,09A,,IN09A093,"Lacin et al., 2019",FISH,3,0,0,1,0,0,0,0,0,0,0
adult_drosophila_melanogaster,ventral_nerve_cord,09A,,IN09A094,"Lacin et al., 2019",FISH,3,0,0,1,0,0,0,0,0,0,0
adult_drosophila_melanogaster,ventral_nerve_cord,09A,,IN09A095,"Lacin et al., 2019",FISH,3,0,0,1,0,0,0,0,0,0,0
adult_drosophila_melanogaster,ventral_nerve_cord,09A,,IN09A096,"Lacin et al., 2019",FISH,3,0,0,1,0,0,0,0,0,0,0
adult_drosophila_melanogaster,ventral_nerve_cord,09B,,IN09B005,"Lacin et al., 2019",FISH,3,0,1,0,0,0,0,0,0,0,0
adult_drosophila_melanogaster,ventral_nerve_cord,09B,,IN09B008,"Lacin et al., 2019",FISH,3,0,1,0,0,0,0,0,0,0,0
adult_drosophila_melanogaster,ventral_nerve_cord,09B,,IN09B018,"Lacin et al., 2019",FISH,3,0,1,0,0,0,0,0,0,0,0
adult_drosophila_melanogaster,ventral_nerve_cord,09B,,IN09B022,"Lacin et al., 2019",FISH,3,0,1,0,0,0,0,0,0,0,0
adult_drosophila_melanogaster,ventral_nerve_cord,09B,,IN09B043,"Lacin et al., 2019",FISH,3,0,1,0,0,0,0,0,0,0,0
adult_drosophila_melanogaster,ventral_nerve_cord,09B,,IN09B044,"Lacin et al., 2019",FISH,3,0,1,0,0,0,0,0,0,0,0
adult_drosophila_melanogaster,ventral_nerve_cord,09B,,IN09B045,"Lacin et al., 2019",FISH,3,0,1,0,0,0,0,0,0,0,0
adult_drosophila_melanogaster,ventral_nerve_cord,09B,,IN09B046,"Lacin et al., 2019",FISH,3,0,1,0,0,0,0,0,0,0,0
adult_drosophila_melanogaster,ventral_nerve_cord,09B,,IN09B047,"Lacin et al., 2019",FISH,3,0,1,0,0,0,0,0,0,0,0
adult_drosophila_melanogaster,ventral_nerve_cord,09B,,IN09B048,"Lacin et al., 2019",FISH,3,0,1,0,0,0,0,0,0,0,0
adult_drosophila_melanogaster,ventral_nerve_cord,09B,,IN09B049,"Lacin et al., 2019",FISH,3,0,1,0,0,0,0,0,0,0,0
adult_drosophila_melanogaster,ventral_nerve_cord,09B,,IN09B050,"Lacin et al., 2019",FISH,3,0,1,0,0,0,0,0,0,0,0
adult_drosophila_melanogaster,ventral_nerve_cord,09B,,IN09B051,"Lacin et al., 2019",FISH,3,0,1,0,0,0,0,0,0,0,0
adult_drosophila_melanogaster,ventral_nerve_cord,09B,,IN09B052,"Lacin et al., 2019",FISH,3,0,1,0,0,0,0,0,0,0,0
adult_drosophila_melanogaster,ventral_nerve_cord,09B,,IN09B053,"Lacin et al., 2019",FISH,3,0,1,0,0,0,0,0,0,0,0
adult_drosophila_melanogaster,ventral_nerve_cord,09B,,IN09B054,"Lacin et al., 2019",FISH,3,0,1,0,0,0,0,0,0,0,0
adult_drosophila_melanogaster,ventral_nerve_cord,09B,,IN09B055,"Lacin et al., 2019",FISH,3,0,1,0,0,0,0,0,0,0,0
adult_drosophila_melanogaster,ventral_nerve_cord,09B,,IN09B056,"Lacin et al., 2019",FISH,3,0,1,0,0,0,0,0,0,0,0
adult_drosophila_melanogaster,ventral_nerve_cord,09B,,IN09B057,"Lacin et al., 2019",FISH,3,0,1,0,0,0,0,0,0,0,0
adult_drosophila_melanogaster,ventral_nerve_cord,09B,,IN09B058,"Lacin et al., 2019",FISH,3,0,1,0,0,0,0,0,0,0,0
adult_drosophila_melanogaster,ventral_nerve_cord,10B,,IN10B001,"Lacin et al., 2019",FISH,3,1,0,0,0,0,0,0,0,0,0
adult_drosophila_melanogaster,ventral_nerve_cord,10B,,IN10B002,"Lacin et al., 2019",FISH,3,1,0,0,0,0,0,0,0,0,0
adult_drosophila_melanogaster,ventral_nerve_cord,10B,,IN10B003,"Lacin et al., 2019",FISH,3,1,0,0,0,0,0,0,0,0,0
adult_drosophila_melanogaster,ventral_nerve_cord,10B,,IN10B004,"Lacin et al., 2019",FISH,3,1,0,0,0,0,0,0,0,0,0
adult_drosophila_melanogaster,ventral_nerve_cord,10B,,IN10B006,"Lacin et al., 2019",FISH,3,1,0,0,0,0,0,0,0,0,0
adult_drosophila_melanogaster,ventral_nerve_cord,10B,,IN10B007,"Lacin et al., 2019",FISH,3,1,0,0,0,0,0,0,0,0,0
adult_drosophila_melanogaster,ventral_nerve_cord,10B,,IN10B010,"Lacin et al., 2019",FISH,3,1,0,0,0,0,0,0,0,0,0
adult_drosophila_melanogaster,ventral_nerve_cord,10B,,IN10B011,"Lacin et al., 2019",FISH,3,1,0,0,0,0,0,0,0,0,0
adult_drosophila_melanogaster,ventral_nerve_cord,10B,,IN10B012,"Lacin et al., 2019",FISH,3,1,0,0,0,0,0,0,0,0,0
adult_drosophila_melanogaster,ventral_nerve_cord,10B,,IN10B013,"Lacin et al., 2019",FISH,3,1,0,0,0,0,0,0,0,0,0
adult_drosophila_melanogaster,ventral_nerve_cord,10B,,IN10B014,"Lacin et al., 2019",FISH,3,1,0,0,0,0,0,0,0,0,0
adult_drosophila_melanogaster,ventral_nerve_cord,10B,,IN10B016,"Lacin et al., 2019",FISH,3,1,0,0,0,0,0,0,0,0,0
adult_drosophila_melanogaster,ventral_nerve_cord,10B,,IN10B023,"Lacin et al., 2019",FISH,3,1,0,0,0,0,0,0,0,0,0
adult_drosophila_melanogaster,ventral_nerve_cord,10B,,IN10B025,"Lacin et al., 2019",FISH,3,1,0,0,0,0,0,0,0,0,0
adult_drosophila_melanogaster,ventral_nerve_cord,10B,,IN10B028,"Lacin et al., 2019",FISH,3,1,0,0,0,0,0,0,0,0,0
adult_drosophila_melanogaster,ventral_nerve_cord,10B,,IN10B030,"Lacin et al., 2019",FISH,3,1,0,0,0,0,0,0,0,0,0
adult_drosophila_melanogaster,ventral_nerve_cord,10B,,IN10B031,"Lacin et al., 2019",FISH,3,1,0,0,0,0,0,0,0,0,0
adult_drosophila_melanogaster,ventral_nerve_cord,10B,,IN10B032,"Lacin et al., 2019",FISH,3,1,0,0,0,0,0,0,0,0,0
adult_drosophila_melanogaster,ventral_nerve_cord,10B,,IN10B033,"Lacin et al., 2019",FISH,3,1,0,0,0,0,0,0,0,0,0
adult_drosophila_melanogaster,ventral_nerve_cord,10B,,IN10B034,"Lacin et al., 2019",FISH,3,1,0,0,0,0,0,0,0,0,0
adult_drosophila_melanogaster,ventral_nerve_cord,10B,,IN10B036,"Lacin et al., 2019",FISH,3,1,0,0,0,0,0,0,0,0,0
adult_drosophila_melanogaster,ventral_nerve_cord,10B,,IN10B038,"Lacin et al., 2019",FISH,3,1,0,0,0,0,0,0,0,0,0
adult_drosophila_melanogaster,ventral_nerve_cord,10B,,IN10B040,"Lacin et al., 2019",FISH,3,1,0,0,0,0,0,0,0,0,0
adult_drosophila_melanogaster,ventral_nerve_cord,10B,,IN10B041,"Lacin et al., 2019",FISH,3,1,0,0,0,0,0,0,0,0,0
adult_drosophila_melanogaster,ventral_nerve_cord,10B,,IN10B042,"Lacin et al., 2019",FISH,3,1,0,0,0,0,0,0,0,0,0
adult_drosophila_melanogaster,ventral_nerve_cord,10B,,IN10B043,"Lacin et al., 2019",FISH,3,1,0,0,0,0,0,0,0,0,0
adult_drosophila_melanogaster,ventral_nerve_cord,10B,,IN10B044,"Lacin et al., 2019",FISH,3,1,0,0,0,0,0,0,0,0,0
adult_drosophila_melanogaster,ventral_nerve_cord,10B,,IN10B050,"Lacin et al., 2019",FISH,3,1,0,0,0,0,0,0,0,0,0
adult_drosophila_melanogaster,ventral_nerve_cord,10B,,IN10B052,"Lacin et al., 2019",FISH,3,1,0,0,0,0,0,0,0,0,0
adult_drosophila_melanogaster,ventral_nerve_cord,10B,,IN10B054,"Lacin et al., 2019",FISH,3,1,0,0,0,0,0,0,0,0,0
adult_drosophila_melanogaster,ventral_nerve_cord,10B,,IN10B055,"Lacin et al., 2019",FISH,3,1,0,0,0,0,0,0,0,0,0
adult_drosophila_melanogaster,ventral_nerve_cord,10B,,IN10B057,"Lacin et al., 2019",FISH,3,1,0,0,0,0,0,0,0,0,0
adult_drosophila_melanogaster,ventral_nerve_cord,10B,,IN10B058,"Lacin et al., 2019",FISH,3,1,0,0,0,0,0,0,0,0,0
adult_drosophila_melanogaster,ventral_nerve_cord,10B,,IN10B059,"Lacin et al., 2019",FISH,3,1,0,0,0,0,0,0,0,0,0
adult_drosophila_melanogaster,ventral_nerve_cord,10B,,IN10B061,"Lacin et al., 2019",FISH,3,1,0,0,0,0,0,0,0,0,0
adult_drosophila_melanogaster,ventral_nerve_cord,11A,,IN11A002,"Lacin et al., 2019",FISH,3,1,0,0,0,0,0,0,0,0,0
adult_drosophila_melanogaster,ventral_nerve_cord,11A,,IN11A003,"Lacin et al., 2019",FISH,3,1,0,0,0,0,0,0,0,0,0
adult_drosophila_melanogaster,ventral_nerve_cord,11A,,IN11A004,"Lacin et al., 2019",FISH,3,1,0,0,0,0,0,0,0,0,0
adult_drosophila_melanogaster,ventral_nerve_cord,11A,,IN11A005,"Lacin et al., 2019",FISH,3,1,0,0,0,0,0,0,0,0,0
adult_drosophila_melanogaster,ventral_nerve_cord,11A,,IN11A006,"Lacin et al., 2019",FISH,3,1,0,0,0,0,0,0,0,0,0
adult_drosophila_melanogaster,ventral_nerve_cord,11A,,IN11A007,"Lacin et al., 2019",FISH,3,1,0,0,0,0,0,0,0,0,0
adult_drosophila_melanogaster,ventral_nerve_cord,11A,,IN11A008,"Lacin et al., 2019",FISH,3,1,0,0,0,0,0,0,0,0,0
adult_drosophila_melanogaster,ventral_nerve_cord,11A,,IN11A009,"Lacin et al., 2019",FISH,3,1,0,0,0,0,0,0,0,0,0
adult_drosophila_melanogaster,ventral_nerve_cord,11A,,IN11A010,"Lacin et al., 2019",FISH,3,1,0,0,0,0,0,0,0,0,0
adult_drosophila_melanogaster,ventral_nerve_cord,11A,,IN11A011,"Lacin et al., 2019",FISH,3,1,0,0,0,0,0,0,0,0,0
adult_drosophila_melanogaster,ventral_nerve_cord,11A,,IN11A012,"Lacin et al., 2019",FISH,3,1,0,0,0,0,0,0,0,0,0
adult_drosophila_melanogaster,ventral_nerve_cord,11A,,IN11A013,"Lacin et al., 2019",FISH,3,1,0,0,0,0,0,0,0,0,0
adult_drosophila_melanogaster,ventral_nerve_cord,11A,,IN11A014,"Lacin et al., 2019",FISH,3,1,0,0,0,0,0,0,0,0,0
adult_drosophila_melanogaster,ventral_nerve_cord,11A,,IN11A015,"Lacin et al., 2019",FISH,3,1,0,0,0,0,0,0,0,0,0
adult_drosophila_melanogaster,ventral_nerve_cord,11A,,IN11A016,"Lacin et al., 2019",FISH,3,1,0,0,0,0,0,0,0,0,0
adult_drosophila_melanogaster,ventral_nerve_cord,11A,,IN11A017,"Lacin et al., 2019",FISH,3,1,0,0,0,0,0,0,0,0,0
adult_drosophila_melanogaster,ventral_nerve_cord,11A,,IN11A018,"Lacin et al., 2019",FISH,3,1,0,0,0,0,0,0,0,0,0
adult_drosophila_melanogaster,ventral_nerve_cord,11A,,IN11A019,"Lacin et al., 2019",FISH,3,1,0,0,0,0,0,0,0,0,0
adult_drosophila_melanogaster,ventral_nerve_cord,11A,,IN11A020,"Lacin et al., 2019",FISH,3,1,0,0,0,0,0,0,0,0,0
adult_drosophila_melanogaster,ventral_nerve_cord,11A,,IN11A021,"Lacin et al., 2019",FISH,3,1,0,0,0,0,0,0,0,0,0
adult_drosophila_melanogaster,ventral_nerve_cord,11A,,IN11A022,"Lacin et al., 2019",FISH,3,1,0,0,0,0,0,0,0,0,0
adult_drosophila_melanogaster,ventral_nerve_cord,11A,,IN11A023,"Lacin et al., 2019",FISH,3,1,0,0,0,0,0,0,0,0,0
adult_drosophila_melanogaster,ventral_nerve_cord,11A,,IN11A024,"Lacin et al., 2019",FISH,3,1,0,0,0,0,0,0,0,0,0
adult_drosophila_melanogaster,ventral_nerve_cord,11A,,IN11A025,"Lacin et al., 2019",FISH,3,1,0,0,0,0,0,0,0,0,0
adult_drosophila_melanogaster,ventral_nerve_cord,11A,,IN11A026,"Lacin et al., 2019",FISH,3,1,0,0,0,0,0,0,0,0,0
adult_drosophila_melanogaster,ventral_nerve_cord,11A,,IN11A027,"Lacin et al., 2019",FISH,3,1,0,0,0,0,0,0,0,0,0
adult_drosophila_melanogaster,ventral_nerve_cord,11A,,IN11A028,"Lacin et al., 2019",FISH,3,1,0,0,0,0,0,0,0,0,0
adult_drosophila_melanogaster,ventral_nerve_cord,11A,,IN11A030,"Lacin et al., 2019",FISH,3,1,0,0,0,0,0,0,0,0,0
adult_drosophila_melanogaster,ventral_nerve_cord,11A,,IN11A031,"Lacin et al., 2019",FISH,3,1,0,0,0,0,0,0,0,0,0
adult_drosophila_melanogaster,ventral_nerve_cord,11A,,IN11A032,"Lacin et al., 2019",FISH,3,1,0,0,0,0,0,0,0,0,0
adult_drosophila_melanogaster,ventral_nerve_cord,11A,,IN11A034,"Lacin et al., 2019",FISH,3,1,0,0,0,0,0,0,0,0,0
adult_drosophila_melanogaster,ventral_nerve_cord,11A,,IN11A035,"Lacin et al., 2019",FISH,3,1,0,0,0,0,0,0,0,0,0
adult_drosophila_melanogaster,ventral_nerve_cord,11A,,IN11A036,"Lacin et al., 2019",FISH,3,1,0,0,0,0,0,0,0,0,0
adult_drosophila_melanogaster,ventral_nerve_cord,11A,,IN11A037,"Lacin et al., 2019",FISH,3,1,0,0,0,0,0,0,0,0,0
adult_drosophila_melanogaster,ventral_nerve_cord,11A,,IN11A039,"Lacin et al., 2019",FISH,3,1,0,0,0,0,0,0,0,0,0
adult_drosophila_melanogaster,ventral_nerve_cord,11A,,IN11A040,"Lacin et al., 2019",FISH,3,1,0,0,0,0,0,0,0,0,0
adult_drosophila_melanogaster,ventral_nerve_cord,11A,,IN11A041,"Lacin et al., 2019",FISH,3,1,0,0,0,0,0,0,0,0,0
adult_drosophila_melanogaster,ventral_nerve_cord,11A,,IN11A042,"Lacin et al., 2019",FISH,3,1,0,0,0,0,0,0,0,0,0
adult_drosophila_melanogaster,ventral_nerve_cord,11A,,IN11A043,"Lacin et al., 2019",FISH,3,1,0,0,0,0,0,0,0,0,0
adult_drosophila_melanogaster,ventral_nerve_cord,11A,,IN11A044,"Lacin et al., 2019",FISH,3,1,0,0,0,0,0,0,0,0,0
adult_drosophila_melanogaster,ventral_nerve_cord,11A,,IN11A045,"Lacin et al., 2019",FISH,3,1,0,0,0,0,0,0,0,0,0
adult_drosophila_melanogaster,ventral_nerve_cord,11B,,IN11B002,"Lacin et al., 2019",FISH,3,0,0,1,0,0,0,0,0,0,0
adult_drosophila_melanogaster,ventral_nerve_cord,11B,,IN11B004,"Lacin et al., 2019",FISH,3,0,0,1,0,0,0,0,0,0,0
adult_drosophila_melanogaster,ventral_nerve_cord,11B,,IN11B005,"Lacin et al., 2019",FISH,3,0,0,1,0,0,0,0,0,0,0
adult_drosophila_melanogaster,ventral_nerve_cord,11B,,IN11B006,"Lacin et al., 2019",FISH,3,0,0,1,0,0,0,0,0,0,0
adult_drosophila_melanogaster,ventral_nerve_cord,11B,,IN11B009,"Lacin et al., 2019",FISH,3,0,0,1,0,0,0,0,0,0,0
adult_drosophila_melanogaster,ventral_nerve_cord,11B,,IN11B011,"Lacin et al., 2019",FISH,3,0,0,1,0,0,0,0,0,0,0
adult_drosophila_melanogaster,ventral_nerve_cord,11B,,IN11B012,"Lacin et al., 2019",FISH,3,0,0,1,0,0,0,0,0,0,0
adult_drosophila_melanogaster,ventral_nerve_cord,11B,,IN11B013,"Lacin et al., 2019",FISH,3,0,0,1,0,0,0,0,0,0,0
adult_drosophila_melanogaster,ventral_nerve_cord,11B,,IN11B014,"Lacin et al., 2019",FISH,3,0,0,1,0,0,0,0,0,0,0
adult_drosophila_melanogaster,ventral_nerve_cord,11B,,IN11B015,"Lacin et al., 2019",FISH,3,0,0,1,0,0,0,0,0,0,0
adult_drosophila_melanogaster,ventral_nerve_cord,11B,,IN11B016,"Lacin et al., 2019",FISH,3,0,0,1,0,0,0,0,0,0,0
adult_drosophila_melanogaster,ventral_nerve_cord,11B,,IN11B017,"Lacin et al., 2019",FISH,3,0,0,1,0,0,0,0,0,0,0
adult_drosophila_melanogaster,ventral_nerve_cord,11B,,IN11B018,"Lacin et al., 2019",FISH,3,0,0,1,0,0,0,0,0,0,0
adult_drosophila_melanogaster,ventral_nerve_cord,11B,,IN11B019,"Lacin et al., 2019",FISH,3,0,0,1,0,0,0,0,0,0,0
adult_drosophila_melanogaster,ventral_nerve_cord,11B,,IN11B020,"Lacin et al., 2019",FISH,3,0,0,1,0,0,0,0,0,0,0
adult_drosophila_melanogaster,ventral_nerve_cord,11B,,IN11B021,"Lacin et al., 2019",FISH,3,0,0,1,0,0,0,0,0,0,0
adult_drosophila_melanogaster,ventral_nerve_cord,11B,,IN11B022,"Lacin et al., 2019",FISH,3,0,0,1,0,0,0,0,0,0,0
adult_drosophila_melanogaster,ventral_nerve_cord,11B,,IN11B023,"Lacin et al., 2019",FISH,3,0,0,1,0,0,0,0,0,0,0
adult_drosophila_melanogaster,ventral_nerve_cord,12A,,IN12A001,"Lacin et al., 2019",FISH,3,1,0,0,0,0,0,0,0,0,0
adult_drosophila_melanogaster,ventral_nerve_cord,12A,,IN12A002,"Lacin et al., 2019",FISH,3,1,0,0,0,0,0,0,0,0,0
adult_drosophila_melanogaster,ventral_nerve_cord,12A,,IN12A003,"Lacin et al., 2019",FISH,3,1,0,0,0,0,0,0,0,0,0
adult_drosophila_melanogaster,ventral_nerve_cord,12A,,IN12A004,"Lacin et al., 2019",FISH,3,1,0,0,0,0,0,0,0,0,0
adult_drosophila_melanogaster,ventral_nerve_cord,12A,,IN12A005,"Lacin et al., 2019",FISH,3,1,0,0,0,0,0,0,0,0,0
adult_drosophila_melanogaster,ventral_nerve_cord,12A,,IN12A006,"Lacin et al., 2019",FISH,3,1,0,0,0,0,0,0,0,0,0
adult_drosophila_melanogaster,ventral_nerve_cord,12A,,IN12A007,"Lacin et al., 2019",FISH,3,1,0,0,0,0,0,0,0,0,0
adult_drosophila_melanogaster,ventral_nerve_cord,12A,,IN12A008,"Lacin et al., 2019",FISH,3,1,0,0,0,0,0,0,0,0,0
adult_drosophila_melanogaster,ventral_nerve_cord,12A,,IN12A009,"Lacin et al., 2019",FISH,3,1,0,0,0,0,0,0,0,0,0
adult_drosophila_melanogaster,ventral_nerve_cord,12A,,IN12A010,"Lacin et al., 2019",FISH,3,1,0,0,0,0,0,0,0,0,0
adult_drosophila_melanogaster,ventral_nerve_cord,12A,,IN12A011,"Lacin et al., 2019",FISH,3,1,0,0,0,0,0,0,0,0,0
adult_drosophila_melanogaster,ventral_nerve_cord,12A,,IN12A013,"Lacin et al., 2019",FISH,3,1,0,0,0,0,0,0,0,0,0
adult_drosophila_melanogaster,ventral_nerve_cord,12A,,IN12A015,"Lacin et al., 2019",FISH,3,1,0,0,0,0,0,0,0,0,0
adult_drosophila_melanogaster,ventral_nerve_cord,12A,,IN12A016,"Lacin et al., 2019",FISH,3,1,0,0,0,0,0,0,0,0,0
adult_drosophila_melanogaster,ventral_nerve_cord,12A,,IN12A018,"Lacin et al., 2019",FISH,3,1,0,0,0,0,0,0,0,0,0
adult_drosophila_melanogaster,ventral_nerve_cord,12A,,IN12A019,"Lacin et al., 2019",FISH,3,1,0,0,0,0,0,0,0,0,0
adult_drosophila_melanogaster,ventral_nerve_cord,12A,,IN12A021,"Lacin et al., 2019",FISH,3,1,0,0,0,0,0,0,0,0,0
adult_drosophila_melanogaster,ventral_nerve_cord,12A,,IN12A024,"Lacin et al., 2019",FISH,3,1,0,0,0,0,0,0,0,0,0
adult_drosophila_melanogaster,ventral_nerve_cord,12A,,IN12A025,"Lacin et al., 2019",FISH,3,1,0,0,0,0,0,0,0,0,0
adult_drosophila_melanogaster,ventral_nerve_cord,12A,,IN12A026,"Lacin et al., 2019",FISH,3,1,0,0,0,0,0,0,0,0,0
adult_drosophila_melanogaster,ventral_nerve_cord,12A,,IN12A027,"Lacin et al., 2019",FISH,3,1,0,0,0,0,0,0,0,0,0
adult_drosophila_melanogaster,ventral_nerve_cord,12A,,IN12A029,"Lacin et al., 2019",FISH,3,1,0,0,0,0,0,0,0,0,0
adult_drosophila_melanogaster,ventral_nerve_cord,12A,,IN12A030,"Lacin et al., 2019",FISH,3,1,0,0,0,0,0,0,0,0,0
adult_drosophila_melanogaster,ventral_nerve_cord,12A,,IN12A031,"Lacin et al., 2019",FISH,3,1,0,0,0,0,0,0,0,0,0
adult_drosophila_melanogaster,ventral_nerve_cord,12A,,IN12A034,"Lacin et al., 2019",FISH,3,1,0,0,0,0,0,0,0,0,0
adult_drosophila_melanogaster,ventral_nerve_cord,12A,,IN12A035,"Lacin et al., 2019",FISH,3,1,0,0,0,0,0,0,0,0,0
adult_drosophila_melanogaster,ventral_nerve_cord,12A,,IN12A036,"Lacin et al., 2019",FISH,3,1,0,0,0,0,0,0,0,0,0
adult_drosophila_melanogaster,ventral_nerve_cord,12A,,IN12A037,"Lacin et al., 2019",FISH,3,1,0,0,0,0,0,0,0,0,0
adult_drosophila_melanogaster,ventral_nerve_cord,12A,,IN12A039,"Lacin et al., 2019",FISH,3,1,0,0,0,0,0,0,0,0,0
adult_drosophila_melanogaster,ventral_nerve_cord,12A,,IN12A041,"Lacin et al., 2019",FISH,3,1,0,0,0,0,0,0,0,0,0
adult_drosophila_melanogaster,ventral_nerve_cord,12A,,IN12A042,"Lacin et al., 2019",FISH,3,1,0,0,0,0,0,0,0,0,0
adult_drosophila_melanogaster,ventral_nerve_cord,12A,,IN12A043,"Lacin et al., 2019",FISH,3,1,0,0,0,0,0,0,0,0,0
adult_drosophila_melanogaster,ventral_nerve_cord,12A,,IN12A044,"Lacin et al., 2019",FISH,3,1,0,0,0,0,0,0,0,0,0
adult_drosophila_melanogaster,ventral_nerve_cord,12A,,IN12A046,"Lacin et al., 2019",FISH,3,1,0,0,0,0,0,0,0,0,0
adult_drosophila_melanogaster,ventral_nerve_cord,12A,,IN12A047,"Lacin et al., 2019",FISH,3,1,0,0,0,0,0,0,0,0,0
adult_drosophila_melanogaster,ventral_nerve_cord,12A,,IN12A048,"Lacin et al., 2019",FISH,3,1,0,0,0,0,0,0,0,0,0
adult_drosophila_melanogaster,ventral_nerve_cord,12A,,IN12A050,"Lacin et al., 2019",FISH,3,1,0,0,0,0,0,0,0,0,0
adult_drosophila_melanogaster,ventral_nerve_cord,12A,,IN12A051,"Lacin et al., 2019",FISH,3,1,0,0,0,0,0,0,0,0,0
adult_drosophila_melanogaster,ventral_nerve_cord,12A,,IN12A052,"Lacin et al., 2019",FISH,3,1,0,0,0,0,0,0,0,0,0
adult_drosophila_melanogaster,ventral_nerve_cord,12A,,IN12A053,"Lacin et al., 2019",FISH,3,1,0,0,0,0,0,0,0,0,0
adult_drosophila_melanogaster,ventral_nerve_cord,12A,,IN12A054,"Lacin et al., 2019",FISH,3,1,0,0,0,0,0,0,0,0,0
adult_drosophila_melanogaster,ventral_nerve_cord,12A,,IN12A055,"Lacin et al., 2019",FISH,3,1,0,0,0,0,0,0,0,0,0
adult_drosophila_melanogaster,ventral_nerve_cord,12A,,IN12A056,"Lacin et al., 2019",FISH,3,1,0,0,0,0,0,0,0,0,0
adult_drosophila_melanogaster,ventral_nerve_cord,12A,,IN12A057,"Lacin et al., 2019",FISH,3,1,0,0,0,0,0,0,0,0,0
adult_drosophila_melanogaster,ventral_nerve_cord,12A,,IN12A058,"Lacin et al., 2019",FISH,3,1,0,0,0,0,0,0,0,0,0
adult_drosophila_melanogaster,ventral_nerve_cord,12A,,IN12A059,"Lacin et al., 2019",FISH,3,1,0,0,0,0,0,0,0,0,0
adult_drosophila_melanogaster,ventral_nerve_cord,12A,,IN12A060,"Lacin et al., 2019",FISH,3,1,0,0,0,0,0,0,0,0,0
adult_drosophila_melanogaster,ventral_nerve_cord,12A,,IN12A061,"Lacin et al., 2019",FISH,3,1,0,0,0,0,0,0,0,0,0
adult_drosophila_melanogaster,ventral_nerve_cord,12A,,IN12A062,"Lacin et al., 2019",FISH,3,1,0,0,0,0,0,0,0,0,0
adult_drosophila_melanogaster,ventral_nerve_cord,12A,,IN12A063,"Lacin et al., 2019",FISH,3,1,0,0,0,0,0,0,0,0,0
adult_drosophila_melanogaster,ventral_nerve_cord,12A,,IN12A064,"Lacin et al., 2019",FISH,3,1,0,0,0,0,0,0,0,0,0
adult_drosophila_melanogaster,ventral_nerve_cord,12B,,IN12B002,"Lacin et al., 2019",FISH,3,0,0,1,0,0,0,0,0,0,0
adult_drosophila_melanogaster,ventral_nerve_cord,12B,,IN12B003,"Lacin et al., 2019",FISH,3,0,0,1,0,0,0,0,0,0,0
adult_drosophila_melanogaster,ventral_nerve_cord,12B,,IN12B004,"Lacin et al., 2019",FISH,3,0,0,1,0,0,0,0,0,0,0
adult_drosophila_melanogaster,ventral_nerve_cord,12B,,IN12B005,"Lacin et al., 2019",FISH,3,0,0,1,0,0,0,0,0,0,0
adult_drosophila_melanogaster,ventral_nerve_cord,12B,,IN12B007,"Lacin et al., 2019",FISH,3,0,0,1,0,0,0,0,0,0,0
adult_drosophila_melanogaster,ventral_nerve_cord,12B,,IN12B009,"Lacin et al., 2019",FISH,3,0,0,1,0,0,0,0,0,0,0
adult_drosophila_melanogaster,ventral_nerve_cord,12B,,IN12B010,"Lacin et al., 2019",FISH,3,0,0,1,0,0,0,0,0,0,0
adult_drosophila_melanogaster,ventral_nerve_cord,12B,,IN12B011,"Lacin et al., 2019",FISH,3,0,0,1,0,0,0,0,0,0,0
adult_drosophila_melanogaster,ventral_nerve_cord,12B,,IN12B012,"Lacin et al., 2019",FISH,3,0,0,1,0,0,0,0,0,0,0
adult_drosophila_melanogaster,ventral_nerve_cord,12B,,IN12B013,"Lacin et al., 2019",FISH,3,0,0,1,0,0,0,0,0,0,0
adult_drosophila_melanogaster,ventral_nerve_cord,12B,,IN12B014,"Lacin et al., 2019",FISH,3,0,0,1,0,0,0,0,0,0,0
adult_drosophila_melanogaster,ventral_nerve_cord,12B,,IN12B015,"Lacin et al., 2019",FISH,3,0,0,1,0,0,0,0,0,0,0
adult_drosophila_melanogaster,ventral_nerve_cord,12B,,IN12B016,"Lacin et al., 2019",FISH,3,0,0,1,0,0,0,0,0,0,0
adult_drosophila_melanogaster,ventral_nerve_cord,12B,,IN12B018,"Lacin et al., 2019",FISH,3,0,0,1,0,0,0,0,0,0,0
adult_drosophila_melanogaster,ventral_nerve_cord,12B,,IN12B020,"Lacin et al., 2019",FISH,3,0,0,1,0,0,0,0,0,0,0
adult_drosophila_melanogaster,ventral_nerve_cord,12B,,IN12B021,"Lacin et al., 2019",FISH,3,0,0,1,0,0,0,0,0,0,0
adult_drosophila_melanogaster,ventral_nerve_cord,12B,,IN12B022,"Lacin et al., 2019",FISH,3,0,0,1,0,0,0,0,0,0,0
adult_drosophila_melanogaster,ventral_nerve_cord,12B,,IN12B023,"Lacin et al., 2019",FISH,3,0,0,1,0,0,0,0,0,0,0
adult_drosophila_melanogaster,ventral_nerve_cord,12B,,IN12B024,"Lacin et al., 2019",FISH,3,0,0,1,0,0,0,0,0,0,0
adult_drosophila_melanogaster,ventral_nerve_cord,12B,,IN12B025,"Lacin et al., 2019",FISH,3,0,0,1,0,0,0,0,0,0,0
adult_drosophila_melanogaster,ventral_nerve_cord,12B,,IN12B026,"Lacin et al., 2019",FISH,3,0,0,1,0,0,0,0,0,0,0
adult_drosophila_melanogaster,ventral_nerve_cord,12B,,IN12B027,"Lacin et al., 2019",FISH,3,0,0,1,0,0,0,0,0,0,0
adult_drosophila_melanogaster,ventral_nerve_cord,12B,,IN12B028,"Lacin et al., 2019",FISH,3,0,0,1,0,0,0,0,0,0,0
adult_drosophila_melanogaster,ventral_nerve_cord,12B,,IN12B029,"Lacin et al., 2019",FISH,3,0,0,1,0,0,0,0,0,0,0
adult_drosophila_melanogaster,ventral_nerve_cord,12B,,IN12B030,"Lacin et al., 2019",FISH,3,0,0,1,0,0,0,0,0,0,0
adult_drosophila_melanogaster,ventral_nerve_cord,12B,,IN12B031,"Lacin et al., 2019",FISH,3,0,0,1,0,0,0,0,0,0,0
adult_drosophila_melanogaster,ventral_nerve_cord,12B,,IN12B032,"Lacin et al., 2019",FISH,3,0,0,1,0,0,0,0,0,0,0
adult_drosophila_melanogaster,ventral_nerve_cord,12B,,IN12B033,"Lacin et al., 2019",FISH,3,0,0,1,0,0,0,0,0,0,0
adult_drosophila_melanogaster,ventral_nerve_cord,12B,,IN12B034,"Lacin et al., 2019",FISH,3,0,0,1,0,0,0,0,0,0,0
adult_drosophila_melanogaster,ventral_nerve_cord,12B,,IN12B035,"Lacin et al., 2019",FISH,3,0,0,1,0,0,0,0,0,0,0
adult_drosophila_melanogaster,ventral_nerve_cord,12B,,IN12B036,"Lacin et al., 2019",FISH,3,0,0,1,0,0,0,0,0,0,0
adult_drosophila_melanogaster,ventral_nerve_cord,12B,,IN12B037,"Lacin et al., 2019",FISH,3,0,0,1,0,0,0,0,0,0,0
adult_drosophila_melanogaster,ventral_nerve_cord,12B,,IN12B038,"Lacin et al., 2019",FISH,3,0,0,1,0,0,0,0,0,0,0
adult_drosophila_melanogaster,ventral_nerve_cord,12B,,IN12B039,"Lacin et al., 2019",FISH,3,0,0,1,0,0,0,0,0,0,0
adult_drosophila_melanogaster,ventral_nerve_cord,12B,,IN12B040,"Lacin et al., 2019",FISH,3,0,0,1,0,0,0,0,0,0,0
adult_drosophila_melanogaster,ventral_nerve_cord,12B,,IN12B041,"Lacin et al., 2019",FISH,3,0,0,1,0,0,0,0,0,0,0
adult_drosophila_melanogaster,ventral_nerve_cord,12B,,IN12B042,"Lacin et al., 2019",FISH,3,0,0,1,0,0,0,0,0,0,0
adult_drosophila_melanogaster,ventral_nerve_cord,12B,,IN12B043,"Lacin et al., 2019",FISH,3,0,0,1,0,0,0,0,0,0,0
adult_drosophila_melanogaster,ventral_nerve_cord,12B,,IN12B044,"Lacin et al., 2019",FISH,3,0,0,1,0,0,0,0,0,0,0
adult_drosophila_melanogaster,ventral_nerve_cord,12B,,IN12B045,"Lacin et al., 2019",FISH,3,0,0,1,0,0,0,0,0,0,0
adult_drosophila_melanogaster,ventral_nerve_cord,12B,,IN12B046,"Lacin et al., 2019",FISH,3,0,0,1,0,0,0,0,0,0,0
adult_drosophila_melanogaster,ventral_nerve_cord,12B,,IN12B047,"Lacin et al., 2019",FISH,3,0,0,1,0,0,0,0,0,0,0
adult_drosophila_melanogaster,ventral_nerve_cord,12B,,IN12B048,"Lacin et al., 2019",FISH,3,0,0,1,0,0,0,0,0,0,0
adult_drosophila_melanogaster,ventral_nerve_cord,12B,,IN12B049,"Lacin et al., 2019",FISH,3,0,0,1,0,0,0,0,0,0,0
adult_drosophila_melanogaster,ventral_nerve_cord,12B,,IN12B050,"Lacin et al., 2019",FISH,3,0,0,1,0,0,0,0,0,0,0
adult_drosophila_melanogaster,ventral_nerve_cord,12B,,IN12B051,"Lacin et al., 2019",FISH,3,0,0,1,0,0,0,0,0,0,0
adult_drosophila_melanogaster,ventral_nerve_cord,12B,,IN12B052,"Lacin et al., 2019",FISH,3,0,0,1,0,0,0,0,0,0,0
adult_drosophila_melanogaster,ventral_nerve_cord,12B,,IN12B053,"Lacin et al., 2019",FISH,3,0,0,1,0,0,0,0,0,0,0
adult_drosophila_melanogaster,ventral_nerve_cord,12B,,IN12B054,"Lacin et al., 2019",FISH,3,0,0,1,0,0,0,0,0,0,0
adult_drosophila_melanogaster,ventral_nerve_cord,12B,,IN12B056,"Lacin et al., 2019",FISH,3,0,0,1,0,0,0,0,0,0,0
adult_drosophila_melanogaster,ventral_nerve_cord,12B,,IN12B057,"Lacin et al., 2019",FISH,3,0,0,1,0,0,0,0,0,0,0
adult_drosophila_melanogaster,ventral_nerve_cord,12B,,IN12B058,"Lacin et al., 2019",FISH,3,0,0,1,0,0,0,0,0,0,0
adult_drosophila_melanogaster,ventral_nerve_cord,12B,,IN12B059,"Lacin et al., 2019",FISH,3,0,0,1,0,0,0,0,0,0,0
adult_drosophila_melanogaster,ventral_nerve_cord,12B,,IN12B060,"Lacin et al., 2019",FISH,3,0,0,1,0,0,0,0,0,0,0
adult_drosophila_melanogaster,ventral_nerve_cord,12B,,IN12B061,"Lacin et al., 2019",FISH,3,0,0,1,0,0,0,0,0,0,0
adult_drosophila_melanogaster,ventral_nerve_cord,12B,,IN12B062,"Lacin et al., 2019",FISH,3,0,0,1,0,0,0,0,0,0,0
adult_drosophila_melanogaster,ventral_nerve_cord,12B,,IN12B063,"Lacin et al., 2019",FISH,3,0,0,1,0,0,0,0,0,0,0
adult_drosophila_melanogaster,ventral_nerve_cord,12B,,IN12B064,"Lacin et al., 2019",FISH,3,0,0,1,0,0,0,0,0,0,0
adult_drosophila_melanogaster,ventral_nerve_cord,12B,,IN12B065,"Lacin et al., 2019",FISH,3,0,0,1,0,0,0,0,0,0,0
adult_drosophila_melanogaster,ventral_nerve_cord,12B,,IN12B066,"Lacin et al., 2019",FISH,3,0,0,1,0,0,0,0,0,0,0
adult_drosophila_melanogaster,ventral_nerve_cord,12B,,IN12B068,"Lacin et al., 2019",FISH,3,0,0,1,0,0,0,0,0,0,0
adult_drosophila_melanogaster,ventral_nerve_cord,12B,,IN12B069,"Lacin et al., 2019",FISH,3,0,0,1,0,0,0,0,0,0,0
adult_drosophila_melanogaster,ventral_nerve_cord,12B,,IN12B070,"Lacin et al., 2019",FISH,3,0,0,1,0,0,0,0,0,0,0
adult_drosophila_melanogaster,ventral_nerve_cord,12B,,IN12B071,"Lacin et al., 2019",FISH,3,0,0,1,0,0,0,0,0,0,0
adult_drosophila_melanogaster,ventral_nerve_cord,12B,,IN12B072,"Lacin et al., 2019",FISH,3,0,0,1,0,0,0,0,0,0,0
adult_drosophila_melanogaster,ventral_nerve_cord,12B,,IN12B073,"Lacin et al., 2019",FISH,3,0,0,1,0,0,0,0,0,0,0
adult_drosophila_melanogaster,ventral_nerve_cord,12B,,IN12B074,"Lacin et al., 2019",FISH,3,0,0,1,0,0,0,0,0,0,0
adult_drosophila_melanogaster,ventral_nerve_cord,12B,,IN12B075,"Lacin et al., 2019",FISH,3,0,0,1,0,0,0,0,0,0,0
adult_drosophila_melanogaster,ventral_nerve_cord,12B,,IN12B077,"Lacin et al., 2019",FISH,3,0,0,1,0,0,0,0,0,0,0
adult_drosophila_melanogaster,ventral_nerve_cord,12B,,IN12B078,"Lacin et al., 2019",FISH,3,0,0,1,0,0,0,0,0,0,0
adult_drosophila_melanogaster,ventral_nerve_cord,12B,,IN12B079,"Lacin et al., 2019",FISH,3,0,0,1,0,0,0,0,0,0,0
adult_drosophila_melanogaster,ventral_nerve_cord,12B,,IN12B081,"Lacin et al., 2019",FISH,3,0,0,1,0,0,0,0,0,0,0
adult_drosophila_melanogaster,ventral_nerve_cord,12B,,IN12B082,"Lacin et al., 2019",FISH,3,0,0,1,0,0,0,0,0,0,0
adult_drosophila_melanogaster,ventral_nerve_cord,12B,,IN12B083,"Lacin et al., 2019",FISH,3,0,0,1,0,0,0,0,0,0,0
adult_drosophila_melanogaster,ventral_nerve_cord,12B,,IN12B084,"Lacin et al., 2019",FISH,3,0,0,1,0,0,0,0,0,0,0
adult_drosophila_melanogaster,ventral_nerve_cord,12B,,IN12B085,"Lacin et al., 2019",FISH,3,0,0,1,0,0,0,0,0,0,0
adult_drosophila_melanogaster,ventral_nerve_cord,12B,,IN12B086,"Lacin et al., 2019",FISH,3,0,0,1,0,0,0,0,0,0,0
adult_drosophila_melanogaster,ventral_nerve_cord,12B,,IN12B087,"Lacin et al., 2019",FISH,3,0,0,1,0,0,0,0,0,0,0
adult_drosophila_melanogaster,ventral_nerve_cord,12B,,IN12B088,"Lacin et al., 2019",FISH,3,0,0,1,0,0,0,0,0,0,0
adult_drosophila_melanogaster,ventral_nerve_cord,12B,,IN12B090,"Lacin et al., 2019",FISH,3,0,0,1,0,0,0,0,0,0,0
adult_drosophila_melanogaster,ventral_nerve_cord,12B,,IN12B091,"Lacin et al., 2019",FISH,3,0,0,1,0,0,0,0,0,0,0
adult_drosophila_melanogaster,ventral_nerve_cord,13A,,IN13A001,"Lacin et al., 2019",FISH,3,0,0,1,0,0,0,0,0,0,0
adult_drosophila_melanogaster,ventral_nerve_cord,13A,,IN13A002,"Lacin et al., 2019",FISH,3,0,0,1,0,0,0,0,0,0,0
adult_drosophila_melanogaster,ventral_nerve_cord,13A,,IN13A003,"Lacin et al., 2019",FISH,3,0,0,1,0,0,0,0,0,0,0
adult_drosophila_melanogaster,ventral_nerve_cord,13A,,IN13A004,"Lacin et al., 2019",FISH,3,0,0,1,0,0,0,0,0,0,0
adult_drosophila_melanogaster,ventral_nerve_cord,13A,,IN13A005,"Lacin et al., 2019",FISH,3,0,0,1,0,0,0,0,0,0,0
adult_drosophila_melanogaster,ventral_nerve_cord,13A,,IN13A006,"Lacin et al., 2019",FISH,3,0,0,1,0,0,0,0,0,0,0
adult_drosophila_melanogaster,ventral_nerve_cord,13A,,IN13A007,"Lacin et al., 2019",FISH,3,0,0,1,0,0,0,0,0,0,0
adult_drosophila_melanogaster,ventral_nerve_cord,13A,,IN13A008,"Lacin et al., 2019",FISH,3,0,0,1,0,0,0,0,0,0,0
adult_drosophila_melanogaster,ventral_nerve_cord,13A,,IN13A009,"Lacin et al., 2019",FISH,3,0,0,1,0,0,0,0,0,0,0
adult_drosophila_melanogaster,ventral_nerve_cord,13A,,IN13A010,"Lacin et al., 2019",FISH,3,0,0,1,0,0,0,0,0,0,0
adult_drosophila_melanogaster,ventral_nerve_cord,13A,,IN13A011,"Lacin et al., 2019",FISH,3,0,0,1,0,0,0,0,0,0,0
adult_drosophila_melanogaster,ventral_nerve_cord,13A,,IN13A012,"Lacin et al., 2019",FISH,3,0,0,1,0,0,0,0,0,0,0
adult_drosophila_melanogaster,ventral_nerve_cord,13A,,IN13A013,"Lacin et al., 2019",FISH,3,0,0,1,0,0,0,0,0,0,0
adult_drosophila_melanogaster,ventral_nerve_cord,13A,,IN13A014,"Lacin et al., 2019",FISH,3,0,0,1,0,0,0,0,0,0,0
adult_drosophila_melanogaster,ventral_nerve_cord,13A,,IN13A015,"Lacin et al., 2019",FISH,3,0,0,1,0,0,0,0,0,0,0
adult_drosophila_melanogaster,ventral_nerve_cord,13A,,IN13A017,"Lacin et al., 2019",FISH,3,0,0,1,0,0,0,0,0,0,0
adult_drosophila_melanogaster,ventral_nerve_cord,13A,,IN13A018,"Lacin et al., 2019",FISH,3,0,0,1,0,0,0,0,0,0,0
adult_drosophila_melanogaster,ventral_nerve_cord,13A,,IN13A019,"Lacin et al., 2019",FISH,3,0,0,1,0,0,0,0,0,0,0
adult_drosophila_melanogaster,ventral_nerve_cord,13A,,IN13A020,"Lacin et al., 2019",FISH,3,0,0,1,0,0,0,0,0,0,0
adult_drosophila_melanogaster,ventral_nerve_cord,13A,,IN13A021,"Lacin et al., 2019",FISH,3,0,0,1,0,0,0,0,0,0,0
adult_drosophila_melanogaster,ventral_nerve_cord,13A,,IN13A022,"Lacin et al., 2019",FISH,3,0,0,1,0,0,0,0,0,0,0
adult_drosophila_melanogaster,ventral_nerve_cord,13A,,IN13A023,"Lacin et al., 2019",FISH,3,0,0,1,0,0,0,0,0,0,0
adult_drosophila_melanogaster,ventral_nerve_cord,13A,,IN13A024,"Lacin et al., 2019",FISH,3,0,0,1,0,0,0,0,0,0,0
adult_drosophila_melanogaster,ventral_nerve_cord,13A,,IN13A025,"Lacin et al., 2019",FISH,3,0,0,1,0,0,0,0,0,0,0
adult_drosophila_melanogaster,ventral_nerve_cord,13A,,IN13A026,"Lacin et al., 2019",FISH,3,0,0,1,0,0,0,0,0,0,0
adult_drosophila_melanogaster,ventral_nerve_cord,13A,,IN13A027,"Lacin et al., 2019",FISH,3,0,0,1,0,0,0,0,0,0,0
adult_drosophila_melanogaster,ventral_nerve_cord,13A,,IN13A028,"Lacin et al., 2019",FISH,3,0,0,1,0,0,0,0,0,0,0
adult_drosophila_melanogaster,ventral_nerve_cord,13A,,IN13A029,"Lacin et al., 2019",FISH,3,0,0,1,0,0,0,0,0,0,0
adult_drosophila_melanogaster,ventral_nerve_cord,13A,,IN13A030,"Lacin et al., 2019",FISH,3,0,0,1,0,0,0,0,0,0,0
adult_drosophila_melanogaster,ventral_nerve_cord,13A,,IN13A031,"Lacin et al., 2019",FISH,3,0,0,1,0,0,0,0,0,0,0
adult_drosophila_melanogaster,ventral_nerve_cord,13A,,IN13A032,"Lacin et al., 2019",FISH,3,0,0,1,0,0,0,0,0,0,0
adult_drosophila_melanogaster,ventral_nerve_cord,13A,,IN13A033,"Lacin et al., 2019",FISH,3,0,0,1,0,0,0,0,0,0,0
adult_drosophila_melanogaster,ventral_nerve_cord,13A,,IN13A034,"Lacin et al., 2019",FISH,3,0,0,1,0,0,0,0,0,0,0
adult_drosophila_melanogaster,ventral_nerve_cord,13A,,IN13A035,"Lacin et al., 2019",FISH,3,0,0,1,0,0,0,0,0,0,0
adult_drosophila_melanogaster,ventral_nerve_cord,13A,,IN13A036,"Lacin et al., 2019",FISH,3,0,0,1,0,0,0,0,0,0,0
adult_drosophila_melanogaster,ventral_nerve_cord,13A,,IN13A037,"Lacin et al., 2019",FISH,3,0,0,1,0,0,0,0,0,0,0
adult_drosophila_melanogaster,ventral_nerve_cord,13A,,IN13A038,"Lacin et al., 2019",FISH,3,0,0,1,0,0,0,0,0,0,0
adult_drosophila_melanogaster,ventral_nerve_cord,13A,,IN13A039,"Lacin et al., 2019",FISH,3,0,0,1,0,0,0,0,0,0,0
adult_drosophila_melanogaster,ventral_nerve_cord,13A,,IN13A040,"Lacin et al., 2019",FISH,3,0,0,1,0,0,0,0,0,0,0
adult_drosophila_melanogaster,ventral_nerve_cord,13A,,IN13A041,"Lacin et al., 2019",FISH,3,0,0,1,0,0,0,0,0,0,0
adult_drosophila_melanogaster,ventral_nerve_cord,13A,,IN13A042,"Lacin et al., 2019",FISH,3,0,0,1,0,0,0,0,0,0,0
adult_drosophila_melanogaster,ventral_nerve_cord,13A,,IN13A043,"Lacin et al., 2019",FISH,3,0,0,1,0,0,0,0,0,0,0
adult_drosophila_melanogaster,ventral_nerve_cord,13A,,IN13A044,"Lacin et al., 2019",FISH,3,0,0,1,0,0,0,0,0,0,0
adult_drosophila_melanogaster,ventral_nerve_cord,13A,,IN13A045,"Lacin et al., 2019",FISH,3,0,0,1,0,0,0,0,0,0,0
adult_drosophila_melanogaster,ventral_nerve_cord,13A,,IN13A046,"Lacin et al., 2019",FISH,3,0,0,1,0,0,0,0,0,0,0
adult_drosophila_melanogaster,ventral_nerve_cord,13A,,IN13A047,"Lacin et al., 2019",FISH,3,0,0,1,0,0,0,0,0,0,0
adult_drosophila_melanogaster,ventral_nerve_cord,13A,,IN13A049,"Lacin et al., 2019",FISH,3,0,0,1,0,0,0,0,0,0,0
adult_drosophila_melanogaster,ventral_nerve_cord,13A,,IN13A050,"Lacin et al., 2019",FISH,3,0,0,1,0,0,0,0,0,0,0
adult_drosophila_melanogaster,ventral_nerve_cord,13A,,IN13A051,"Lacin et al., 2019",FISH,3,0,0,1,0,0,0,0,0,0,0
adult_drosophila_melanogaster,ventral_nerve_cord,13A,,IN13A052,"Lacin et al., 2019",FISH,3,0,0,1,0,0,0,0,0,0,0
adult_drosophila_melanogaster,ventral_nerve_cord,13A,,IN13A053,"Lacin et al., 2019",FISH,3,0,0,1,0,0,0,0,0,0,0
adult_drosophila_melanogaster,ventral_nerve_cord,13A,,IN13A054,"Lacin et al., 2019",FISH,3,0,0,1,0,0,0,0,0,0,0
adult_drosophila_melanogaster,ventral_nerve_cord,13A,,IN13A055,"Lacin et al., 2019",FISH,3,0,0,1,0,0,0,0,0,0,0
adult_drosophila_melanogaster,ventral_nerve_cord,13A,,IN13A056,"Lacin et al., 2019",FISH,3,0,0,1,0,0,0,0,0,0,0
adult_drosophila_melanogaster,ventral_nerve_cord,13A,,IN13A057,"Lacin et al., 2019",FISH,3,0,0,1,0,0,0,0,0,0,0
adult_drosophila_melanogaster,ventral_nerve_cord,13A,,IN13A058,"Lacin et al., 2019",FISH,3,0,0,1,0,0,0,0,0,0,0
adult_drosophila_melanogaster,ventral_nerve_cord,13A,,IN13A059,"Lacin et al., 2019",FISH,3,0,0,1,0,0,0,0,0,0,0
adult_drosophila_melanogaster,ventral_nerve_cord,13A,,IN13A060,"Lacin et al., 2019",FISH,3,0,0,1,0,0,0,0,0,0,0
adult_drosophila_melanogaster,ventral_nerve_cord,13A,,IN13A061,"Lacin et al., 2019",FISH,3,0,0,1,0,0,0,0,0,0,0
adult_drosophila_melanogaster,ventral_nerve_cord,13A,,IN13A062,"Lacin et al., 2019",FISH,3,0,0,1,0,0,0,0,0,0,0
adult_drosophila_melanogaster,ventral_nerve_cord,13A,,IN13A063,"Lacin et al., 2019",FISH,3,0,0,1,0,0,0,0,0,0,0
adult_drosophila_melanogaster,ventral_nerve_cord,13A,,IN13A064,"Lacin et al., 2019",FISH,3,0,0,1,0,0,0,0,0,0,0
adult_drosophila_melanogaster,ventral_nerve_cord,13A,,IN13A065,"Lacin et al., 2019",FISH,3,0,0,1,0,0,0,0,0,0,0
adult_drosophila_melanogaster,ventral_nerve_cord,13A,,IN13A067,"Lacin et al., 2019",FISH,3,0,0,1,0,0,0,0,0,0,0
adult_drosophila_melanogaster,ventral_nerve_cord,13A,,IN13A068,"Lacin et al., 2019",FISH,3,0,0,1,0,0,0,0,0,0,0
adult_drosophila_melanogaster,ventral_nerve_cord,13A,,IN13A069,"Lacin et al., 2019",FISH,3,0,0,1,0,0,0,0,0,0,0
adult_drosophila_melanogaster,ventral_nerve_cord,13A,,IN13A071,"Lacin et al., 2019",FISH,3,0,0,1,0,0,0,0,0,0,0
adult_drosophila_melanogaster,ventral_nerve_cord,13A,,IN13A072,"Lacin et al., 2019",FISH,3,0,0,1,0,0,0,0,0,0,0
adult_drosophila_melanogaster,ventral_nerve_cord,13B,,IN13B001,"Lacin et al., 2019",FISH,3,0,0,1,0,0,0,0,0,0,0
adult_drosophila_melanogaster,ventral_nerve_cord,13B,,IN13B004,"Lacin et al., 2019",FISH,3,0,0,1,0,0,0,0,0,0,0
adult_drosophila_melanogaster,ventral_nerve_cord,13B,,IN13B005,"Lacin et al., 2019",FISH,3,0,0,1,0,0,0,0,0,0,0
adult_drosophila_melanogaster,ventral_nerve_cord,13B,,IN13B006,"Lacin et al., 2019",FISH,3,0,0,1,0,0,0,0,0,0,0
adult_drosophila_melanogaster,ventral_nerve_cord,13B,,IN13B007,"Lacin et al., 2019",FISH,3,0,0,1,0,0,0,0,0,0,0
adult_drosophila_melanogaster,ventral_nerve_cord,13B,,IN13B008,"Lacin et al., 2019",FISH,3,0,0,1,0,0,0,0,0,0,0
adult_drosophila_melanogaster,ventral_nerve_cord,13B,,IN13B009,"Lacin et al., 2019",FISH,3,0,0,1,0,0,0,0,0,0,0
adult_drosophila_melanogaster,ventral_nerve_cord,13B,,IN13B010,"Lacin et al., 2019",FISH,3,0,0,1,0,0,0,0,0,0,0
adult_drosophila_melanogaster,ventral_nerve_cord,13B,,IN13B011,"Lacin et al., 2019",FISH,3,0,0,1,0,0,0,0,0,0,0
adult_drosophila_melanogaster,ventral_nerve_cord,13B,,IN13B012,"Lacin et al., 2019",FISH,3,0,0,1,0,0,0,0,0,0,0
adult_drosophila_melanogaster,ventral_nerve_cord,13B,,IN13B013,"Lacin et al., 2019",FISH,3,0,0,1,0,0,0,0,0,0,0
adult_drosophila_melanogaster,ventral_nerve_cord,13B,,IN13B014,"Lacin et al., 2019",FISH,3,0,0,1,0,0,0,0,0,0,0
adult_drosophila_melanogaster,ventral_nerve_cord,13B,,IN13B015,"Lacin et al., 2019",FISH,3,0,0,1,0,0,0,0,0,0,0
adult_drosophila_melanogaster,ventral_nerve_cord,13B,,IN13B017,"Lacin et al., 2019",FISH,3,0,0,1,0,0,0,0,0,0,0
adult_drosophila_melanogaster,ventral_nerve_cord,13B,,IN13B018,"Lacin et al., 2019",FISH,3,0,0,1,0,0,0,0,0,0,0
adult_drosophila_melanogaster,ventral_nerve_cord,13B,,IN13B019,"Lacin et al., 2019",FISH,3,0,0,1,0,0,0,0,0,0,0
adult_drosophila_melanogaster,ventral_nerve_cord,13B,,IN13B020,"Lacin et al., 2019",FISH,3,0,0,1,0,0,0,0,0,0,0
adult_drosophila_melanogaster,ventral_nerve_cord,13B,,IN13B021,"Lacin et al., 2019",FISH,3,0,0,1,0,0,0,0,0,0,0
adult_drosophila_melanogaster,ventral_nerve_cord,13B,,IN13B022,"Lacin et al., 2019",FISH,3,0,0,1,0,0,0,0,0,0,0
adult_drosophila_melanogaster,ventral_nerve_cord,13B,,IN13B023,"Lacin et al., 2019",FISH,3,0,0,1,0,0,0,0,0,0,0
adult_drosophila_melanogaster,ventral_nerve_cord,13B,,IN13B024,"Lacin et al., 2019",FISH,3,0,0,1,0,0,0,0,0,0,0
adult_drosophila_melanogaster,ventral_nerve_cord,13B,,IN13B025,"Lacin et al., 2019",FISH,3,0,0,1,0,0,0,0,0,0,0
adult_drosophila_melanogaster,ventral_nerve_cord,13B,,IN13B026,"Lacin et al., 2019",FISH,3,0,0,1,0,0,0,0,0,0,0
adult_drosophila_melanogaster,ventral_nerve_cord,13B,,IN13B027,"Lacin et al., 2019",FISH,3,0,0,1,0,0,0,0,0,0,0
adult_drosophila_melanogaster,ventral_nerve_cord,13B,,IN13B028,"Lacin et al., 2019",FISH,3,0,0,1,0,0,0,0,0,0,0
adult_drosophila_melanogaster,ventral_nerve_cord,13B,,IN13B029,"Lacin et al., 2019",FISH,3,0,0,1,0,0,0,0,0,0,0
adult_drosophila_melanogaster,ventral_nerve_cord,13B,,IN13B030,"Lacin et al., 2019",FISH,3,0,0,1,0,0,0,0,0,0,0
adult_drosophila_melanogaster,ventral_nerve_cord,13B,,IN13B031,"Lacin et al., 2019",FISH,3,0,0,1,0,0,0,0,0,0,0
adult_drosophila_melanogaster,ventral_nerve_cord,13B,,IN13B032,"Lacin et al., 2019",FISH,3,0,0,1,0,0,0,0,0,0,0
adult_drosophila_melanogaster,ventral_nerve_cord,13B,,IN13B033,"Lacin et al., 2019",FISH,3,0,0,1,0,0,0,0,0,0,0
adult_drosophila_melanogaster,ventral_nerve_cord,13B,,IN13B034,"Lacin et al., 2019",FISH,3,0,0,1,0,0,0,0,0,0,0
adult_drosophila_melanogaster,ventral_nerve_cord,13B,,IN13B035,"Lacin et al., 2019",FISH,3,0,0,1,0,0,0,0,0,0,0
adult_drosophila_melanogaster,ventral_nerve_cord,13B,,IN13B036,"Lacin et al., 2019",FISH,3,0,0,1,0,0,0,0,0,0,0
adult_drosophila_melanogaster,ventral_nerve_cord,13B,,IN13B037,"Lacin et al., 2019",FISH,3,0,0,1,0,0,0,0,0,0,0
adult_drosophila_melanogaster,ventral_nerve_cord,13B,,IN13B038,"Lacin et al., 2019",FISH,3,0,0,1,0,0,0,0,0,0,0
adult_drosophila_melanogaster,ventral_nerve_cord,13B,,IN13B039,"Lacin et al., 2019",FISH,3,0,0,1,0,0,0,0,0,0,0
adult_drosophila_melanogaster,ventral_nerve_cord,13B,,IN13B041,"Lacin et al., 2019",FISH,3,0,0,1,0,0,0,0,0,0,0
adult_drosophila_melanogaster,ventral_nerve_cord,13B,,IN13B042,"Lacin et al., 2019",FISH,3,0,0,1,0,0,0,0,0,0,0
adult_drosophila_melanogaster,ventral_nerve_cord,13B,,IN13B043,"Lacin et al., 2019",FISH,3,0,0,1,0,0,0,0,0,0,0
adult_drosophila_melanogaster,ventral_nerve_cord,13B,,IN13B044,"Lacin et al., 2019",FISH,3,0,0,1,0,0,0,0,0,0,0
adult_drosophila_melanogaster,ventral_nerve_cord,13B,,IN13B045,"Lacin et al., 2019",FISH,3,0,0,1,0,0,0,0,0,0,0
adult_drosophila_melanogaster,ventral_nerve_cord,13B,,IN13B046,"Lacin et al., 2019",FISH,3,0,0,1,0,0,0,0,0,0,0
adult_drosophila_melanogaster,ventral_nerve_cord,13B,,IN13B047,"Lacin et al., 2019",FISH,3,0,0,1,0,0,0,0,0,0,0
adult_drosophila_melanogaster,ventral_nerve_cord,13B,,IN13B048,"Lacin et al., 2019",FISH,3,0,0,1,0,0,0,0,0,0,0
adult_drosophila_melanogaster,ventral_nerve_cord,13B,,IN13B049,"Lacin et al., 2019",FISH,3,0,0,1,0,0,0,0,0,0,0
adult_drosophila_melanogaster,ventral_nerve_cord,13B,,IN13B050,"Lacin et al., 2019",FISH,3,0,0,1,0,0,0,0,0,0,0
adult_drosophila_melanogaster,ventral_nerve_cord,13B,,IN13B051,"Lacin et al., 2019",FISH,3,0,0,1,0,0,0,0,0,0,0
adult_drosophila_melanogaster,ventral_nerve_cord,13B,,IN13B052,"Lacin et al., 2019",FISH,3,0,0,1,0,0,0,0,0,0,0
adult_drosophila_melanogaster,ventral_nerve_cord,13B,,IN13B053,"Lacin et al., 2019",FISH,3,0,0,1,0,0,0,0,0,0,0
adult_drosophila_melanogaster,ventral_nerve_cord,13B,,IN13B054,"Lacin et al., 2019",FISH,3,0,0,1,0,0,0,0,0,0,0
adult_drosophila_melanogaster,ventral_nerve_cord,13B,,IN13B055,"Lacin et al., 2019",FISH,3,0,0,1,0,0,0,0,0,0,0
adult_drosophila_melanogaster,ventral_nerve_cord,13B,,IN13B056,"Lacin et al., 2019",FISH,3,0,0,1,0,0,0,0,0,0,0
adult_drosophila_melanogaster,ventral_nerve_cord,13B,,IN13B057,"Lacin et al., 2019",FISH,3,0,0,1,0,0,0,0,0,0,0
adult_drosophila_melanogaster,ventral_nerve_cord,13B,,IN13B058,"Lacin et al., 2019",FISH,3,0,0,1,0,0,0,0,0,0,0
adult_drosophila_melanogaster,ventral_nerve_cord,13B,,IN13B059,"Lacin et al., 2019",FISH,3,0,0,1,0,0,0,0,0,0,0
adult_drosophila_melanogaster,ventral_nerve_cord,13B,,IN13B060,"Lacin et al., 2019",FISH,3,0,0,1,0,0,0,0,0,0,0
adult_drosophila_melanogaster,ventral_nerve_cord,13B,,IN13B061,"Lacin et al., 2019",FISH,3,0,0,1,0,0,0,0,0,0,0
adult_drosophila_melanogaster,ventral_nerve_cord,13B,,IN13B062,"Lacin et al., 2019",FISH,3,0,0,1,0,0,0,0,0,0,0
adult_drosophila_melanogaster,ventral_nerve_cord,13B,,IN13B063,"Lacin et al., 2019",FISH,3,0,0,1,0,0,0,0,0,0,0
adult_drosophila_melanogaster,ventral_nerve_cord,13B,,IN13B064,"Lacin et al., 2019",FISH,3,0,0,1,0,0,0,0,0,0,0
adult_drosophila_melanogaster,ventral_nerve_cord,13B,,IN13B065,"Lacin et al., 2019",FISH,3,0,0,1,0,0,0,0,0,0,0
adult_drosophila_melanogaster,ventral_nerve_cord,13B,,IN13B066,"Lacin et al., 2019",FISH,3,0,0,1,0,0,0,0,0,0,0
adult_drosophila_melanogaster,ventral_nerve_cord,13B,,IN13B067,"Lacin et al., 2019",FISH,3,0,0,1,0,0,0,0,0,0,0
adult_drosophila_melanogaster,ventral_nerve_cord,13B,,IN13B068,"Lacin et al., 2019",FISH,3,0,0,1,0,0,0,0,0,0,0
adult_drosophila_melanogaster,ventral_nerve_cord,13B,,IN13B069,"Lacin et al., 2019",FISH,3,0,0,1,0,0,0,0,0,0,0
adult_drosophila_melanogaster,ventral_nerve_cord,13B,,IN13B070,"Lacin et al., 2019",FISH,3,0,0,1,0,0,0,0,0,0,0
adult_drosophila_melanogaster,ventral_nerve_cord,13B,,IN13B071,"Lacin et al., 2019",FISH,3,0,0,1,0,0,0,0,0,0,0
adult_drosophila_melanogaster,ventral_nerve_cord,13B,,IN13B072,"Lacin et al., 2019",FISH,3,0,0,1,0,0,0,0,0,0,0
adult_drosophila_melanogaster,ventral_nerve_cord,13B,,IN13B073,"Lacin et al., 2019",FISH,3,0,0,1,0,0,0,0,0,0,0
adult_drosophila_melanogaster,ventral_nerve_cord,13B,,IN13B074,"Lacin et al., 2019",FISH,3,0,0,1,0,0,0,0,0,0,0
adult_drosophila_melanogaster,ventral_nerve_cord,13B,,IN13B075,"Lacin et al., 2019",FISH,3,0,0,1,0,0,0,0,0,0,0
adult_drosophila_melanogaster,ventral_nerve_cord,13B,,IN13B076,"Lacin et al., 2019",FISH,3,0,0,1,0,0,0,0,0,0,0
adult_drosophila_melanogaster,ventral_nerve_cord,13B,,IN13B077,"Lacin et al., 2019",FISH,3,0,0,1,0,0,0,0,0,0,0
adult_drosophila_melanogaster,ventral_nerve_cord,13B,,IN13B078,"Lacin et al., 2019",FISH,3,0,0,1,0,0,0,0,0,0,0
adult_drosophila_melanogaster,ventral_nerve_cord,13B,,IN13B079,"Lacin et al., 2019",FISH,3,0,0,1,0,0,0,0,0,0,0
adult_drosophila_melanogaster,ventral_nerve_cord,13B,,IN13B080,"Lacin et al., 2019",FISH,3,0,0,1,0,0,0,0,0,0,0
adult_drosophila_melanogaster,ventral_nerve_cord,13B,,IN13B081,"Lacin et al., 2019",FISH,3,0,0,1,0,0,0,0,0,0,0
adult_drosophila_melanogaster,ventral_nerve_cord,13B,,IN13B082,"Lacin et al., 2019",FISH,3,0,0,1,0,0,0,0,0,0,0
adult_drosophila_melanogaster,ventral_nerve_cord,13B,,IN13B084,"Lacin et al., 2019",FISH,3,0,0,1,0,0,0,0,0,0,0
adult_drosophila_melanogaster,ventral_nerve_cord,13B,,IN13B085,"Lacin et al., 2019",FISH,3,0,0,1,0,0,0,0,0,0,0
adult_drosophila_melanogaster,ventral_nerve_cord,13B,,IN13B087,"Lacin et al., 2019",FISH,3,0,0,1,0,0,0,0,0,0,0
adult_drosophila_melanogaster,ventral_nerve_cord,13B,,IN13B088,"Lacin et al., 2019",FISH,3,0,0,1,0,0,0,0,0,0,0
adult_drosophila_melanogaster,ventral_nerve_cord,13B,,IN13B089,"Lacin et al., 2019",FISH,3,0,0,1,0,0,0,0,0,0,0
adult_drosophila_melanogaster,ventral_nerve_cord,13B,,IN13B090,"Lacin et al., 2019",FISH,3,0,0,1,0,0,0,0,0,0,0
adult_drosophila_melanogaster,ventral_nerve_cord,13B,,IN13B091,"Lacin et al., 2019",FISH,3,0,0,1,0,0,0,0,0,0,0
adult_drosophila_melanogaster,ventral_nerve_cord,13B,,IN13B093,"Lacin et al., 2019",FISH,3,0,0,1,0,0,0,0,0,0,0
adult_drosophila_melanogaster,ventral_nerve_cord,13B,,IN13B094,"Lacin et al., 2019",FISH,3,0,0,1,0,0,0,0,0,0,0
adult_drosophila_melanogaster,ventral_nerve_cord,13B,,IN13B095,"Lacin et al., 2019",FISH,3,0,0,1,0,0,0,0,0,0,0
adult_drosophila_melanogaster,ventral_nerve_cord,13B,,IN13B096,"Lacin et al., 2019",FISH,3,0,0,1,0,0,0,0,0,0,0
adult_drosophila_melanogaster,ventral_nerve_cord,13B,,IN13B097,"Lacin et al., 2019",FISH,3,0,0,1,0,0,0,0,0,0,0
adult_drosophila_melanogaster,ventral_nerve_cord,13B,,IN13B098,"Lacin et al., 2019",FISH,3,0,0,1,0,0,0,0,0,0,0
adult_drosophila_melanogaster,ventral_nerve_cord,13B,,IN13B099,"Lacin et al., 2019",FISH,3,0,0,1,0,0,0,0,0,0,0
adult_drosophila_melanogaster,ventral_nerve_cord,13B,,IN13B100,"Lacin et al., 2019",FISH,3,0,0,1,0,0,0,0,0,0,0
adult_drosophila_melanogaster,ventral_nerve_cord,13B,,IN13B101,"Lacin et al., 2019",FISH,3,0,0,1,0,0,0,0,0,0,0
adult_drosophila_melanogaster,ventral_nerve_cord,13B,,IN13B102,"Lacin et al., 2019",FISH,3,0,0,1,0,0,0,0,0,0,0
adult_drosophila_melanogaster,ventral_nerve_cord,16B,,IN16B014,"Lacin et al., 2019",FISH,3,0,1,0,0,0,0,0,0,0,0
adult_drosophila_melanogaster,ventral_nerve_cord,16B,,IN16B016,"Lacin et al., 2019",FISH,3,0,1,0,0,0,0,0,0,0,0
adult_drosophila_melanogaster,ventral_nerve_cord,16B,,IN16B020,"Lacin et al., 2019",FISH,3,0,1,0,0,0,0,0,0,0,0
adult_drosophila_melanogaster,ventral_nerve_cord,16B,,IN16B022,"Lacin et al., 2019",FISH,3,0,1,0,0,0,0,0,0,0,0
adult_drosophila_melanogaster,ventral_nerve_cord,16B,,IN16B024,"Lacin et al., 2019",FISH,3,0,1,0,0,0,0,0,0,0,0
adult_drosophila_melanogaster,ventral_nerve_cord,16B,,IN16B029,"Lacin et al., 2019",FISH,3,0,1,0,0,0,0,0,0,0,0
adult_drosophila_melanogaster,ventral_nerve_cord,16B,,IN16B030,"Lacin et al., 2019",FISH,3,0,1,0,0,0,0,0,0,0,0
adult_drosophila_melanogaster,ventral_nerve_cord,16B,,IN16B032,"Lacin et al., 2019",FISH,3,0,1,0,0,0,0,0,0,0,0
adult_drosophila_melanogaster,ventral_nerve_cord,16B,,IN16B033,"Lacin et al., 2019",FISH,3,0,1,0,0,0,0,0,0,0,0
adult_drosophila_melanogaster,ventral_nerve_cord,16B,,IN16B034,"Lacin et al., 2019",FISH,3,0,1,0,0,0,0,0,0,0,0
adult_drosophila_melanogaster,ventral_nerve_cord,16B,,IN16B036,"Lacin et al., 2019",FISH,3,0,1,0,0,0,0,0,0,0,0
adult_drosophila_melanogaster,ventral_nerve_cord,16B,,IN16B037,"Lacin et al., 2019",FISH,3,0,1,0,0,0,0,0,0,0,0
adult_drosophila_melanogaster,ventral_nerve_cord,16B,,IN16B038,"Lacin et al., 2019",FISH,3,0,1,0,0,0,0,0,0,0,0
adult_drosophila_melanogaster,ventral_nerve_cord,16B,,IN16B039,"Lacin et al., 2019",FISH,3,0,1,0,0,0,0,0,0,0,0
adult_drosophila_melanogaster,ventral_nerve_cord,16B,,IN16B040,"Lacin et al., 2019",FISH,3,0,1,0,0,0,0,0,0,0,0
adult_drosophila_melanogaster,ventral_nerve_cord,16B,,IN16B041,"Lacin et al., 2019",FISH,3,0,1,0,0,0,0,0,0,0,0
adult_drosophila_melanogaster,ventral_nerve_cord,16B,,IN16B042,"Lacin et al., 2019",FISH,3,0,1,0,0,0,0,0,0,0,0
adult_drosophila_melanogaster,ventral_nerve_cord,16B,,IN16B045,"Lacin et al., 2019",FISH,3,0,1,0,0,0,0,0,0,0,0
adult_drosophila_melanogaster,ventral_nerve_cord,16B,,IN16B046,"Lacin et al., 2019",FISH,3,0,1,0,0,0,0,0,0,0,0
adult_drosophila_melanogaster,ventral_nerve_cord,16B,,IN16B047,"Lacin et al., 2019",FISH,3,0,1,0,0,0,0,0,0,0,0
adult_drosophila_melanogaster,ventral_nerve_cord,16B,,IN16B048,"Lacin et al., 2019",FISH,3,0,1,0,0,0,0,0,0,0,0
adult_drosophila_melanogaster,ventral_nerve_cord,16B,,IN16B049,"Lacin et al., 2019",FISH,3,0,1,0,0,0,0,0,0,0,0
adult_drosophila_melanogaster,ventral_nerve_cord,16B,,IN16B050,"Lacin et al., 2019",FISH,3,0,1,0,0,0,0,0,0,0,0
adult_drosophila_melanogaster,ventral_nerve_cord,16B,,IN16B051,"Lacin et al., 2019",FISH,3,0,1,0,0,0,0,0,0,0,0
adult_drosophila_melanogaster,ventral_nerve_cord,16B,,IN16B052,"Lacin et al., 2019",FISH,3,0,1,0,0,0,0,0,0,0,0
adult_drosophila_melanogaster,ventral_nerve_cord,16B,,IN16B053,"Lacin et al., 2019",FISH,3,0,1,0,0,0,0,0,0,0,0
adult_drosophila_melanogaster,ventral_nerve_cord,16B,,IN16B054,"Lacin et al., 2019",FISH,3,0,1,0,0,0,0,0,0,0,0
adult_drosophila_melanogaster,ventral_nerve_cord,16B,,IN16B055,"Lacin et al., 2019",FISH,3,0,1,0,0,0,0,0,0,0,0
adult_drosophila_melanogaster,ventral_nerve_cord,16B,,IN16B056,"Lacin et al., 2019",FISH,3,0,1,0,0,0,0,0,0,0,0
adult_drosophila_melanogaster,ventral_nerve_cord,16B,,IN16B057,"Lacin et al., 2019",FISH,3,0,1,0,0,0,0,0,0,0,0
adult_drosophila_melanogaster,ventral_nerve_cord,16B,,IN16B058,"Lacin et al., 2019",FISH,3,0,1,0,0,0,0,0,0,0,0
adult_drosophila_melanogaster,ventral_nerve_cord,16B,,IN16B059,"Lacin et al., 2019",FISH,3,0,1,0,0,0,0,0,0,0,0
adult_drosophila_melanogaster,ventral_nerve_cord,16B,,IN16B060,"Lacin et al., 2019",FISH,3,0,1,0,0,0,0,0,0,0,0
adult_drosophila_melanogaster,ventral_nerve_cord,16B,,IN16B061,"Lacin et al., 2019",FISH,3,0,1,0,0,0,0,0,0,0,0
adult_drosophila_melanogaster,ventral_nerve_cord,16B,,IN16B062,"Lacin et al., 2019",FISH,3,0,1,0,0,0,0,0,0,0,0
adult_drosophila_melanogaster,ventral_nerve_cord,16B,,IN16B063,"Lacin et al., 2019",FISH,3,0,1,0,0,0,0,0,0,0,0
adult_drosophila_melanogaster,ventral_nerve_cord,16B,,IN16B064,"Lacin et al., 2019",FISH,3,0,1,0,0,0,0,0,0,0,0
adult_drosophila_melanogaster,ventral_nerve_cord,16B,,IN16B065,"Lacin et al., 2019",FISH,3,0,1,0,0,0,0,0,0,0,0
adult_drosophila_melanogaster,ventral_nerve_cord,16B,,IN16B066,"Lacin et al., 2019",FISH,3,0,1,0,0,0,0,0,0,0,0
adult_drosophila_melanogaster,ventral_nerve_cord,16B,,IN16B067,"Lacin et al., 2019",FISH,3,0,1,0,0,0,0,0,0,0,0
adult_drosophila_melanogaster,ventral_nerve_cord,16B,,IN16B068,"Lacin et al., 2019",FISH,3,0,1,0,0,0,0,0,0,0,0
adult_drosophila_melanogaster,ventral_nerve_cord,16B,,IN16B069,"Lacin et al., 2019",FISH,3,0,1,0,0,0,0,0,0,0,0
adult_drosophila_melanogaster,ventral_nerve_cord,16B,,IN16B070,"Lacin et al., 2019",FISH,3,0,1,0,0,0,0,0,0,0,0
adult_drosophila_melanogaster,ventral_nerve_cord,16B,,IN16B071,"Lacin et al., 2019",FISH,3,0,1,0,0,0,0,0,0,0,0
adult_drosophila_melanogaster,ventral_nerve_cord,16B,,IN16B072,"Lacin et al., 2019",FISH,3,0,1,0,0,0,0,0,0,0,0
adult_drosophila_melanogaster,ventral_nerve_cord,16B,,IN16B073,"Lacin et al., 2019",FISH,3,0,1,0,0,0,0,0,0,0,0
adult_drosophila_melanogaster,ventral_nerve_cord,16B,,IN16B074,"Lacin et al., 2019",FISH,3,0,1,0,0,0,0,0,0,0,0
adult_drosophila_melanogaster,ventral_nerve_cord,16B,,IN16B075,"Lacin et al., 2019",FISH,3,0,1,0,0,0,0,0,0,0,0
adult_drosophila_melanogaster,ventral_nerve_cord,16B,,IN16B076,"Lacin et al., 2019",FISH,3,0,1,0,0,0,0,0,0,0,0
adult_drosophila_melanogaster,ventral_nerve_cord,16B,,IN16B077,"Lacin et al., 2019",FISH,3,0,1,0,0,0,0,0,0,0,0
adult_drosophila_melanogaster,ventral_nerve_cord,16B,,IN16B079,"Lacin et al., 2019",FISH,3,0,1,0,0,0,0,0,0,0,0
adult_drosophila_melanogaster,ventral_nerve_cord,16B,,IN16B080,"Lacin et al., 2019",FISH,3,0,1,0,0,0,0,0,0,0,0
adult_drosophila_melanogaster,ventral_nerve_cord,16B,,IN16B082,"Lacin et al., 2019",FISH,3,0,1,0,0,0,0,0,0,0,0
adult_drosophila_melanogaster,ventral_nerve_cord,16B,,IN16B083,"Lacin et al., 2019",FISH,3,0,1,0,0,0,0,0,0,0,0
adult_drosophila_melanogaster,ventral_nerve_cord,16B,,IN16B084,"Lacin et al., 2019",FISH,3,0,1,0,0,0,0,0,0,0,0
adult_drosophila_melanogaster,ventral_nerve_cord,16B,,IN16B085,"Lacin et al., 2019",FISH,3,0,1,0,0,0,0,0,0,0,0
adult_drosophila_melanogaster,ventral_nerve_cord,16B,,IN16B086,"Lacin et al., 2019",FISH,3,0,1,0,0,0,0,0,0,0,0
adult_drosophila_melanogaster,ventral_nerve_cord,16B,,IN16B087,"Lacin et al., 2019",FISH,3,0,1,0,0,0,0,0,0,0,0
adult_drosophila_melanogaster,ventral_nerve_cord,16B,,IN16B088,"Lacin et al., 2019",FISH,3,0,1,0,0,0,0,0,0,0,0
adult_drosophila_melanogaster,ventral_nerve_cord,16B,,IN16B089,"Lacin et al., 2019",FISH,3,0,1,0,0,0,0,0,0,0,0
adult_drosophila_melanogaster,ventral_nerve_cord,16B,,IN16B090,"Lacin et al., 2019",FISH,3,0,1,0,0,0,0,0,0,0,0
adult_drosophila_melanogaster,ventral_nerve_cord,16B,,IN16B091,"Lacin et al., 2019",FISH,3,0,1,0,0,0,0,0,0,0,0
adult_drosophila_melanogaster,ventral_nerve_cord,16B,,IN16B092,"Lacin et al., 2019",FISH,3,0,1,0,0,0,0,0,0,0,0
adult_drosophila_melanogaster,ventral_nerve_cord,16B,,IN16B093,"Lacin et al., 2019",FISH,3,0,1,0,0,0,0,0,0,0,0
adult_drosophila_melanogaster,ventral_nerve_cord,16B,,IN16B094,"Lacin et al., 2019",FISH,3,0,1,0,0,0,0,0,0,0,0
adult_drosophila_melanogaster,ventral_nerve_cord,16B,,IN16B095,"Lacin et al., 2019",FISH,3,0,1,0,0,0,0,0,0,0,0
adult_drosophila_melanogaster,ventral_nerve_cord,16B,,IN16B096,"Lacin et al., 2019",FISH,3,0,1,0,0,0,0,0,0,0,0
adult_drosophila_melanogaster,ventral_nerve_cord,16B,,IN16B097,"Lacin et al., 2019",FISH,3,0,1,0,0,0,0,0,0,0,0
adult_drosophila_melanogaster,ventral_nerve_cord,16B,,IN16B098,"Lacin et al., 2019",FISH,3,0,1,0,0,0,0,0,0,0,0
adult_drosophila_melanogaster,ventral_nerve_cord,16B,,IN16B099,"Lacin et al., 2019",FISH,3,0,1,0,0,0,0,0,0,0,0
adult_drosophila_melanogaster,ventral_nerve_cord,16B,,IN16B100,"Lacin et al., 2019",FISH,3,0,1,0,0,0,0,0,0,0,0
adult_drosophila_melanogaster,ventral_nerve_cord,16B,,IN16B101,"Lacin et al., 2019",FISH,3,0,1,0,0,0,0,0,0,0,0
adult_drosophila_melanogaster,ventral_nerve_cord,16B,,IN16B102,"Lacin et al., 2019",FISH,3,0,1,0,0,0,0,0,0,0,0
adult_drosophila_melanogaster,ventral_nerve_cord,16B,,IN16B103,"Lacin et al., 2019",FISH,3,0,1,0,0,0,0,0,0,0,0
adult_drosophila_melanogaster,ventral_nerve_cord,16B,,IN16B104,"Lacin et al., 2019",FISH,3,0,1,0,0,0,0,0,0,0,0
adult_drosophila_melanogaster,ventral_nerve_cord,16B,,IN16B105,"Lacin et al., 2019",FISH,3,0,1,0,0,0,0,0,0,0,0
adult_drosophila_melanogaster,ventral_nerve_cord,16B,,IN16B106,"Lacin et al., 2019",FISH,3,0,1,0,0,0,0,0,0,0,0
adult_drosophila_melanogaster,ventral_nerve_cord,16B,,IN16B107,"Lacin et al., 2019",FISH,3,0,1,0,0,0,0,0,0,0,0
adult_drosophila_melanogaster,ventral_nerve_cord,16B,,IN16B108,"Lacin et al., 2019",FISH,3,0,1,0,0,0,0,0,0,0,0
adult_drosophila_melanogaster,ventral_nerve_cord,16B,,IN16B109,"Lacin et al., 2019",FISH,3,0,1,0,0,0,0,0,0,0,0
adult_drosophila_melanogaster,ventral_nerve_cord,16B,,IN16B110,"Lacin et al., 2019",FISH,3,0,1,0,0,0,0,0,0,0,0
adult_drosophila_melanogaster,ventral_nerve_cord,16B,,IN16B111,"Lacin et al., 2019",FISH,3,0,1,0,0,0,0,0,0,0,0
adult_drosophila_melanogaster,ventral_nerve_cord,16B,,IN16B113,"Lacin et al., 2019",FISH,3,0,1,0,0,0,0,0,0,0,0
adult_drosophila_melanogaster,ventral_nerve_cord,16B,,IN16B114,"Lacin et al., 2019",FISH,3,0,1,0,0,0,0,0,0,0,0
adult_drosophila_melanogaster,ventral_nerve_cord,16B,,IN16B115,"Lacin et al., 2019",FISH,3,0,1,0,0,0,0,0,0,0,0
adult_drosophila_melanogaster,ventral_nerve_cord,16B,,IN16B117,"Lacin et al., 2019",FISH,3,0,1,0,0,0,0,0,0,0,0
adult_drosophila_melanogaster,ventral_nerve_cord,16B,,IN16B118,"Lacin et al., 2019",FISH,3,0,1,0,0,0,0,0,0,0,0
adult_drosophila_melanogaster,ventral_nerve_cord,16B,,IN16B119,"Lacin et al., 2019",FISH,3,0,1,0,0,0,0,0,0,0,0
adult_drosophila_melanogaster,ventral_nerve_cord,16B,,IN16B120,"Lacin et al., 2019",FISH,3,0,1,0,0,0,0,0,0,0,0
adult_drosophila_melanogaster,ventral_nerve_cord,16B,,IN16B121,"Lacin et al., 2019",FISH,3,0,1,0,0,0,0,0,0,0,0
adult_drosophila_melanogaster,ventral_nerve_cord,16B,,IN16B122,"Lacin et al., 2019",FISH,3,0,1,0,0,0,0,0,0,0,0
adult_drosophila_melanogaster,ventral_nerve_cord,16B,,IN16B123,"Lacin et al., 2019",FISH,3,0,1,0,0,0,0,0,0,0,0
adult_drosophila_melanogaster,ventral_nerve_cord,16B,,IN16B124,"Lacin et al., 2019",FISH,3,0,1,0,0,0,0,0,0,0,0
adult_drosophila_melanogaster,ventral_nerve_cord,16B,,IN16B125,"Lacin et al., 2019",FISH,3,0,1,0,0,0,0,0,0,0,0
adult_drosophila_melanogaster,ventral_nerve_cord,17A,,IN17A001,"Lacin et al., 2019",FISH,3,1,0,0,0,0,0,0,0,0,0
adult_drosophila_melanogaster,ventral_nerve_cord,17A,,IN17A007,"Lacin et al., 2019",FISH,3,1,0,0,0,0,0,0,0,0,0
adult_drosophila_melanogaster,ventral_nerve_cord,17A,,IN17A011,"Lacin et al., 2019",FISH,3,1,0,0,0,0,0,0,0,0,0
adult_drosophila_melanogaster,ventral_nerve_cord,17A,,IN17A013,"Lacin et al., 2019",FISH,3,1,0,0,0,0,0,0,0,0,0
adult_drosophila_melanogaster,ventral_nerve_cord,17A,,IN17A016,"Lacin et al., 2019",FISH,3,1,0,0,0,0,0,0,0,0,0
adult_drosophila_melanogaster,ventral_nerve_cord,17A,,IN17A017,"Lacin et al., 2019",FISH,3,1,0,0,0,0,0,0,0,0,0
adult_drosophila_melanogaster,ventral_nerve_cord,17A,,IN17A019,"Lacin et al., 2019",FISH,3,1,0,0,0,0,0,0,0,0,0
adult_drosophila_melanogaster,ventral_nerve_cord,17A,,IN17A020,"Lacin et al., 2019",FISH,3,1,0,0,0,0,0,0,0,0,0
adult_drosophila_melanogaster,ventral_nerve_cord,17A,,IN17A022,"Lacin et al., 2019",FISH,3,1,0,0,0,0,0,0,0,0,0
adult_drosophila_melanogaster,ventral_nerve_cord,17A,,IN17A023,"Lacin et al., 2019",FISH,3,1,0,0,0,0,0,0,0,0,0
adult_drosophila_melanogaster,ventral_nerve_cord,17A,,IN17A025,"Lacin et al., 2019",FISH,3,1,0,0,0,0,0,0,0,0,0
adult_drosophila_melanogaster,ventral_nerve_cord,17A,,IN17A028,"Lacin et al., 2019",FISH,3,1,0,0,0,0,0,0,0,0,0
adult_drosophila_melanogaster,ventral_nerve_cord,17A,,IN17A029,"Lacin et al., 2019",FISH,3,1,0,0,0,0,0,0,0,0,0
adult_drosophila_melanogaster,ventral_nerve_cord,17A,,IN17A030,"Lacin et al., 2019",FISH,3,1,0,0,0,0,0,0,0,0,0
adult_drosophila_melanogaster,ventral_nerve_cord,17A,,IN17A032,"Lacin et al., 2019",FISH,3,1,0,0,0,0,0,0,0,0,0
adult_drosophila_melanogaster,ventral_nerve_cord,17A,,IN17A033,"Lacin et al., 2019",FISH,3,1,0,0,0,0,0,0,0,0,0
adult_drosophila_melanogaster,ventral_nerve_cord,17A,,IN17A035,"Lacin et al., 2019",FISH,3,1,0,0,0,0,0,0,0,0,0
adult_drosophila_melanogaster,ventral_nerve_cord,17A,,IN17A037,"Lacin et al., 2019",FISH,3,1,0,0,0,0,0,0,0,0,0
adult_drosophila_melanogaster,ventral_nerve_cord,17A,,IN17A040,"Lacin et al., 2019",FISH,3,1,0,0,0,0,0,0,0,0,0
adult_drosophila_melanogaster,ventral_nerve_cord,17A,,IN17A042,"Lacin et al., 2019",FISH,3,1,0,0,0,0,0,0,0,0,0
adult_drosophila_melanogaster,ventral_nerve_cord,17A,,IN17A043,"Lacin et al., 2019",FISH,3,1,0,0,0,0,0,0,0,0,0
adult_drosophila_melanogaster,ventral_nerve_cord,17A,,IN17A044,"Lacin et al., 2019",FISH,3,1,0,0,0,0,0,0,0,0,0
adult_drosophila_melanogaster,ventral_nerve_cord,17A,,IN17A045,"Lacin et al., 2019",FISH,3,1,0,0,0,0,0,0,0,0,0
adult_drosophila_melanogaster,ventral_nerve_cord,17A,,IN17A046,"Lacin et al., 2019",FISH,3,1,0,0,0,0,0,0,0,0,0
adult_drosophila_melanogaster,ventral_nerve_cord,17A,,IN17A048,"Lacin et al., 2019",FISH,3,1,0,0,0,0,0,0,0,0,0
adult_drosophila_melanogaster,ventral_nerve_cord,17A,,IN17A049,"Lacin et al., 2019",FISH,3,1,0,0,0,0,0,0,0,0,0
adult_drosophila_melanogaster,ventral_nerve_cord,17A,,IN17A051,"Lacin et al., 2019",FISH,3,1,0,0,0,0,0,0,0,0,0
adult_drosophila_melanogaster,ventral_nerve_cord,17A,,IN17A052,"Lacin et al., 2019",FISH,3,1,0,0,0,0,0,0,0,0,0
adult_drosophila_melanogaster,ventral_nerve_cord,17A,,IN17A053,"Lacin et al., 2019",FISH,3,1,0,0,0,0,0,0,0,0,0
adult_drosophila_melanogaster,ventral_nerve_cord,17A,,IN17A055,"Lacin et al., 2019",FISH,3,1,0,0,0,0,0,0,0,0,0
adult_drosophila_melanogaster,ventral_nerve_cord,17A,,IN17A056,"Lacin et al., 2019",FISH,3,1,0,0,0,0,0,0,0,0,0
adult_drosophila_melanogaster,ventral_nerve_cord,17A,,IN17A057,"Lacin et al., 2019",FISH,3,1,0,0,0,0,0,0,0,0,0
adult_drosophila_melanogaster,ventral_nerve_cord,17A,,IN17A058,"Lacin et al., 2019",FISH,3,1,0,0,0,0,0,0,0,0,0
adult_drosophila_melanogaster,ventral_nerve_cord,17A,,IN17A059,"Lacin et al., 2019",FISH,3,1,0,0,0,0,0,0,0,0,0
adult_drosophila_melanogaster,ventral_nerve_cord,17A,,IN17A061,"Lacin et al., 2019",FISH,3,1,0,0,0,0,0,0,0,0,0
adult_drosophila_melanogaster,ventral_nerve_cord,17A,,IN17A063,"Lacin et al., 2019",FISH,3,1,0,0,0,0,0,0,0,0,0
adult_drosophila_melanogaster,ventral_nerve_cord,17A,,IN17A064,"Lacin et al., 2019",FISH,3,1,0,0,0,0,0,0,0,0,0
adult_drosophila_melanogaster,ventral_nerve_cord,17A,,IN17A065,"Lacin et al., 2019",FISH,3,1,0,0,0,0,0,0,0,0,0
adult_drosophila_melanogaster,ventral_nerve_cord,17A,,IN17A066,"Lacin et al., 2019",FISH,3,1,0,0,0,0,0,0,0,0,0
adult_drosophila_melanogaster,ventral_nerve_cord,17A,,IN17A067,"Lacin et al., 2019",FISH,3,1,0,0,0,0,0,0,0,0,0
adult_drosophila_melanogaster,ventral_nerve_cord,17A,,IN17A069,"Lacin et al., 2019",FISH,3,1,0,0,0,0,0,0,0,0,0
adult_drosophila_melanogaster,ventral_nerve_cord,17A,,IN17A071,"Lacin et al., 2019",FISH,3,1,0,0,0,0,0,0,0,0,0
adult_drosophila_melanogaster,ventral_nerve_cord,17A,,IN17A072,"Lacin et al., 2019",FISH,3,1,0,0,0,0,0,0,0,0,0
adult_drosophila_melanogaster,ventral_nerve_cord,17A,,IN17A074,"Lacin et al., 2019",FISH,3,1,0,0,0,0,0,0,0,0,0
adult_drosophila_melanogaster,ventral_nerve_cord,17A,,IN17A075,"Lacin et al., 2019",FISH,3,1,0,0,0,0,0,0,0,0,0
adult_drosophila_melanogaster,ventral_nerve_cord,17A,,IN17A077,"Lacin et al., 2019",FISH,3,1,0,0,0,0,0,0,0,0,0
adult_drosophila_melanogaster,ventral_nerve_cord,17A,,IN17A078,"Lacin et al., 2019",FISH,3,1,0,0,0,0,0,0,0,0,0
adult_drosophila_melanogaster,ventral_nerve_cord,17A,,IN17A079,"Lacin et al., 2019",FISH,3,1,0,0,0,0,0,0,0,0,0
adult_drosophila_melanogaster,ventral_nerve_cord,17A,,IN17A080,"Lacin et al., 2019",FISH,3,1,0,0,0,0,0,0,0,0,0
adult_drosophila_melanogaster,ventral_nerve_cord,17A,,IN17A081,"Lacin et al., 2019",FISH,3,1,0,0,0,0,0,0,0,0,0
adult_drosophila_melanogaster,ventral_nerve_cord,17A,,IN17A082,"Lacin et al., 2019",FISH,3,1,0,0,0,0,0,0,0,0,0
adult_drosophila_melanogaster,ventral_nerve_cord,17A,,IN17A083,"Lacin et al., 2019",FISH,3,1,0,0,0,0,0,0,0,0,0
adult_drosophila_melanogaster,ventral_nerve_cord,17A,,IN17A084,"Lacin et al., 2019",FISH,3,1,0,0,0,0,0,0,0,0,0
adult_drosophila_melanogaster,ventral_nerve_cord,17A,,IN17A085,"Lacin et al., 2019",FISH,3,1,0,0,0,0,0,0,0,0,0
adult_drosophila_melanogaster,ventral_nerve_cord,17A,,IN17A086,"Lacin et al., 2019",FISH,3,1,0,0,0,0,0,0,0,0,0
adult_drosophila_melanogaster,ventral_nerve_cord,17A,,IN17A087,"Lacin et al., 2019",FISH,3,1,0,0,0,0,0,0,0,0,0
adult_drosophila_melanogaster,ventral_nerve_cord,17A,,IN17A088,"Lacin et al., 2019",FISH,3,1,0,0,0,0,0,0,0,0,0
adult_drosophila_melanogaster,ventral_nerve_cord,17A,,IN17A089,"Lacin et al., 2019",FISH,3,1,0,0,0,0,0,0,0,0,0
adult_drosophila_melanogaster,ventral_nerve_cord,17A,,IN17A090,"Lacin et al., 2019",FISH,3,1,0,0,0,0,0,0,0,0,0
adult_drosophila_melanogaster,ventral_nerve_cord,17A,,IN17A091,"Lacin et al., 2019",FISH,3,1,0,0,0,0,0,0,0,0,0
adult_drosophila_melanogaster,ventral_nerve_cord,17A,,IN17A092,"Lacin et al., 2019",FISH,3,1,0,0,0,0,0,0,0,0,0
adult_drosophila_melanogaster,ventral_nerve_cord,17A,,IN17A093,"Lacin et al., 2019",FISH,3,1,0,0,0,0,0,0,0,0,0
adult_drosophila_melanogaster,ventral_nerve_cord,17A,,IN17A094,"Lacin et al., 2019",FISH,3,1,0,0,0,0,0,0,0,0,0
adult_drosophila_melanogaster,ventral_nerve_cord,17A,,IN17A095,"Lacin et al., 2019",FISH,3,1,0,0,0,0,0,0,0,0,0
adult_drosophila_melanogaster,ventral_nerve_cord,17A,,IN17A096,"Lacin et al., 2019",FISH,3,1,0,0,0,0,0,0,0,0,0
adult_drosophila_melanogaster,ventral_nerve_cord,17A,,IN17A097,"Lacin et al., 2019",FISH,3,1,0,0,0,0,0,0,0,0,0
adult_drosophila_melanogaster,ventral_nerve_cord,17A,,IN17A098,"Lacin et al., 2019",FISH,3,1,0,0,0,0,0,0,0,0,0
adult_drosophila_melanogaster,ventral_nerve_cord,17A,,IN17A099,"Lacin et al., 2019",FISH,3,1,0,0,0,0,0,0,0,0,0
adult_drosophila_melanogaster,ventral_nerve_cord,17A,,IN17A100,"Lacin et al., 2019",FISH,3,1,0,0,0,0,0,0,0,0,0
adult_drosophila_melanogaster,ventral_nerve_cord,17A,,IN17A101,"Lacin et al., 2019",FISH,3,1,0,0,0,0,0,0,0,0,0
adult_drosophila_melanogaster,ventral_nerve_cord,17A,,IN17A102,"Lacin et al., 2019",FISH,3,1,0,0,0,0,0,0,0,0,0
adult_drosophila_melanogaster,ventral_nerve_cord,17A,,IN17A103,"Lacin et al., 2019",FISH,3,1,0,0,0,0,0,0,0,0,0
adult_drosophila_melanogaster,ventral_nerve_cord,17A,,IN17A104,"Lacin et al., 2019",FISH,3,1,0,0,0,0,0,0,0,0,0
adult_drosophila_melanogaster,ventral_nerve_cord,17A,,IN17A105,"Lacin et al., 2019",FISH,3,1,0,0,0,0,0,0,0,0,0
adult_drosophila_melanogaster,ventral_nerve_cord,17A,,IN17A106,"Lacin et al., 2019",FISH,3,1,0,0,0,0,0,0,0,0,0
adult_drosophila_melanogaster,ventral_nerve_cord,17A,,IN17A107,"Lacin et al., 2019",FISH,3,1,0,0,0,0,0,0,0,0,0
adult_drosophila_melanogaster,ventral_nerve_cord,17A,,IN17A108,"Lacin et al., 2019",FISH,3,1,0,0,0,0,0,0,0,0,0
adult_drosophila_melanogaster,ventral_nerve_cord,17A,,IN17A109,"Lacin et al., 2019",FISH,3,1,0,0,0,0,0,0,0,0,0
adult_drosophila_melanogaster,ventral_nerve_cord,17A,,IN17A110,"Lacin et al., 2019",FISH,3,1,0,0,0,0,0,0,0,0,0
adult_drosophila_melanogaster,ventral_nerve_cord,17A,,IN17A111,"Lacin et al., 2019",FISH,3,1,0,0,0,0,0,0,0,0,0
adult_drosophila_melanogaster,ventral_nerve_cord,17A,,IN17A112,"Lacin et al., 2019",FISH,3,1,0,0,0,0,0,0,0,0,0
adult_drosophila_melanogaster,ventral_nerve_cord,17A,,IN17A113,"Lacin et al., 2019",FISH,3,1,0,0,0,0,0,0,0,0,0
adult_drosophila_melanogaster,ventral_nerve_cord,17A,,IN17A114,"Lacin et al., 2019",FISH,3,1,0,0,0,0,0,0,0,0,0
adult_drosophila_melanogaster,ventral_nerve_cord,17A,,IN17A115,"Lacin et al., 2019",FISH,3,1,0,0,0,0,0,0,0,0,0
adult_drosophila_melanogaster,ventral_nerve_cord,17A,,IN17A116,"Lacin et al., 2019",FISH,3,1,0,0,0,0,0,0,0,0,0
adult_drosophila_melanogaster,ventral_nerve_cord,17A,,IN17A117,"Lacin et al., 2019",FISH,3,1,0,0,0,0,0,0,0,0,0
adult_drosophila_melanogaster,ventral_nerve_cord,17A,,IN17A118,"Lacin et al., 2019",FISH,3,1,0,0,0,0,0,0,0,0,0
adult_drosophila_melanogaster,ventral_nerve_cord,17A,,IN17A119,"Lacin et al., 2019",FISH,3,1,0,0,0,0,0,0,0,0,0
adult_drosophila_melanogaster,ventral_nerve_cord,17A,,IN17A120,"Lacin et al., 2019",FISH,3,1,0,0,0,0,0,0,0,0,0
adult_drosophila_melanogaster,ventral_nerve_cord,18B,,IN18B005,"Lacin et al., 2019",FISH,3,1,0,0,0,0,0,0,0,0,0
adult_drosophila_melanogaster,ventral_nerve_cord,18B,,IN18B006,"Lacin et al., 2019",FISH,3,1,0,0,0,0,0,0,0,0,0
adult_drosophila_melanogaster,ventral_nerve_cord,18B,,IN18B008,"Lacin et al., 2019",FISH,3,1,0,0,0,0,0,0,0,0,0
adult_drosophila_melanogaster,ventral_nerve_cord,18B,,IN18B009,"Lacin et al., 2019",FISH,3,1,0,0,0,0,0,0,0,0,0
adult_drosophila_melanogaster,ventral_nerve_cord,18B,,IN18B011,"Lacin et al., 2019",FISH,3,1,0,0,0,0,0,0,0,0,0
adult_drosophila_melanogaster,ventral_nerve_cord,18B,,IN18B012,"Lacin et al., 2019",FISH,3,1,0,0,0,0,0,0,0,0,0
adult_drosophila_melanogaster,ventral_nerve_cord,18B,,IN18B013,"Lacin et al., 2019",FISH,3,1,0,0,0,0,0,0,0,0,0
adult_drosophila_melanogaster,ventral_nerve_cord,18B,,IN18B014,"Lacin et al., 2019",FISH,3,1,0,0,0,0,0,0,0,0,0
adult_drosophila_melanogaster,ventral_nerve_cord,18B,,IN18B015,"Lacin et al., 2019",FISH,3,1,0,0,0,0,0,0,0,0,0
adult_drosophila_melanogaster,ventral_nerve_cord,18B,,IN18B016,"Lacin et al., 2019",FISH,3,1,0,0,0,0,0,0,0,0,0
adult_drosophila_melanogaster,ventral_nerve_cord,18B,,IN18B017,"Lacin et al., 2019",FISH,3,1,0,0,0,0,0,0,0,0,0
adult_drosophila_melanogaster,ventral_nerve_cord,18B,,IN18B018,"Lacin et al., 2019",FISH,3,1,0,0,0,0,0,0,0,0,0
adult_drosophila_melanogaster,ventral_nerve_cord,18B,,IN18B020,"Lacin et al., 2019",FISH,3,1,0,0,0,0,0,0,0,0,0
adult_drosophila_melanogaster,ventral_nerve_cord,18B,,IN18B021,"Lacin et al., 2019",FISH,3,1,0,0,0,0,0,0,0,0,0
adult_drosophila_melanogaster,ventral_nerve_cord,18B,,IN18B026,"Lacin et al., 2019",FISH,3,1,0,0,0,0,0,0,0,0,0
adult_drosophila_melanogaster,ventral_nerve_cord,18B,,IN18B027,"Lacin et al., 2019",FISH,3,1,0,0,0,0,0,0,0,0,0
adult_drosophila_melanogaster,ventral_nerve_cord,18B,,IN18B028,"Lacin et al., 2019",FISH,3,1,0,0,0,0,0,0,0,0,0
adult_drosophila_melanogaster,ventral_nerve_cord,18B,,IN18B029,"Lacin et al., 2019",FISH,3,1,0,0,0,0,0,0,0,0,0
adult_drosophila_melanogaster,ventral_nerve_cord,18B,,IN18B031,"Lacin et al., 2019",FISH,3,1,0,0,0,0,0,0,0,0,0
adult_drosophila_melanogaster,ventral_nerve_cord,18B,,IN18B033,"Lacin et al., 2019",FISH,3,1,0,0,0,0,0,0,0,0,0
adult_drosophila_melanogaster,ventral_nerve_cord,18B,,IN18B034,"Lacin et al., 2019",FISH,3,1,0,0,0,0,0,0,0,0,0
adult_drosophila_melanogaster,ventral_nerve_cord,18B,,IN18B035,"Lacin et al., 2019",FISH,3,1,0,0,0,0,0,0,0,0,0
adult_drosophila_melanogaster,ventral_nerve_cord,18B,,IN18B036,"Lacin et al., 2019",FISH,3,1,0,0,0,0,0,0,0,0,0
adult_drosophila_melanogaster,ventral_nerve_cord,18B,,IN18B037,"Lacin et al., 2019",FISH,3,1,0,0,0,0,0,0,0,0,0
adult_drosophila_melanogaster,ventral_nerve_cord,18B,,IN18B038,"Lacin et al., 2019",FISH,3,1,0,0,0,0,0,0,0,0,0
adult_drosophila_melanogaster,ventral_nerve_cord,18B,,IN18B039,"Lacin et al., 2019",FISH,3,1,0,0,0,0,0,0,0,0,0
adult_drosophila_melanogaster,ventral_nerve_cord,18B,,IN18B040,"Lacin et al., 2019",FISH,3,1,0,0,0,0,0,0,0,0,0
adult_drosophila_melanogaster,ventral_nerve_cord,18B,,IN18B041,"Lacin et al., 2019",FISH,3,1,0,0,0,0,0,0,0,0,0
adult_drosophila_melanogaster,ventral_nerve_cord,18B,,IN18B042,"Lacin et al., 2019",FISH,3,1,0,0,0,0,0,0,0,0,0
adult_drosophila_melanogaster,ventral_nerve_cord,18B,,IN18B043,"Lacin et al., 2019",FISH,3,1,0,0,0,0,0,0,0,0,0
adult_drosophila_melanogaster,ventral_nerve_cord,18B,,IN18B044,"Lacin et al., 2019",FISH,3,1,0,0,0,0,0,0,0,0,0
adult_drosophila_melanogaster,ventral_nerve_cord,18B,,IN18B045,"Lacin et al., 2019",FISH,3,1,0,0,0,0,0,0,0,0,0
adult_drosophila_melanogaster,ventral_nerve_cord,18B,,IN18B046,"Lacin et al., 2019",FISH,3,1,0,0,0,0,0,0,0,0,0
adult_drosophila_melanogaster,ventral_nerve_cord,18B,,IN18B047,"Lacin et al., 2019",FISH,3,1,0,0,0,0,0,0,0,0,0
adult_drosophila_melanogaster,ventral_nerve_cord,18B,,IN18B048,"Lacin et al., 2019",FISH,3,1,0,0,0,0,0,0,0,0,0
adult_drosophila_melanogaster,ventral_nerve_cord,18B,,IN18B049,"Lacin et al., 2019",FISH,3,1,0,0,0,0,0,0,0,0,0
adult_drosophila_melanogaster,ventral_nerve_cord,18B,,IN18B050,"Lacin et al., 2019",FISH,3,1,0,0,0,0,0,0,0,0,0
adult_drosophila_melanogaster,ventral_nerve_cord,18B,,IN18B051,"Lacin et al., 2019",FISH,3,1,0,0,0,0,0,0,0,0,0
adult_drosophila_melanogaster,ventral_nerve_cord,18B,,IN18B052,"Lacin et al., 2019",FISH,3,1,0,0,0,0,0,0,0,0,0
adult_drosophila_melanogaster,ventral_nerve_cord,18B,,IN18B054,"Lacin et al., 2019",FISH,3,1,0,0,0,0,0,0,0,0,0
adult_drosophila_melanogaster,ventral_nerve_cord,18B,,IN18B055,"Lacin et al., 2019",FISH,3,1,0,0,0,0,0,0,0,0,0
adult_drosophila_melanogaster,ventral_nerve_cord,18B,,IN18B056,"Lacin et al., 2019",FISH,3,1,0,0,0,0,0,0,0,0,0
adult_drosophila_melanogaster,ventral_nerve_cord,19A,,IN19A001,"Lacin et al., 2019",FISH,3,0,0,1,0,0,0,0,0,0,0
adult_drosophila_melanogaster,ventral_nerve_cord,19A,,IN19A002,"Lacin et al., 2019",FISH,3,0,0,1,0,0,0,0,0,0,0
adult_drosophila_melanogaster,ventral_nerve_cord,19A,,IN19A003,"Lacin et al., 2019",FISH,3,0,0,1,0,0,0,0,0,0,0
adult_drosophila_melanogaster,ventral_nerve_cord,19A,,IN19A004,"Lacin et al., 2019",FISH,3,0,0,1,0,0,0,0,0,0,0
adult_drosophila_melanogaster,ventral_nerve_cord,19A,,IN19A005,"Lacin et al., 2019",FISH,3,0,0,1,0,0,0,0,0,0,0
adult_drosophila_melanogaster,ventral_nerve_cord,19A,,IN19A007,"Lacin et al., 2019",FISH,3,0,0,1,0,0,0,0,0,0,0
adult_drosophila_melanogaster,ventral_nerve_cord,19A,,IN19A008,"Lacin et al., 2019",FISH,3,0,0,1,0,0,0,0,0,0,0
adult_drosophila_melanogaster,ventral_nerve_cord,19A,,IN19A011,"Lacin et al., 2019",FISH,3,0,0,1,0,0,0,0,0,0,0
adult_drosophila_melanogaster,ventral_nerve_cord,19A,,IN19A013,"Lacin et al., 2019",FISH,3,0,0,1,0,0,0,0,0,0,0
adult_drosophila_melanogaster,ventral_nerve_cord,19A,,IN19A015,"Lacin et al., 2019",FISH,3,0,0,1,0,0,0,0,0,0,0
adult_drosophila_melanogaster,ventral_nerve_cord,19A,,IN19A016,"Lacin et al., 2019",FISH,3,0,0,1,0,0,0,0,0,0,0
adult_drosophila_melanogaster,ventral_nerve_cord,19A,,IN19A020,"Lacin et al., 2019",FISH,3,0,0,1,0,0,0,0,0,0,0
adult_drosophila_melanogaster,ventral_nerve_cord,19A,,IN19A021,"Lacin et al., 2019",FISH,3,0,0,1,0,0,0,0,0,0,0
adult_drosophila_melanogaster,ventral_nerve_cord,19A,,IN19A022,"Lacin et al., 2019",FISH,3,0,0,1,0,0,0,0,0,0,0
adult_drosophila_melanogaster,ventral_nerve_cord,19A,,IN19A024,"Lacin et al., 2019",FISH,3,0,0,1,0,0,0,0,0,0,0
adult_drosophila_melanogaster,ventral_nerve_cord,19A,,IN19A026,"Lacin et al., 2019",FISH,3,0,0,1,0,0,0,0,0,0,0
adult_drosophila_melanogaster,ventral_nerve_cord,19A,,IN19A029,"Lacin et al., 2019",FISH,3,0,0,1,0,0,0,0,0,0,0
adult_drosophila_melanogaster,ventral_nerve_cord,19A,,IN19A030,"Lacin et al., 2019",FISH,3,0,0,1,0,0,0,0,0,0,0
adult_drosophila_melanogaster,ventral_nerve_cord,19A,,IN19A031,"Lacin et al., 2019",FISH,3,0,0,1,0,0,0,0,0,0,0
adult_drosophila_melanogaster,ventral_nerve_cord,19A,,IN19A033,"Lacin et al., 2019",FISH,3,0,0,1,0,0,0,0,0,0,0
adult_drosophila_melanogaster,ventral_nerve_cord,19A,,IN19A036,"Lacin et al., 2019",FISH,3,0,0,1,0,0,0,0,0,0,0
adult_drosophila_melanogaster,ventral_nerve_cord,19A,,IN19A037,"Lacin et al., 2019",FISH,3,0,0,1,0,0,0,0,0,0,0
adult_drosophila_melanogaster,ventral_nerve_cord,19A,,IN19A041,"Lacin et al., 2019",FISH,3,0,0,1,0,0,0,0,0,0,0
adult_drosophila_melanogaster,ventral_nerve_cord,19A,,IN19A042,"Lacin et al., 2019",FISH,3,0,0,1,0,0,0,0,0,0,0
adult_drosophila_melanogaster,ventral_nerve_cord,19A,,IN19A043,"Lacin et al., 2019",FISH,3,0,0,1,0,0,0,0,0,0,0
adult_drosophila_melanogaster,ventral_nerve_cord,19A,,IN19A044,"Lacin et al., 2019",FISH,3,0,0,1,0,0,0,0,0,0,0
adult_drosophila_melanogaster,ventral_nerve_cord,19A,,IN19A045,"Lacin et al., 2019",FISH,3,0,0,1,0,0,0,0,0,0,0
adult_drosophila_melanogaster,ventral_nerve_cord,19A,,IN19A046,"Lacin et al., 2019",FISH,3,0,0,1,0,0,0,0,0,0,0
adult_drosophila_melanogaster,ventral_nerve_cord,19A,,IN19A047,"Lacin et al., 2019",FISH,3,0,0,1,0,0,0,0,0,0,0
adult_drosophila_melanogaster,ventral_nerve_cord,19A,,IN19A048,"Lacin et al., 2019",FISH,3,0,0,1,0,0,0,0,0,0,0
adult_drosophila_melanogaster,ventral_nerve_cord,19A,,IN19A049,"Lacin et al., 2019",FISH,3,0,0,1,0,0,0,0,0,0,0
adult_drosophila_melanogaster,ventral_nerve_cord,19A,,IN19A050,"Lacin et al., 2019",FISH,3,0,0,1,0,0,0,0,0,0,0
adult_drosophila_melanogaster,ventral_nerve_cord,19A,,IN19A051,"Lacin et al., 2019",FISH,3,0,0,1,0,0,0,0,0,0,0
adult_drosophila_melanogaster,ventral_nerve_cord,19A,,IN19A052,"Lacin et al., 2019",FISH,3,0,0,1,0,0,0,0,0,0,0
adult_drosophila_melanogaster,ventral_nerve_cord,19A,,IN19A053,"Lacin et al., 2019",FISH,3,0,0,1,0,0,0,0,0,0,0
adult_drosophila_melanogaster,ventral_nerve_cord,19A,,IN19A054,"Lacin et al., 2019",FISH,3,0,0,1,0,0,0,0,0,0,0
adult_drosophila_melanogaster,ventral_nerve_cord,19A,,IN19A055,"Lacin et al., 2019",FISH,3,0,0,1,0,0,0,0,0,0,0
adult_drosophila_melanogaster,ventral_nerve_cord,19A,,IN19A056,"Lacin et al., 2019",FISH,3,0,0,1,0,0,0,0,0,0,0
adult_drosophila_melanogaster,ventral_nerve_cord,19A,,IN19A057,"Lacin et al., 2019",FISH,3,0,0,1,0,0,0,0,0,0,0
adult_drosophila_melanogaster,ventral_nerve_cord,19A,,IN19A058,"Lacin et al., 2019",FISH,3,0,0,1,0,0,0,0,0,0,0
adult_drosophila_melanogaster,ventral_nerve_cord,19A,,IN19A059,"Lacin et al., 2019",FISH,3,0,0,1,0,0,0,0,0,0,0
adult_drosophila_melanogaster,ventral_nerve_cord,19A,,IN19A060,"Lacin et al., 2019",FISH,3,0,0,1,0,0,0,0,0,0,0
adult_drosophila_melanogaster,ventral_nerve_cord,19A,,IN19A061,"Lacin et al., 2019",FISH,3,0,0,1,0,0,0,0,0,0,0
adult_drosophila_melanogaster,ventral_nerve_cord,19A,,IN19A062,"Lacin et al., 2019",FISH,3,0,0,1,0,0,0,0,0,0,0
adult_drosophila_melanogaster,ventral_nerve_cord,19A,,IN19A063,"Lacin et al., 2019",FISH,3,0,0,1,0,0,0,0,0,0,0
adult_drosophila_melanogaster,ventral_nerve_cord,19A,,IN19A064,"Lacin et al., 2019",FISH,3,0,0,1,0,0,0,0,0,0,0
adult_drosophila_melanogaster,ventral_nerve_cord,19A,,IN19A065,"Lacin et al., 2019",FISH,3,0,0,1,0,0,0,0,0,0,0
adult_drosophila_melanogaster,ventral_nerve_cord,19A,,IN19A067,"Lacin et al., 2019",FISH,3,0,0,1,0,0,0,0,0,0,0
adult_drosophila_melanogaster,ventral_nerve_cord,19A,,IN19A068,"Lacin et al., 2019",FISH,3,0,0,1,0,0,0,0,0,0,0
adult_drosophila_melanogaster,ventral_nerve_cord,19A,,IN19A069,"Lacin et al., 2019",FISH,3,0,0,1,0,0,0,0,0,0,0
adult_drosophila_melanogaster,ventral_nerve_cord,19A,,IN19A070,"Lacin et al., 2019",FISH,3,0,0,1,0,0,0,0,0,0,0
adult_drosophila_melanogaster,ventral_nerve_cord,19A,,IN19A071,"Lacin et al., 2019",FISH,3,0,0,1,0,0,0,0,0,0,0
adult_drosophila_melanogaster,ventral_nerve_cord,19A,,IN19A072,"Lacin et al., 2019",FISH,3,0,0,1,0,0,0,0,0,0,0
adult_drosophila_melanogaster,ventral_nerve_cord,19A,,IN19A073,"Lacin et al., 2019",FISH,3,0,0,1,0,0,0,0,0,0,0
adult_drosophila_melanogaster,ventral_nerve_cord,19A,,IN19A074,"Lacin et al., 2019",FISH,3,0,0,1,0,0,0,0,0,0,0
adult_drosophila_melanogaster,ventral_nerve_cord,19A,,IN19A076,"Lacin et al., 2019",FISH,3,0,0,1,0,0,0,0,0,0,0
adult_drosophila_melanogaster,ventral_nerve_cord,19A,,IN19A077,"Lacin et al., 2019",FISH,3,0,0,1,0,0,0,0,0,0,0
adult_drosophila_melanogaster,ventral_nerve_cord,19A,,IN19A079,"Lacin et al., 2019",FISH,3,0,0,1,0,0,0,0,0,0,0
adult_drosophila_melanogaster,ventral_nerve_cord,19A,,IN19A080,"Lacin et al., 2019",FISH,3,0,0,1,0,0,0,0,0,0,0
adult_drosophila_melanogaster,ventral_nerve_cord,19A,,IN19A081,"Lacin et al., 2019",FISH,3,0,0,1,0,0,0,0,0,0,0
adult_drosophila_melanogaster,ventral_nerve_cord,19A,,IN19A082,"Lacin et al., 2019",FISH,3,0,0,1,0,0,0,0,0,0,0
adult_drosophila_melanogaster,ventral_nerve_cord,19A,,IN19A083,"Lacin et al., 2019",FISH,3,0,0,1,0,0,0,0,0,0,0
adult_drosophila_melanogaster,ventral_nerve_cord,19A,,IN19A084,"Lacin et al., 2019",FISH,3,0,0,1,0,0,0,0,0,0,0
adult_drosophila_melanogaster,ventral_nerve_cord,19A,,IN19A085,"Lacin et al., 2019",FISH,3,0,0,1,0,0,0,0,0,0,0
adult_drosophila_melanogaster,ventral_nerve_cord,19A,,IN19A086,"Lacin et al., 2019",FISH,3,0,0,1,0,0,0,0,0,0,0
adult_drosophila_melanogaster,ventral_nerve_cord,19A,,IN19A087,"Lacin et al., 2019",FISH,3,0,0,1,0,0,0,0,0,0,0
adult_drosophila_melanogaster,ventral_nerve_cord,19A,,IN19A088,"Lacin et al., 2019",FISH,3,0,0,1,0,0,0,0,0,0,0
adult_drosophila_melanogaster,ventral_nerve_cord,19A,,IN19A089,"Lacin et al., 2019",FISH,3,0,0,1,0,0,0,0,0,0,0
adult_drosophila_melanogaster,ventral_nerve_cord,19A,,IN19A090,"Lacin et al., 2019",FISH,3,0,0,1,0,0,0,0,0,0,0
adult_drosophila_melanogaster,ventral_nerve_cord,19A,,IN19A091,"Lacin et al., 2019",FISH,3,0,0,1,0,0,0,0,0,0,0
adult_drosophila_melanogaster,ventral_nerve_cord,19A,,IN19A092,"Lacin et al., 2019",FISH,3,0,0,1,0,0,0,0,0,0,0
adult_drosophila_melanogaster,ventral_nerve_cord,19A,,IN19A093,"Lacin et al., 2019",FISH,3,0,0,1,0,0,0,0,0,0,0
adult_drosophila_melanogaster,ventral_nerve_cord,19A,,IN19A094,"Lacin et al., 2019",FISH,3,0,0,1,0,0,0,0,0,0,0
adult_drosophila_melanogaster,ventral_nerve_cord,19A,,IN19A095,"Lacin et al., 2019",FISH,3,0,0,1,0,0,0,0,0,0,0
adult_drosophila_melanogaster,ventral_nerve_cord,19A,,IN19A096,"Lacin et al., 2019",FISH,3,0,0,1,0,0,0,0,0,0,0
adult_drosophila_melanogaster,ventral_nerve_cord,19A,,IN19A098,"Lacin et al., 2019",FISH,3,0,0,1,0,0,0,0,0,0,0
adult_drosophila_melanogaster,ventral_nerve_cord,19A,,IN19A099,"Lacin et al., 2019",FISH,3,0,0,1,0,0,0,0,0,0,0
adult_drosophila_melanogaster,ventral_nerve_cord,19A,,IN19A100,"Lacin et al., 2019",FISH,3,0,0,1,0,0,0,0,0,0,0
adult_drosophila_melanogaster,ventral_nerve_cord,19A,,IN19A101,"Lacin et al., 2019",FISH,3,0,0,1,0,0,0,0,0,0,0
adult_drosophila_melanogaster,ventral_nerve_cord,19A,,IN19A102,"Lacin et al., 2019",FISH,3,0,0,1,0,0,0,0,0,0,0
adult_drosophila_melanogaster,ventral_nerve_cord,19A,,IN19A103,"Lacin et al., 2019",FISH,3,0,0,1,0,0,0,0,0,0,0
adult_drosophila_melanogaster,ventral_nerve_cord,19A,,IN19A104,"Lacin et al., 2019",FISH,3,0,0,1,0,0,0,0,0,0,0
adult_drosophila_melanogaster,ventral_nerve_cord,19A,,IN19A105,"Lacin et al., 2019",FISH,3,0,0,1,0,0,0,0,0,0,0
adult_drosophila_melanogaster,ventral_nerve_cord,19A,,IN19A106,"Lacin et al., 2019",FISH,3,0,0,1,0,0,0,0,0,0,0
adult_drosophila_melanogaster,ventral_nerve_cord,19A,,IN19A107,"Lacin et al., 2019",FISH,3,0,0,1,0,0,0,0,0,0,0
adult_drosophila_melanogaster,ventral_nerve_cord,19A,,IN19A108,"Lacin et al., 2019",FISH,3,0,0,1,0,0,0,0,0,0,0
adult_drosophila_melanogaster,ventral_nerve_cord,19A,,IN19A109,"Lacin et al., 2019",FISH,3,0,0,1,0,0,0,0,0,0,0
adult_drosophila_melanogaster,ventral_nerve_cord,19A,,IN19A110,"Lacin et al., 2019",FISH,3,0,0,1,0,0,0,0,0,0,0
adult_drosophila_melanogaster,ventral_nerve_cord,19A,,IN19A111,"Lacin et al., 2019",FISH,3,0,0,1,0,0,0,0,0,0,0
adult_drosophila_melanogaster,ventral_nerve_cord,19A,,IN19A112,"Lacin et al., 2019",FISH,3,0,0,1,0,0,0,0,0,0,0
adult_drosophila_melanogaster,ventral_nerve_cord,19A,,IN19A113,"Lacin et al., 2019",FISH,3,0,0,1,0,0,0,0,0,0,0
adult_drosophila_melanogaster,ventral_nerve_cord,19A,,IN19A114,"Lacin et al., 2019",FISH,3,0,0,1,0,0,0,0,0,0,0
adult_drosophila_melanogaster,ventral_nerve_cord,19A,,IN19A115,"Lacin et al., 2019",FISH,3,0,0,1,0,0,0,0,0,0,0
adult_drosophila_melanogaster,ventral_nerve_cord,19A,,IN19A116,"Lacin et al., 2019",FISH,3,0,0,1,0,0,0,0,0,0,0
adult_drosophila_melanogaster,ventral_nerve_cord,19A,,IN19A117,"Lacin et al., 2019",FISH,3,0,0,1,0,0,0,0,0,0,0
adult_drosophila_melanogaster,ventral_nerve_cord,19A,,IN19A118,"Lacin et al., 2019",FISH,3,0,0,1,0,0,0,0,0,0,0
adult_drosophila_melanogaster,ventral_nerve_cord,19A,,IN19A119,"Lacin et al., 2019",FISH,3,0,0,1,0,0,0,0,0,0,0
adult_drosophila_melanogaster,ventral_nerve_cord,19A,,IN19A120,"Lacin et al., 2019",FISH,3,0,0,1,0,0,0,0,0,0,0
adult_drosophila_melanogaster,ventral_nerve_cord,19A,,IN19A121,"Lacin et al., 2019",FISH,3,0,0,1,0,0,0,0,0,0,0
adult_drosophila_melanogaster,ventral_nerve_cord,19A,,IN19A122,"Lacin et al., 2019",FISH,3,0,0,1,0,0,0,0,0,0,0
adult_drosophila_melanogaster,ventral_nerve_cord,19A,,IN19A123,"Lacin et al., 2019",FISH,3,0,0,1,0,0,0,0,0,0,0
adult_drosophila_melanogaster,ventral_nerve_cord,19A,,IN19A124,"Lacin et al., 2019",FISH,3,0,0,1,0,0,0,0,0,0,0
adult_drosophila_melanogaster,ventral_nerve_cord,19A,,IN19A125,"Lacin et al., 2019",FISH,3,0,0,1,0,0,0,0,0,0,0
adult_drosophila_melanogaster,ventral_nerve_cord,19A,,IN19A126,"Lacin et al., 2019",FISH,3,0,0,1,0,0,0,0,0,0,0
adult_drosophila_melanogaster,ventral_nerve_cord,19A,,IN19A127,"Lacin et al., 2019",FISH,3,0,0,1,0,0,0,0,0,0,0
adult_drosophila_melanogaster,ventral_nerve_cord,19A,,IN19A128,"Lacin et al., 2019",FISH,3,0,0,1,0,0,0,0,0,0,0
adult_drosophila_melanogaster,ventral_nerve_cord,19A,,IN19A129,"Lacin et al., 2019",FISH,3,0,0,1,0,0,0,0,0,0,0
adult_drosophila_melanogaster,ventral_nerve_cord,19A,,IN19A130,"Lacin et al., 2019",FISH,3,0,0,1,0,0,0,0,0,0,0
adult_drosophila_melanogaster,ventral_nerve_cord,19A,,IN19A131,"Lacin et al., 2019",FISH,3,0,0,1,0,0,0,0,0,0,0
adult_drosophila_melanogaster,ventral_nerve_cord,19A,,IN19A132,"Lacin et al., 2019",FISH,3,0,0,1,0,0,0,0,0,0,0
adult_drosophila_melanogaster,ventral_nerve_cord,19A,,IN19A133,"Lacin et al., 2019",FISH,3,0,0,1,0,0,0,0,0,0,0
adult_drosophila_melanogaster,ventral_nerve_cord,19A,,IN19A134,"Lacin et al., 2019",FISH,3,0,0,1,0,0,0,0,0,0,0
adult_drosophila_melanogaster,ventral_nerve_cord,19A,,IN19A135,"Lacin et al., 2019",FISH,3,0,0,1,0,0,0,0,0,0,0
adult_drosophila_melanogaster,ventral_nerve_cord,19A,,IN19A136,"Lacin et al., 2019",FISH,3,0,0,1,0,0,0,0,0,0,0
adult_drosophila_melanogaster,ventral_nerve_cord,19A,,IN19A137,"Lacin et al., 2019",FISH,3,0,0,1,0,0,0,0,0,0,0
adult_drosophila_melanogaster,ventral_nerve_cord,19A,,IN19A139,"Lacin et al., 2019",FISH,3,0,0,1,0,0,0,0,0,0,0
adult_drosophila_melanogaster,ventral_nerve_cord,19A,,IN19A142,"Lacin et al., 2019",FISH,3,0,0,1,0,0,0,0,0,0,0
adult_drosophila_melanogaster,ventral_nerve_cord,19B,,IN19B002,"Lacin et al., 2019",FISH,3,1,0,0,0,0,0,0,0,0,0
adult_drosophila_melanogaster,ventral_nerve_cord,19B,,IN19B003,"Lacin et al., 2019",FISH,3,1,0,0,0,0,0,0,0,0,0
adult_drosophila_melanogaster,ventral_nerve_cord,19B,,IN19B004,"Lacin et al., 2019",FISH,3,1,0,0,0,0,0,0,0,0,0
adult_drosophila_melanogaster,ventral_nerve_cord,19B,,IN19B005,"Lacin et al., 2019",FISH,3,1,0,0,0,0,0,0,0,0,0
adult_drosophila_melanogaster,ventral_nerve_cord,19B,,IN19B007,"Lacin et al., 2019",FISH,3,1,0,0,0,0,0,0,0,0,0
adult_drosophila_melanogaster,ventral_nerve_cord,19B,,IN19B008,"Lacin et al., 2019",FISH,3,1,0,0,0,0,0,0,0,0,0
adult_drosophila_melanogaster,ventral_nerve_cord,19B,,IN19B011,"Lacin et al., 2019",FISH,3,1,0,0,0,0,0,0,0,0,0
adult_drosophila_melanogaster,ventral_nerve_cord,19B,,IN19B012,"Lacin et al., 2019",FISH,3,1,0,0,0,0,0,0,0,0,0
adult_drosophila_melanogaster,ventral_nerve_cord,19B,,IN19B013,"Lacin et al., 2019",FISH,3,1,0,0,0,0,0,0,0,0,0
adult_drosophila_melanogaster,ventral_nerve_cord,19B,,IN19B015,"Lacin et al., 2019",FISH,3,1,0,0,0,0,0,0,0,0,0
adult_drosophila_melanogaster,ventral_nerve_cord,19B,,IN19B016,"Lacin et al., 2019",FISH,3,1,0,0,0,0,0,0,0,0,0
adult_drosophila_melanogaster,ventral_nerve_cord,19B,,IN19B020,"Lacin et al., 2019",FISH,3,1,0,0,0,0,0,0,0,0,0
adult_drosophila_melanogaster,ventral_nerve_cord,19B,,IN19B021,"Lacin et al., 2019",FISH,3,1,0,0,0,0,0,0,0,0,0
adult_drosophila_melanogaster,ventral_nerve_cord,19B,,IN19B023,"Lacin et al., 2019",FISH,3,1,0,0,0,0,0,0,0,0,0
adult_drosophila_melanogaster,ventral_nerve_cord,19B,,IN19B027,"Lacin et al., 2019",FISH,3,1,0,0,0,0,0,0,0,0,0
adult_drosophila_melanogaster,ventral_nerve_cord,19B,,IN19B029,"Lacin et al., 2019",FISH,3,1,0,0,0,0,0,0,0,0,0
adult_drosophila_melanogaster,ventral_nerve_cord,19B,,IN19B030,"Lacin et al., 2019",FISH,3,1,0,0,0,0,0,0,0,0,0
adult_drosophila_melanogaster,ventral_nerve_cord,19B,,IN19B031,"Lacin et al., 2019",FISH,3,1,0,0,0,0,0,0,0,0,0
adult_drosophila_melanogaster,ventral_nerve_cord,19B,,IN19B033,"Lacin et al., 2019",FISH,3,1,0,0,0,0,0,0,0,0,0
adult_drosophila_melanogaster,ventral_nerve_cord,19B,,IN19B034,"Lacin et al., 2019",FISH,3,1,0,0,0,0,0,0,0,0,0
adult_drosophila_melanogaster,ventral_nerve_cord,19B,,IN19B035,"Lacin et al., 2019",FISH,3,1,0,0,0,0,0,0,0,0,0
adult_drosophila_melanogaster,ventral_nerve_cord,19B,,IN19B037,"Lacin et al., 2019",FISH,3,1,0,0,0,0,0,0,0,0,0
adult_drosophila_melanogaster,ventral_nerve_cord,19B,,IN19B038,"Lacin et al., 2019",FISH,3,1,0,0,0,0,0,0,0,0,0
adult_drosophila_melanogaster,ventral_nerve_cord,19B,,IN19B040,"Lacin et al., 2019",FISH,3,1,0,0,0,0,0,0,0,0,0
adult_drosophila_melanogaster,ventral_nerve_cord,19B,,IN19B041,"Lacin et al., 2019",FISH,3,1,0,0,0,0,0,0,0,0,0
adult_drosophila_melanogaster,ventral_nerve_cord,19B,,IN19B043,"Lacin et al., 2019",FISH,3,1,0,0,0,0,0,0,0,0,0
adult_drosophila_melanogaster,ventral_nerve_cord,19B,,IN19B045,"Lacin et al., 2019",FISH,3,1,0,0,0,0,0,0,0,0,0
adult_drosophila_melanogaster,ventral_nerve_cord,19B,,IN19B047,"Lacin et al., 2019",FISH,3,1,0,0,0,0,0,0,0,0,0
adult_drosophila_melanogaster,ventral_nerve_cord,19B,,IN19B048,"Lacin et al., 2019",FISH,3,1,0,0,0,0,0,0,0,0,0
adult_drosophila_melanogaster,ventral_nerve_cord,19B,,IN19B050,"Lacin et al., 2019",FISH,3,1,0,0,0,0,0,0,0,0,0
adult_drosophila_melanogaster,ventral_nerve_cord,19B,,IN19B052,"Lacin et al., 2019",FISH,3,1,0,0,0,0,0,0,0,0,0
adult_drosophila_melanogaster,ventral_nerve_cord,19B,,IN19B053,"Lacin et al., 2019",FISH,3,1,0,0,0,0,0,0,0,0,0
adult_drosophila_melanogaster,ventral_nerve_cord,19B,,IN19B054,"Lacin et al., 2019",FISH,3,1,0,0,0,0,0,0,0,0,0
adult_drosophila_melanogaster,ventral_nerve_cord,19B,,IN19B055,"Lacin et al., 2019",FISH,3,1,0,0,0,0,0,0,0,0,0
adult_drosophila_melanogaster,ventral_nerve_cord,19B,,IN19B056,"Lacin et al., 2019",FISH,3,1,0,0,0,0,0,0,0,0,0
adult_drosophila_melanogaster,ventral_nerve_cord,19B,,IN19B057,"Lacin et al., 2019",FISH,3,1,0,0,0,0,0,0,0,0,0
adult_drosophila_melanogaster,ventral_nerve_cord,19B,,IN19B058,"Lacin et al., 2019",FISH,3,1,0,0,0,0,0,0,0,0,0
adult_drosophila_melanogaster,ventral_nerve_cord,19B,,IN19B062,"Lacin et al., 2019",FISH,3,1,0,0,0,0,0,0,0,0,0
adult_drosophila_melanogaster,ventral_nerve_cord,19B,,IN19B064,"Lacin et al., 2019",FISH,3,1,0,0,0,0,0,0,0,0,0
adult_drosophila_melanogaster,ventral_nerve_cord,19B,,IN19B066,"Lacin et al., 2019",FISH,3,1,0,0,0,0,0,0,0,0,0
adult_drosophila_melanogaster,ventral_nerve_cord,19B,,IN19B067,"Lacin et al., 2019",FISH,3,1,0,0,0,0,0,0,0,0,0
adult_drosophila_melanogaster,ventral_nerve_cord,19B,,IN19B068,"Lacin et al., 2019",FISH,3,1,0,0,0,0,0,0,0,0,0
adult_drosophila_melanogaster,ventral_nerve_cord,19B,,IN19B069,"Lacin et al., 2019",FISH,3,1,0,0,0,0,0,0,0,0,0
adult_drosophila_melanogaster,ventral_nerve_cord,19B,,IN19B070,"Lacin et al., 2019",FISH,3,1,0,0,0,0,0,0,0,0,0
adult_drosophila_melanogaster,ventral_nerve_cord,19B,,IN19B071,"Lacin et al., 2019",FISH,3,1,0,0,0,0,0,0,0,0,0
adult_drosophila_melanogaster,ventral_nerve_cord,19B,,IN19B072,"Lacin et al., 2019",FISH,3,1,0,0,0,0,0,0,0,0,0
adult_drosophila_melanogaster,ventral_nerve_cord,19B,,IN19B073,"Lacin et al., 2019",FISH,3,1,0,0,0,0,0,0,0,0,0
adult_drosophila_melanogaster,ventral_nerve_cord,19B,,IN19B075,"Lacin et al., 2019",FISH,3,1,0,0,0,0,0,0,0,0,0
adult_drosophila_melanogaster,ventral_nerve_cord,19B,,IN19B077,"Lacin et al., 2019",FISH,3,1,0,0,0,0,0,0,0,0,0
adult_drosophila_melanogaster,ventral_nerve_cord,19B,,IN19B078,"Lacin et al., 2019",FISH,3,1,0,0,0,0,0,0,0,0,0
adult_drosophila_melanogaster,ventral_nerve_cord,19B,,IN19B080,"Lacin et al., 2019",FISH,3,1,0,0,0,0,0,0,0,0,0
adult_drosophila_melanogaster,ventral_nerve_cord,19B,,IN19B081,"Lacin et al., 2019",FISH,3,1,0,0,0,0,0,0,0,0,0
adult_drosophila_melanogaster,ventral_nerve_cord,19B,,IN19B082,"Lacin et al., 2019",FISH,3,1,0,0,0,0,0,0,0,0,0
adult_drosophila_melanogaster,ventral_nerve_cord,19B,,IN19B083,"Lacin et al., 2019",FISH,3,1,0,0,0,0,0,0,0,0,0
adult_drosophila_melanogaster,ventral_nerve_cord,19B,,IN19B084,"Lacin et al., 2019",FISH,3,1,0,0,0,0,0,0,0,0,0
adult_drosophila_melanogaster,ventral_nerve_cord,19B,,IN19B085,"Lacin et al., 2019",FISH,3,1,0,0,0,0,0,0,0,0,0
adult_drosophila_melanogaster,ventral_nerve_cord,19B,,IN19B086,"Lacin et al., 2019",FISH,3,1,0,0,0,0,0,0,0,0,0
adult_drosophila_melanogaster,ventral_nerve_cord,19B,,IN19B087,"Lacin et al., 2019",FISH,3,1,0,0,0,0,0,0,0,0,0
adult_drosophila_melanogaster,ventral_nerve_cord,19B,,IN19B088,"Lacin et al., 2019",FISH,3,1,0,0,0,0,0,0,0,0,0
adult_drosophila_melanogaster,ventral_nerve_cord,19B,,IN19B089,"Lacin et al., 2019",FISH,3,1,0,0,0,0,0,0,0,0,0
adult_drosophila_melanogaster,ventral_nerve_cord,19B,,IN19B090,"Lacin et al., 2019",FISH,3,1,0,0,0,0,0,0,0,0,0
adult_drosophila_melanogaster,ventral_nerve_cord,19B,,IN19B091,"Lacin et al., 2019",FISH,3,1,0,0,0,0,0,0,0,0,0
adult_drosophila_melanogaster,ventral_nerve_cord,19B,,IN19B092,"Lacin et al., 2019",FISH,3,1,0,0,0,0,0,0,0,0,0
adult_drosophila_melanogaster,ventral_nerve_cord,19B,,IN19B094,"Lacin et al., 2019",FISH,3,1,0,0,0,0,0,0,0,0,0
adult_drosophila_melanogaster,ventral_nerve_cord,19B,,IN19B095,"Lacin et al., 2019",FISH,3,1,0,0,0,0,0,0,0,0,0
adult_drosophila_melanogaster,ventral_nerve_cord,19B,,IN19B096,"Lacin et al., 2019",FISH,3,1,0,0,0,0,0,0,0,0,0
adult_drosophila_melanogaster,ventral_nerve_cord,19B,,IN19B097,"Lacin et al., 2019",FISH,3,1,0,0,0,0,0,0,0,0,0
adult_drosophila_melanogaster,ventral_nerve_cord,19B,,IN19B103,"Lacin et al., 2019",FISH,3,1,0,0,0,0,0,0,0,0,0
adult_drosophila_melanogaster,ventral_nerve_cord,19B,,IN19B105,"Lacin et al., 2019",FISH,3,1,0,0,0,0,0,0,0,0,0
adult_drosophila_melanogaster,ventral_nerve_cord,20A.22A,,IN20A.22A001,"Lacin et al., 2019",FISH,3,1,0,0,0,0,0,0,0,0,0
adult_drosophila_melanogaster,ventral_nerve_cord,20A.22A,,IN20A.22A002,"Lacin et al., 2019",FISH,3,1,0,0,0,0,0,0,0,0,0
adult_drosophila_melanogaster,ventral_nerve_cord,20A.22A,,IN20A.22A003,"Lacin et al., 2019",FISH,3,1,0,0,0,0,0,0,0,0,0
adult_drosophila_melanogaster,ventral_nerve_cord,20A.22A,,IN20A.22A004,"Lacin et al., 2019",FISH,3,1,0,0,0,0,0,0,0,0,0
adult_drosophila_melanogaster,ventral_nerve_cord,20A.22A,,IN20A.22A005,"Lacin et al., 2019",FISH,3,1,0,0,0,0,0,0,0,0,0
adult_drosophila_melanogaster,ventral_nerve_cord,20A.22A,,IN20A.22A006,"Lacin et al., 2019",FISH,3,1,0,0,0,0,0,0,0,0,0
adult_drosophila_melanogaster,ventral_nerve_cord,20A.22A,,IN20A.22A007,"Lacin et al., 2019",FISH,3,1,0,0,0,0,0,0,0,0,0
adult_drosophila_melanogaster,ventral_nerve_cord,20A.22A,,IN20A.22A008,"Lacin et al., 2019",FISH,3,1,0,0,0,0,0,0,0,0,0
adult_drosophila_melanogaster,ventral_nerve_cord,20A.22A,,IN20A.22A009,"Lacin et al., 2019",FISH,3,1,0,0,0,0,0,0,0,0,0
adult_drosophila_melanogaster,ventral_nerve_cord,20A.22A,,IN20A.22A010,"Lacin et al., 2019",FISH,3,1,0,0,0,0,0,0,0,0,0
adult_drosophila_melanogaster,ventral_nerve_cord,20A.22A,,IN20A.22A011,"Lacin et al., 2019",FISH,3,1,0,0,0,0,0,0,0,0,0
adult_drosophila_melanogaster,ventral_nerve_cord,20A.22A,,IN20A.22A012,"Lacin et al., 2019",FISH,3,1,0,0,0,0,0,0,0,0,0
adult_drosophila_melanogaster,ventral_nerve_cord,20A.22A,,IN20A.22A013,"Lacin et al., 2019",FISH,3,1,0,0,0,0,0,0,0,0,0
adult_drosophila_melanogaster,ventral_nerve_cord,20A.22A,,IN20A.22A015,"Lacin et al., 2019",FISH,3,1,0,0,0,0,0,0,0,0,0
adult_drosophila_melanogaster,ventral_nerve_cord,20A.22A,,IN20A.22A016,"Lacin et al., 2019",FISH,3,1,0,0,0,0,0,0,0,0,0
adult_drosophila_melanogaster,ventral_nerve_cord,20A.22A,,IN20A.22A017,"Lacin et al., 2019",FISH,3,1,0,0,0,0,0,0,0,0,0
adult_drosophila_melanogaster,ventral_nerve_cord,20A.22A,,IN20A.22A018,"Lacin et al., 2019",FISH,3,1,0,0,0,0,0,0,0,0,0
adult_drosophila_melanogaster,ventral_nerve_cord,20A.22A,,IN20A.22A019,"Lacin et al., 2019",FISH,3,1,0,0,0,0,0,0,0,0,0
adult_drosophila_melanogaster,ventral_nerve_cord,20A.22A,,IN20A.22A021,"Lacin et al., 2019",FISH,3,1,0,0,0,0,0,0,0,0,0
adult_drosophila_melanogaster,ventral_nerve_cord,20A.22A,,IN20A.22A022,"Lacin et al., 2019",FISH,3,1,0,0,0,0,0,0,0,0,0
adult_drosophila_melanogaster,ventral_nerve_cord,20A.22A,,IN20A.22A023,"Lacin et al., 2019",FISH,3,1,0,0,0,0,0,0,0,0,0
adult_drosophila_melanogaster,ventral_nerve_cord,20A.22A,,IN20A.22A024,"Lacin et al., 2019",FISH,3,1,0,0,0,0,0,0,0,0,0
adult_drosophila_melanogaster,ventral_nerve_cord,20A.22A,,IN20A.22A025,"Lacin et al., 2019",FISH,3,1,0,0,0,0,0,0,0,0,0
adult_drosophila_melanogaster,ventral_nerve_cord,20A.22A,,IN20A.22A026,"Lacin et al., 2019",FISH,3,1,0,0,0,0,0,0,0,0,0
adult_drosophila_melanogaster,ventral_nerve_cord,20A.22A,,IN20A.22A027,"Lacin et al., 2019",FISH,3,1,0,0,0,0,0,0,0,0,0
adult_drosophila_melanogaster,ventral_nerve_cord,20A.22A,,IN20A.22A028,"Lacin et al., 2019",FISH,3,1,0,0,0,0,0,0,0,0,0
adult_drosophila_melanogaster,ventral_nerve_cord,20A.22A,,IN20A.22A029,"Lacin et al., 2019",FISH,3,1,0,0,0,0,0,0,0,0,0
adult_drosophila_melanogaster,ventral_nerve_cord,20A.22A,,IN20A.22A030,"Lacin et al., 2019",FISH,3,1,0,0,0,0,0,0,0,0,0
adult_drosophila_melanogaster,ventral_nerve_cord,20A.22A,,IN20A.22A032,"Lacin et al., 2019",FISH,3,1,0,0,0,0,0,0,0,0,0
adult_drosophila_melanogaster,ventral_nerve_cord,20A.22A,,IN20A.22A033,"Lacin et al., 2019",FISH,3,1,0,0,0,0,0,0,0,0,0
adult_drosophila_melanogaster,ventral_nerve_cord,20A.22A,,IN20A.22A034,"Lacin et al., 2019",FISH,3,1,0,0,0,0,0,0,0,0,0
adult_drosophila_melanogaster,ventral_nerve_cord,20A.22A,,IN20A.22A035,"Lacin et al., 2019",FISH,3,1,0,0,0,0,0,0,0,0,0
adult_drosophila_melanogaster,ventral_nerve_cord,20A.22A,,IN20A.22A036,"Lacin et al., 2019",FISH,3,1,0,0,0,0,0,0,0,0,0
adult_drosophila_melanogaster,ventral_nerve_cord,20A.22A,,IN20A.22A037,"Lacin et al., 2019",FISH,3,1,0,0,0,0,0,0,0,0,0
adult_drosophila_melanogaster,ventral_nerve_cord,20A.22A,,IN20A.22A038,"Lacin et al., 2019",FISH,3,1,0,0,0,0,0,0,0,0,0
adult_drosophila_melanogaster,ventral_nerve_cord,20A.22A,,IN20A.22A039,"Lacin et al., 2019",FISH,3,1,0,0,0,0,0,0,0,0,0
adult_drosophila_melanogaster,ventral_nerve_cord,20A.22A,,IN20A.22A040,"Lacin et al., 2019",FISH,3,1,0,0,0,0,0,0,0,0,0
adult_drosophila_melanogaster,ventral_nerve_cord,20A.22A,,IN20A.22A041,"Lacin et al., 2019",FISH,3,1,0,0,0,0,0,0,0,0,0
adult_drosophila_melanogaster,ventral_nerve_cord,20A.22A,,IN20A.22A042,"Lacin et al., 2019",FISH,3,1,0,0,0,0,0,0,0,0,0
adult_drosophila_melanogaster,ventral_nerve_cord,20A.22A,,IN20A.22A043,"Lacin et al., 2019",FISH,3,1,0,0,0,0,0,0,0,0,0
adult_drosophila_melanogaster,ventral_nerve_cord,20A.22A,,IN20A.22A044,"Lacin et al., 2019",FISH,3,1,0,0,0,0,0,0,0,0,0
adult_drosophila_melanogaster,ventral_nerve_cord,20A.22A,,IN20A.22A045,"Lacin et al., 2019",FISH,3,1,0,0,0,0,0,0,0,0,0
adult_drosophila_melanogaster,ventral_nerve_cord,20A.22A,,IN20A.22A046,"Lacin et al., 2019",FISH,3,1,0,0,0,0,0,0,0,0,0
adult_drosophila_melanogaster,ventral_nerve_cord,20A.22A,,IN20A.22A047,"Lacin et al., 2019",FISH,3,1,0,0,0,0,0,0,0,0,0
adult_drosophila_melanogaster,ventral_nerve_cord,20A.22A,,IN20A.22A048,"Lacin et al., 2019",FISH,3,1,0,0,0,0,0,0,0,0,0
adult_drosophila_melanogaster,ventral_nerve_cord,20A.22A,,IN20A.22A049,"Lacin et al., 2019",FISH,3,1,0,0,0,0,0,0,0,0,0
adult_drosophila_melanogaster,ventral_nerve_cord,20A.22A,,IN20A.22A050,"Lacin et al., 2019",FISH,3,1,0,0,0,0,0,0,0,0,0
adult_drosophila_melanogaster,ventral_nerve_cord,20A.22A,,IN20A.22A051,"Lacin et al., 2019",FISH,3,1,0,0,0,0,0,0,0,0,0
adult_drosophila_melanogaster,ventral_nerve_cord,20A.22A,,IN20A.22A052,"Lacin et al., 2019",FISH,3,1,0,0,0,0,0,0,0,0,0
adult_drosophila_melanogaster,ventral_nerve_cord,20A.22A,,IN20A.22A053,"Lacin et al., 2019",FISH,3,1,0,0,0,0,0,0,0,0,0
adult_drosophila_melanogaster,ventral_nerve_cord,20A.22A,,IN20A.22A054,"Lacin et al., 2019",FISH,3,1,0,0,0,0,0,0,0,0,0
adult_drosophila_melanogaster,ventral_nerve_cord,20A.22A,,IN20A.22A055,"Lacin et al., 2019",FISH,3,1,0,0,0,0,0,0,0,0,0
adult_drosophila_melanogaster,ventral_nerve_cord,20A.22A,,IN20A.22A056,"Lacin et al., 2019",FISH,3,1,0,0,0,0,0,0,0,0,0
adult_drosophila_melanogaster,ventral_nerve_cord,20A.22A,,IN20A.22A057,"Lacin et al., 2019",FISH,3,1,0,0,0,0,0,0,0,0,0
adult_drosophila_melanogaster,ventral_nerve_cord,20A.22A,,IN20A.22A058,"Lacin et al., 2019",FISH,3,1,0,0,0,0,0,0,0,0,0
adult_drosophila_melanogaster,ventral_nerve_cord,20A.22A,,IN20A.22A059,"Lacin et al., 2019",FISH,3,1,0,0,0,0,0,0,0,0,0
adult_drosophila_melanogaster,ventral_nerve_cord,20A.22A,,IN20A.22A060,"Lacin et al., 2019",FISH,3,1,0,0,0,0,0,0,0,0,0
adult_drosophila_melanogaster,ventral_nerve_cord,20A.22A,,IN20A.22A061,"Lacin et al., 2019",FISH,3,1,0,0,0,0,0,0,0,0,0
adult_drosophila_melanogaster,ventral_nerve_cord,20A.22A,,IN20A.22A062,"Lacin et al., 2019",FISH,3,1,0,0,0,0,0,0,0,0,0
adult_drosophila_melanogaster,ventral_nerve_cord,20A.22A,,IN20A.22A063,"Lacin et al., 2019",FISH,3,1,0,0,0,0,0,0,0,0,0
adult_drosophila_melanogaster,ventral_nerve_cord,20A.22A,,IN20A.22A064,"Lacin et al., 2019",FISH,3,1,0,0,0,0,0,0,0,0,0
adult_drosophila_melanogaster,ventral_nerve_cord,20A.22A,,IN20A.22A065,"Lacin et al., 2019",FISH,3,1,0,0,0,0,0,0,0,0,0
adult_drosophila_melanogaster,ventral_nerve_cord,20A.22A,,IN20A.22A066,"Lacin et al., 2019",FISH,3,1,0,0,0,0,0,0,0,0,0
adult_drosophila_melanogaster,ventral_nerve_cord,20A.22A,,IN20A.22A067,"Lacin et al., 2019",FISH,3,1,0,0,0,0,0,0,0,0,0
adult_drosophila_melanogaster,ventral_nerve_cord,20A.22A,,IN20A.22A068,"Lacin et al., 2019",FISH,3,1,0,0,0,0,0,0,0,0,0
adult_drosophila_melanogaster,ventral_nerve_cord,20A.22A,,IN20A.22A069,"Lacin et al., 2019",FISH,3,1,0,0,0,0,0,0,0,0,0
adult_drosophila_melanogaster,ventral_nerve_cord,20A.22A,,IN20A.22A070,"Lacin et al., 2019",FISH,3,1,0,0,0,0,0,0,0,0,0
adult_drosophila_melanogaster,ventral_nerve_cord,20A.22A,,IN20A.22A071,"Lacin et al., 2019",FISH,3,1,0,0,0,0,0,0,0,0,0
adult_drosophila_melanogaster,ventral_nerve_cord,20A.22A,,IN20A.22A072,"Lacin et al., 2019",FISH,3,1,0,0,0,0,0,0,0,0,0
adult_drosophila_melanogaster,ventral_nerve_cord,20A.22A,,IN20A.22A073,"Lacin et al., 2019",FISH,3,1,0,0,0,0,0,0,0,0,0
adult_drosophila_melanogaster,ventral_nerve_cord,20A.22A,,IN20A.22A074,"Lacin et al., 2019",FISH,3,1,0,0,0,0,0,0,0,0,0
adult_drosophila_melanogaster,ventral_nerve_cord,20A.22A,,IN20A.22A076,"Lacin et al., 2019",FISH,3,1,0,0,0,0,0,0,0,0,0
adult_drosophila_melanogaster,ventral_nerve_cord,20A.22A,,IN20A.22A077,"Lacin et al., 2019",FISH,3,1,0,0,0,0,0,0,0,0,0
adult_drosophila_melanogaster,ventral_nerve_cord,20A.22A,,IN20A.22A078,"Lacin et al., 2019",FISH,3,1,0,0,0,0,0,0,0,0,0
adult_drosophila_melanogaster,ventral_nerve_cord,20A.22A,,IN20A.22A079,"Lacin et al., 2019",FISH,3,1,0,0,0,0,0,0,0,0,0
adult_drosophila_melanogaster,ventral_nerve_cord,20A.22A,,IN20A.22A080,"Lacin et al., 2019",FISH,3,1,0,0,0,0,0,0,0,0,0
adult_drosophila_melanogaster,ventral_nerve_cord,20A.22A,,IN20A.22A081,"Lacin et al., 2019",FISH,3,1,0,0,0,0,0,0,0,0,0
adult_drosophila_melanogaster,ventral_nerve_cord,20A.22A,,IN20A.22A082,"Lacin et al., 2019",FISH,3,1,0,0,0,0,0,0,0,0,0
adult_drosophila_melanogaster,ventral_nerve_cord,20A.22A,,IN20A.22A083,"Lacin et al., 2019",FISH,3,1,0,0,0,0,0,0,0,0,0
adult_drosophila_melanogaster,ventral_nerve_cord,20A.22A,,IN20A.22A084,"Lacin et al., 2019",FISH,3,1,0,0,0,0,0,0,0,0,0
adult_drosophila_melanogaster,ventral_nerve_cord,20A.22A,,IN20A.22A085,"Lacin et al., 2019",FISH,3,1,0,0,0,0,0,0,0,0,0
adult_drosophila_melanogaster,ventral_nerve_cord,20A.22A,,IN20A.22A086,"Lacin et al., 2019",FISH,3,1,0,0,0,0,0,0,0,0,0
adult_drosophila_melanogaster,ventral_nerve_cord,20A.22A,,IN20A.22A087,"Lacin et al., 2019",FISH,3,1,0,0,0,0,0,0,0,0,0
adult_drosophila_melanogaster,ventral_nerve_cord,20A.22A,,IN20A.22A088,"Lacin et al., 2019",FISH,3,1,0,0,0,0,0,0,0,0,0
adult_drosophila_melanogaster,ventral_nerve_cord,20A.22A,,IN20A.22A089,"Lacin et al., 2019",FISH,3,1,0,0,0,0,0,0,0,0,0
adult_drosophila_melanogaster,ventral_nerve_cord,20A.22A,,IN20A.22A090,"Lacin et al., 2019",FISH,3,1,0,0,0,0,0,0,0,0,0
adult_drosophila_melanogaster,ventral_nerve_cord,20A.22A,,IN20A.22A091,"Lacin et al., 2019",FISH,3,1,0,0,0,0,0,0,0,0,0
adult_drosophila_melanogaster,ventral_nerve_cord,20A.22A,,IN20A.22A092,"Lacin et al., 2019",FISH,3,1,0,0,0,0,0,0,0,0,0
adult_drosophila_melanogaster,ventral_nerve_cord,23B,,IN23B001,"Lacin et al., 2019",FISH,3,1,0,0,0,0,0,0,0,0,0
adult_drosophila_melanogaster,ventral_nerve_cord,23B,,IN23B005,"Lacin et al., 2019",FISH,3,1,0,0,0,0,0,0,0,0,0
adult_drosophila_melanogaster,ventral_nerve_cord,23B,,IN23B006,"Lacin et al., 2019",FISH,3,1,0,0,0,0,0,0,0,0,0
adult_drosophila_melanogaster,ventral_nerve_cord,23B,,IN23B007,"Lacin et al., 2019",FISH,3,1,0,0,0,0,0,0,0,0,0
adult_drosophila_melanogaster,ventral_nerve_cord,23B,,IN23B008,"Lacin et al., 2019",FISH,3,1,0,0,0,0,0,0,0,0,0
adult_drosophila_melanogaster,ventral_nerve_cord,23B,,IN23B009,"Lacin et al., 2019",FISH,3,1,0,0,0,0,0,0,0,0,0
adult_drosophila_melanogaster,ventral_nerve_cord,23B,,IN23B011,"Lacin et al., 2019",FISH,3,1,0,0,0,0,0,0,0,0,0
adult_drosophila_melanogaster,ventral_nerve_cord,23B,,IN23B012,"Lacin et al., 2019",FISH,3,1,0,0,0,0,0,0,0,0,0
adult_drosophila_melanogaster,ventral_nerve_cord,23B,,IN23B013,"Lacin et al., 2019",FISH,3,1,0,0,0,0,0,0,0,0,0
adult_drosophila_melanogaster,ventral_nerve_cord,23B,,IN23B014,"Lacin et al., 2019",FISH,3,1,0,0,0,0,0,0,0,0,0
adult_drosophila_melanogaster,ventral_nerve_cord,23B,,IN23B016,"Lacin et al., 2019",FISH,3,1,0,0,0,0,0,0,0,0,0
adult_drosophila_melanogaster,ventral_nerve_cord,23B,,IN23B017,"Lacin et al., 2019",FISH,3,1,0,0,0,0,0,0,0,0,0
adult_drosophila_melanogaster,ventral_nerve_cord,23B,,IN23B018,"Lacin et al., 2019",FISH,3,1,0,0,0,0,0,0,0,0,0
adult_drosophila_melanogaster,ventral_nerve_cord,23B,,IN23B020,"Lacin et al., 2019",FISH,3,1,0,0,0,0,0,0,0,0,0
adult_drosophila_melanogaster,ventral_nerve_cord,23B,,IN23B021,"Lacin et al., 2019",FISH,3,1,0,0,0,0,0,0,0,0,0
adult_drosophila_melanogaster,ventral_nerve_cord,23B,,IN23B022,"Lacin et al., 2019",FISH,3,1,0,0,0,0,0,0,0,0,0
adult_drosophila_melanogaster,ventral_nerve_cord,23B,,IN23B023,"Lacin et al., 2019",FISH,3,1,0,0,0,0,0,0,0,0,0
adult_drosophila_melanogaster,ventral_nerve_cord,23B,,IN23B024,"Lacin et al., 2019",FISH,3,1,0,0,0,0,0,0,0,0,0
adult_drosophila_melanogaster,ventral_nerve_cord,23B,,IN23B025,"Lacin et al., 2019",FISH,3,1,0,0,0,0,0,0,0,0,0
adult_drosophila_melanogaster,ventral_nerve_cord,23B,,IN23B027,"Lacin et al., 2019",FISH,3,1,0,0,0,0,0,0,0,0,0
adult_drosophila_melanogaster,ventral_nerve_cord,23B,,IN23B028,"Lacin et al., 2019",FISH,3,1,0,0,0,0,0,0,0,0,0
adult_drosophila_melanogaster,ventral_nerve_cord,23B,,IN23B029,"Lacin et al., 2019",FISH,3,1,0,0,0,0,0,0,0,0,0
adult_drosophila_melanogaster,ventral_nerve_cord,23B,,IN23B030,"Lacin et al., 2019",FISH,3,1,0,0,0,0,0,0,0,0,0
adult_drosophila_melanogaster,ventral_nerve_cord,23B,,IN23B031,"Lacin et al., 2019",FISH,3,1,0,0,0,0,0,0,0,0,0
adult_drosophila_melanogaster,ventral_nerve_cord,23B,,IN23B032,"Lacin et al., 2019",FISH,3,1,0,0,0,0,0,0,0,0,0
adult_drosophila_melanogaster,ventral_nerve_cord,23B,,IN23B033,"Lacin et al., 2019",FISH,3,1,0,0,0,0,0,0,0,0,0
adult_drosophila_melanogaster,ventral_nerve_cord,23B,,IN23B034,"Lacin et al., 2019",FISH,3,1,0,0,0,0,0,0,0,0,0
adult_drosophila_melanogaster,ventral_nerve_cord,23B,,IN23B035,"Lacin et al., 2019",FISH,3,1,0,0,0,0,0,0,0,0,0
adult_drosophila_melanogaster,ventral_nerve_cord,23B,,IN23B036,"Lacin et al., 2019",FISH,3,1,0,0,0,0,0,0,0,0,0
adult_drosophila_melanogaster,ventral_nerve_cord,23B,,IN23B037,"Lacin et al., 2019",FISH,3,1,0,0,0,0,0,0,0,0,0
adult_drosophila_melanogaster,ventral_nerve_cord,23B,,IN23B038,"Lacin et al., 2019",FISH,3,1,0,0,0,0,0,0,0,0,0
adult_drosophila_melanogaster,ventral_nerve_cord,23B,,IN23B039,"Lacin et al., 2019",FISH,3,1,0,0,0,0,0,0,0,0,0
adult_drosophila_melanogaster,ventral_nerve_cord,23B,,IN23B040,"Lacin et al., 2019",FISH,3,1,0,0,0,0,0,0,0,0,0
adult_drosophila_melanogaster,ventral_nerve_cord,23B,,IN23B041,"Lacin et al., 2019",FISH,3,1,0,0,0,0,0,0,0,0,0
adult_drosophila_melanogaster,ventral_nerve_cord,23B,,IN23B042,"Lacin et al., 2019",FISH,3,1,0,0,0,0,0,0,0,0,0
adult_drosophila_melanogaster,ventral_nerve_cord,23B,,IN23B043,"Lacin et al., 2019",FISH,3,1,0,0,0,0,0,0,0,0,0
adult_drosophila_melanogaster,ventral_nerve_cord,23B,,IN23B044,"Lacin et al., 2019",FISH,3,1,0,0,0,0,0,0,0,0,0
adult_drosophila_melanogaster,ventral_nerve_cord,23B,,IN23B045,"Lacin et al., 2019",FISH,3,1,0,0,0,0,0,0,0,0,0
adult_drosophila_melanogaster,ventral_nerve_cord,23B,,IN23B046,"Lacin et al., 2019",FISH,3,1,0,0,0,0,0,0,0,0,0
adult_drosophila_melanogaster,ventral_nerve_cord,23B,,IN23B047,"Lacin et al., 2019",FISH,3,1,0,0,0,0,0,0,0,0,0
adult_drosophila_melanogaster,ventral_nerve_cord,23B,,IN23B048,"Lacin et al., 2019",FISH,3,1,0,0,0,0,0,0,0,0,0
adult_drosophila_melanogaster,ventral_nerve_cord,23B,,IN23B049,"Lacin et al., 2019",FISH,3,1,0,0,0,0,0,0,0,0,0
adult_drosophila_melanogaster,ventral_nerve_cord,23B,,IN23B050,"Lacin et al., 2019",FISH,3,1,0,0,0,0,0,0,0,0,0
adult_drosophila_melanogaster,ventral_nerve_cord,23B,,IN23B051,"Lacin et al., 2019",FISH,3,1,0,0,0,0,0,0,0,0,0
adult_drosophila_melanogaster,ventral_nerve_cord,23B,,IN23B052,"Lacin et al., 2019",FISH,3,1,0,0,0,0,0,0,0,0,0
adult_drosophila_melanogaster,ventral_nerve_cord,23B,,IN23B053,"Lacin et al., 2019",FISH,3,1,0,0,0,0,0,0,0,0,0
adult_drosophila_melanogaster,ventral_nerve_cord,23B,,IN23B054,"Lacin et al., 2019",FISH,3,1,0,0,0,0,0,0,0,0,0
adult_drosophila_melanogaster,ventral_nerve_cord,23B,,IN23B055,"Lacin et al., 2019",FISH,3,1,0,0,0,0,0,0,0,0,0
adult_drosophila_melanogaster,ventral_nerve_cord,23B,,IN23B056,"Lacin et al., 2019",FISH,3,1,0,0,0,0,0,0,0,0,0
adult_drosophila_melanogaster,ventral_nerve_cord,23B,,IN23B057,"Lacin et al., 2019",FISH,3,1,0,0,0,0,0,0,0,0,0
adult_drosophila_melanogaster,ventral_nerve_cord,23B,,IN23B058,"Lacin et al., 2019",FISH,3,1,0,0,0,0,0,0,0,0,0
adult_drosophila_melanogaster,ventral_nerve_cord,23B,,IN23B059,"Lacin et al., 2019",FISH,3,1,0,0,0,0,0,0,0,0,0
adult_drosophila_melanogaster,ventral_nerve_cord,23B,,IN23B060,"Lacin et al., 2019",FISH,3,1,0,0,0,0,0,0,0,0,0
adult_drosophila_melanogaster,ventral_nerve_cord,23B,,IN23B061,"Lacin et al., 2019",FISH,3,1,0,0,0,0,0,0,0,0,0
adult_drosophila_melanogaster,ventral_nerve_cord,23B,,IN23B062,"Lacin et al., 2019",FISH,3,1,0,0,0,0,0,0,0,0,0
adult_drosophila_melanogaster,ventral_nerve_cord,23B,,IN23B063,"Lacin et al., 2019",FISH,3,1,0,0,0,0,0,0,0,0,0
adult_drosophila_melanogaster,ventral_nerve_cord,23B,,IN23B064,"Lacin et al., 2019",FISH,3,1,0,0,0,0,0,0,0,0,0
adult_drosophila_melanogaster,ventral_nerve_cord,23B,,IN23B065,"Lacin et al., 2019",FISH,3,1,0,0,0,0,0,0,0,0,0
adult_drosophila_melanogaster,ventral_nerve_cord,23B,,IN23B066,"Lacin et al., 2019",FISH,3,1,0,0,0,0,0,0,0,0,0
adult_drosophila_melanogaster,ventral_nerve_cord,23B,,IN23B067,"Lacin et al., 2019",FISH,3,1,0,0,0,0,0,0,0,0,0
adult_drosophila_melanogaster,ventral_nerve_cord,23B,,IN23B068,"Lacin et al., 2019",FISH,3,1,0,0,0,0,0,0,0,0,0
adult_drosophila_melanogaster,ventral_nerve_cord,23B,,IN23B069,"Lacin et al., 2019",FISH,3,1,0,0,0,0,0,0,0,0,0
adult_drosophila_melanogaster,ventral_nerve_cord,23B,,IN23B070,"Lacin et al., 2019",FISH,3,1,0,0,0,0,0,0,0,0,0
adult_drosophila_melanogaster,ventral_nerve_cord,23B,,IN23B071,"Lacin et al., 2019",FISH,3,1,0,0,0,0,0,0,0,0,0
adult_drosophila_melanogaster,ventral_nerve_cord,23B,,IN23B072,"Lacin et al., 2019",FISH,3,1,0,0,0,0,0,0,0,0,0
adult_drosophila_melanogaster,ventral_nerve_cord,23B,,IN23B073,"Lacin et al., 2019",FISH,3,1,0,0,0,0,0,0,0,0,0
adult_drosophila_melanogaster,ventral_nerve_cord,23B,,IN23B074,"Lacin et al., 2019",FISH,3,1,0,0,0,0,0,0,0,0,0
adult_drosophila_melanogaster,ventral_nerve_cord,23B,,IN23B075,"Lacin et al., 2019",FISH,3,1,0,0,0,0,0,0,0,0,0
adult_drosophila_melanogaster,ventral_nerve_cord,23B,,IN23B076,"Lacin et al., 2019",FISH,3,1,0,0,0,0,0,0,0,0,0
adult_drosophila_melanogaster,ventral_nerve_cord,23B,,IN23B077,"Lacin et al., 2019",FISH,3,1,0,0,0,0,0,0,0,0,0
adult_drosophila_melanogaster,ventral_nerve_cord,23B,,IN23B078,"Lacin et al., 2019",FISH,3,1,0,0,0,0,0,0,0,0,0
adult_drosophila_melanogaster,ventral_nerve_cord,23B,,IN23B079,"Lacin et al., 2019",FISH,3,1,0,0,0,0,0,0,0,0,0
adult_drosophila_melanogaster,ventral_nerve_cord,23B,,IN23B080,"Lacin et al., 2019",FISH,3,1,0,0,0,0,0,0,0,0,0
adult_drosophila_melanogaster,ventral_nerve_cord,23B,,IN23B081,"Lacin et al., 2019",FISH,3,1,0,0,0,0,0,0,0,0,0
adult_drosophila_melanogaster,ventral_nerve_cord,23B,,IN23B082,"Lacin et al., 2019",FISH,3,1,0,0,0,0,0,0,0,0,0
adult_drosophila_melanogaster,ventral_nerve_cord,23B,,IN23B083,"Lacin et al., 2019",FISH,3,1,0,0,0,0,0,0,0,0,0
adult_drosophila_melanogaster,ventral_nerve_cord,23B,,IN23B084,"Lacin et al., 2019",FISH,3,1,0,0,0,0,0,0,0,0,0
adult_drosophila_melanogaster,ventral_nerve_cord,23B,,IN23B085,"Lacin et al., 2019",FISH,3,1,0,0,0,0,0,0,0,0,0
adult_drosophila_melanogaster,ventral_nerve_cord,23B,,IN23B086,"Lacin et al., 2019",FISH,3,1,0,0,0,0,0,0,0,0,0
adult_drosophila_melanogaster,ventral_nerve_cord,23B,,IN23B087,"Lacin et al., 2019",FISH,3,1,0,0,0,0,0,0,0,0,0
adult_drosophila_melanogaster,ventral_nerve_cord,23B,,IN23B088,"Lacin et al., 2019",FISH,3,1,0,0,0,0,0,0,0,0,0
adult_drosophila_melanogaster,ventral_nerve_cord,23B,,IN23B089,"Lacin et al., 2019",FISH,3,1,0,0,0,0,0,0,0,0,0
adult_drosophila_melanogaster,ventral_nerve_cord,23B,,IN23B090,"Lacin et al., 2019",FISH,3,1,0,0,0,0,0,0,0,0,0
adult_drosophila_melanogaster,ventral_nerve_cord,23B,,IN23B091,"Lacin et al., 2019",FISH,3,1,0,0,0,0,0,0,0,0,0
adult_drosophila_melanogaster,ventral_nerve_cord,23B,,IN23B092,"Lacin et al., 2019",FISH,3,1,0,0,0,0,0,0,0,0,0
adult_drosophila_melanogaster,ventral_nerve_cord,23B,,IN23B093,"Lacin et al., 2019",FISH,3,1,0,0,0,0,0,0,0,0,0
adult_drosophila_melanogaster,ventral_nerve_cord,23B,,IN23B094,"Lacin et al., 2019",FISH,3,1,0,0,0,0,0,0,0,0,0
adult_drosophila_melanogaster,ventral_nerve_cord,07B,,LBL40,"Lacin et al., 2019",FISH,3,1,0,0,0,0,0,0,0,0,0
adult_drosophila_melanogaster,ventral_nerve_cord,15B,,ltm MN,"Lacin et al., 2019",FISH,3,0,1,0,0,0,0,0,0,0,0
adult_drosophila_melanogaster,ventral_nerve_cord,15B,,ltm1-tibia MN,"Lacin et al., 2019",FISH,3,0,1,0,0,0,0,0,0,0,0
adult_drosophila_melanogaster,ventral_nerve_cord,15B,,ltm2-femur MN,"Lacin et al., 2019",FISH,3,0,1,0,0,0,0,0,0,0,0
adult_drosophila_melanogaster,ventral_nerve_cord,08A,,MNad28,"Lacin et al., 2019",FISH,3,0,1,0,0,0,0,0,0,0,0
adult_drosophila_melanogaster,ventral_nerve_cord,24B.25B,,MNhl29,"Lacin et al., 2019",FISH,3,0,1,0,0,0,0,0,0,0,0
adult_drosophila_melanogaster,ventral_nerve_cord,15B,,MNhl63,"Lacin et al., 2019",FISH,3,0,1,0,0,0,0,0,0,0,0
adult_drosophila_melanogaster,ventral_nerve_cord,15B,,MNhl65,"Lacin et al., 2019",FISH,3,0,1,0,0,0,0,0,0,0,0
adult_drosophila_melanogaster,ventral_nerve_cord,15B,,MNhl67,"Lacin et al., 2019",FISH,3,0,1,0,0,0,0,0,0,0,0
adult_drosophila_melanogaster,ventral_nerve_cord,15B,,MNhl68,"Lacin et al., 2019",FISH,3,0,1,0,0,0,0,0,0,0,0
adult_drosophila_melanogaster,ventral_nerve_cord,15B,,MNhl73,"Lacin et al., 2019",FISH,3,0,1,0,0,0,0,0,0,0,0
adult_drosophila_melanogaster,ventral_nerve_cord,16B,,MNhm03,"Lacin et al., 2019",FISH,3,0,1,0,0,0,0,0,0,0,0
adult_drosophila_melanogaster,ventral_nerve_cord,16B,,MNhm42,"Lacin et al., 2019",FISH,3,0,1,0,0,0,0,0,0,0,0
adult_drosophila_melanogaster,ventral_nerve_cord,16B,,MNhm43,"Lacin et al., 2019",FISH,3,0,1,0,0,0,0,0,0,0,0
adult_drosophila_melanogaster,ventral_nerve_cord,24B.25B,,MNml29,"Lacin et al., 2019",FISH,3,0,1,0,0,0,0,0,0,0,0
adult_drosophila_melanogaster,ventral_nerve_cord,15B,,MNml76,"Lacin et al., 2019",FISH,3,0,1,0,0,0,0,0,0,0,0
adult_drosophila_melanogaster,ventral_nerve_cord,15B,,MNml77,"Lacin et al., 2019",FISH,3,0,1,0,0,0,0,0,0,0,0
adult_drosophila_melanogaster,ventral_nerve_cord,15B,,MNml78,"Lacin et al., 2019",FISH,3,0,1,0,0,0,0,0,0,0,0
adult_drosophila_melanogaster,ventral_nerve_cord,15B,,MNml79,"Lacin et al., 2019",FISH,3,0,1,0,0,0,0,0,0,0,0
adult_drosophila_melanogaster,ventral_nerve_cord,15B,,MNml80,"Lacin et al., 2019",FISH,3,0,1,0,0,0,0,0,0,0,0
adult_drosophila_melanogaster,ventral_nerve_cord,15B,,MNml82,"Lacin et al., 2019",FISH,3,0,1,0,0,0,0,0,0,0,0
adult_drosophila_melanogaster,ventral_nerve_cord,15B,,MNml83,"Lacin et al., 2019",FISH,3,0,1,0,0,0,0,0,0,0,0
adult_drosophila_melanogaster,ventral_nerve_cord,15B,,MNml85,"Lacin et al., 2019",FISH,3,0,1,0,0,0,0,0,0,0,0
adult_drosophila_melanogaster,ventral_nerve_cord,16B,,MNnm03,"Lacin et al., 2019",FISH,3,0,1,0,0,0,0,0,0,0,0
adult_drosophila_melanogaster,ventral_nerve_cord,16B,,MNnm07,"Lacin et al., 2019",FISH,3,0,1,0,0,0,0,0,0,0,0
adult_drosophila_melanogaster,ventral_nerve_cord,16B,,MNnm08,"Lacin et al., 2019",FISH,3,0,1,0,0,0,0,0,0,0,0
adult_drosophila_melanogaster,ventral_nerve_cord,16B,,MNnm09,"Lacin et al., 2019",FISH,3,0,1,0,0,0,0,0,0,0,0
adult_drosophila_melanogaster,ventral_nerve_cord,16B,,MNnm10,"Lacin et al., 2019",FISH,3,0,1,0,0,0,0,0,0,0,0
adult_drosophila_melanogaster,ventral_nerve_cord,16B,,MNnm11,"Lacin et al., 2019",FISH,3,0,1,0,0,0,0,0,0,0,0
adult_drosophila_melanogaster,ventral_nerve_cord,16B,,MNnm12,"Lacin et al., 2019",FISH,3,0,1,0,0,0,0,0,0,0,0
adult_drosophila_melanogaster,ventral_nerve_cord,16B,,MNnm13,"Lacin et al., 2019",FISH,3,0,1,0,0,0,0,0,0,0,0
adult_drosophila_melanogaster,ventral_nerve_cord,16B,,MNnm14,"Lacin et al., 2019",FISH,3,0,1,0,0,0,0,0,0,0,0
adult_drosophila_melanogaster,ventral_nerve_cord,08A,,MNwm36,"Lacin et al., 2019",FISH,3,0,1,0,0,0,0,0,0,0,0
adult_drosophila_melanogaster,ventral_nerve_cord,08A,,ps2 MN,"Lacin et al., 2019",FISH,3,0,1,0,0,0,0,0,0,0,0
adult_drosophila_melanogaster,ventral_nerve_cord,15B,,Ta depressor MN,"Lacin et al., 2019",FISH,3,0,1,0,0,0,0,0,0,0,0
adult_drosophila_melanogaster,ventral_nerve_cord,15B,,Ta levator MN,"Lacin et al., 2019",FISH,3,0,1,0,0,0,0,0,0,0,0
adult_drosophila_melanogaster,ventral_nerve_cord,08A,,Tergopleural/Pleural promotor MN,"Lacin et al., 2019",FISH,3,0,1,0,0,0,0,0,0,0,0
adult_drosophila_melanogaster,ventral_nerve_cord,15B,,Ti flexor MN,"Lacin et al., 2019",FISH,3,0,1,0,0,0,0,0,0,0,0
adult_drosophila_melanogaster,ventral_nerve_cord,12A,,TN1a,"Lacin et al., 2019",FISH,3,1,0,0,0,0,0,0,0,0,0
adult_drosophila_melanogaster,ventral_nerve_cord,12A,,TN1c,"Lacin et al., 2019",FISH,3,1,0,0,0,0,0,0,0,0,0
adult_drosophila_melanogaster,ventral_nerve_cord,16B,,tp1 MN,"Lacin et al., 2019",FISH,3,0,1,0,0,0,0,0,0,0,0
adult_drosophila_melanogaster,ventral_nerve_cord,16B,,tp2 MN,"Lacin et al., 2019",FISH,3,0,1,0,0,0,0,0,0,0,0
adult_drosophila_melanogaster,ventral_nerve_cord,16B,,tpn MN,"Lacin et al., 2019",FISH,3,0,1,0,0,0,0,0,0,0,0
adult_drosophila_melanogaster,ventral_nerve_cord,24B.25B,,Tr flexor MN,"Lacin et al., 2019",FISH,3,0,1,0,0,0,0,0,0,0,0
adult_drosophila_melanogaster,ventral_nerve_cord,08A,,TTMn,"Lacin et al., 2019",FISH,3,0,1,0,0,0,0,0,0,0,0
adult_drosophila_melanogaster,ventral_nerve_cord,08A,,vMS11,"Lacin et al., 2019",FISH,3,0,1,0,0,0,0,0,0,0,0
adult_drosophila_melanogaster,ventral_nerve_cord,12A,,vMS12,"Lacin et al., 2019",FISH,3,1,0,0,0,0,0,0,0,0,0
adult_drosophila_melanogaster,neck_connective,06B,,vMS13,"Lacin et al., 2019",FISH,3,0,0,1,0,0,0,0,0,0,0
adult_drosophila_melanogaster,ventral_nerve_cord,12A,,vPR6,"Lacin et al., 2019",FISH,3,1,0,0,0,0,0,0,0,0,0
adult_drosophila_melanogaster,ventral_nerve_cord,00A,,vPR9,"Lacin et al., 2019",FISH,3,0,0,1,0,0,0,0,0,0,0
adult_drosophila_melanogaster,central_brain,putative_primary,,DPM,Lee et al. 2011,immuno,5,0,0,0,0,0,1,0,0,0,0
adult_drosophila_melanogaster,central_brain,ALv1,,ALv1_23,Liang et al. 2013,immuno,5,0,0,1,0,0,0,0,0,0,0
adult_drosophila_melanogaster,central_brain,ALv1,,CB1041,Liang et al. 2013,immuno,5,0,0,1,0,0,0,0,0,0,0
adult_drosophila_melanogaster,central_brain,ALv1,,CB2020,Liang et al. 2013,immuno,5,0,0,1,0,0,0,0,0,0,0
adult_drosophila_melanogaster,central_brain,ALv1,,CB2307,Liang et al. 2013,immuno,5,0,0,1,0,0,0,0,0,0,0
adult_drosophila_melanogaster,central_brain,ALv1,,CB2372,Liang et al. 2013,immuno,5,0,0,1,0,0,0,0,0,0,0
adult_drosophila_melanogaster,central_brain,ALv1,,CB2536,Liang et al. 2013,immuno,5,0,0,1,0,0,0,0,0,0,0
adult_drosophila_melanogaster,central_brain,ALv1,,CB2561,Liang et al. 2013,immuno,5,0,0,1,0,0,0,0,0,0,0
adult_drosophila_melanogaster,central_brain,ALv1,,CB2703,Liang et al. 2013,immuno,5,0,0,1,0,0,0,0,0,0,0
adult_drosophila_melanogaster,central_brain,ALv1,,CB2711,Liang et al. 2013,immuno,5,0,0,1,0,0,0,0,0,0,0
adult_drosophila_melanogaster,central_brain,ALv1,,CB2761,Liang et al. 2013,immuno,5,0,0,1,0,0,0,0,0,0,0
adult_drosophila_melanogaster,central_brain,ALv1,,CB2772,Liang et al. 2013,immuno,5,0,0,1,0,0,0,0,0,0,0
adult_drosophila_melanogaster,central_brain,ALv1,,CB2900,Liang et al. 2013,immuno,5,0,0,1,0,0,0,0,0,0,0
adult_drosophila_melanogaster,central_brain,ALv1,,CB3447,Liang et al. 2013,immuno,5,0,0,1,0,0,0,0,0,0,0
adult_drosophila_melanogaster,central_brain,ALv1,,CB3457,Liang et al. 2013,immuno,5,0,0,1,0,0,0,0,0,0,0
adult_drosophila_melanogaster,central_brain,ALv1,,CB3597,Liang et al. 2013,immuno,5,0,0,1,0,0,0,0,0,0,0
adult_drosophila_melanogaster,central_brain,ALv1,,CB1296,"Liang et al., 2013","immuno, MARCM",5,0,0,1,0,0,0,0,0,0,0
adult_drosophila_melanogaster,central_brain,ALv1,,CB2004,"Liang et al., 2013","immuno, MARCM",5,0,0,1,0,0,0,0,0,0,0
adult_drosophila_melanogaster,central_brain,ALv1,,CB2589,"Liang et al., 2013","immuno, MARCM",5,0,0,1,0,0,0,0,0,0,0
adult_drosophila_melanogaster,central_brain,ALv1,,CB3228,"Liang et al., 2013","immuno, MARCM",5,0,0,1,0,0,0,0,0,0,0
adult_drosophila_melanogaster,central_brain,ALv1,,DA1_vPN,"Liang et al., 2013","immuno, MARCM",5,0,0,1,0,0,0,0,0,0,0
adult_drosophila_melanogaster,central_brain,ALv1,,DC4_vPN,"Liang et al., 2013","immuno, MARCM",5,0,0,1,0,0,0,0,0,0,0
adult_drosophila_melanogaster,central_brain,ALv1,,DL2d_vPN,"Liang et al., 2013","immuno, MARCM",5,0,0,1,0,0,0,0,0,0,0
adult_drosophila_melanogaster,central_brain,ALv1,,DM4_vPN,"Liang et al., 2013","immuno, MARCM",5,0,0,1,0,0,0,0,0,0,0
adult_drosophila_melanogaster,central_brain,ALv1,,DP1l_vPN,"Liang et al., 2013","immuno, MARCM",5,0,0,1,0,0,0,0,0,0,0
adult_drosophila_melanogaster,central_brain,ALv1,,DP1m_vPN,"Liang et al., 2013","immuno, MARCM",5,0,0,1,0,0,0,0,0,0,0
adult_drosophila_melanogaster,central_brain,ALv1,,M_vPNml50,"Liang et al., 2013","immuno, MARCM",5,0,0,1,0,0,0,0,0,0,0
adult_drosophila_melanogaster,central_brain,ALv1,,M_vPNml51,"Liang et al., 2013","immuno, MARCM",5,0,0,1,0,0,0,0,0,0,0
adult_drosophila_melanogaster,central_brain,ALv1,,M_vPNml53,"Liang et al., 2013","immuno, MARCM",5,0,0,1,0,0,0,0,0,0,0
adult_drosophila_melanogaster,central_brain,ALv1,,M_vPNml54,"Liang et al., 2013","immuno, MARCM",5,0,0,1,0,0,0,0,0,0,0
adult_drosophila_melanogaster,central_brain,ALv1,,M_vPNml55,"Liang et al., 2013","immuno, MARCM",5,0,0,1,0,0,0,0,0,0,0
adult_drosophila_melanogaster,central_brain,ALv1,,"M_vPNml56,M_vPNml58","Liang et al., 2013","immuno, MARCM",5,0,0,1,0,0,0,0,0,0,0
adult_drosophila_melanogaster,central_brain,ALv1,,M_vPNml57,"Liang et al., 2013","immuno, MARCM",5,0,0,1,0,0,0,0,0,0,0
adult_drosophila_melanogaster,central_brain,ALv1,,M_vPNml60,"Liang et al., 2013","immuno, MARCM",5,0,0,1,0,0,0,0,0,0,0
adult_drosophila_melanogaster,central_brain,ALv1,,M_vPNml62,"Liang et al., 2013","immuno, MARCM",5,0,0,1,0,0,0,0,0,0,0
adult_drosophila_melanogaster,central_brain,ALv1,,M_vPNml63,"Liang et al., 2013","immuno, MARCM",5,0,0,1,0,0,0,0,0,0,0
adult_drosophila_melanogaster,central_brain,ALv1,,M_vPNml64,"Liang et al., 2013","immuno, MARCM",5,0,0,1,0,0,0,0,0,0,0
adult_drosophila_melanogaster,central_brain,ALv1,,M_vPNml65,"Liang et al., 2013","immuno, MARCM",5,0,0,1,0,0,0,0,0,0,0
adult_drosophila_melanogaster,central_brain,ALv1,,M_vPNml67,"Liang et al., 2013","immuno, MARCM",5,0,0,1,0,0,0,0,0,0,0
adult_drosophila_melanogaster,central_brain,ALv1,,M_vPNml68,"Liang et al., 2013","immuno, MARCM",5,0,0,1,0,0,0,0,0,0,0
adult_drosophila_melanogaster,central_brain,ALv1,,M_vPNml69,"Liang et al., 2013","immuno, MARCM",5,0,0,1,0,0,0,0,0,0,0
adult_drosophila_melanogaster,central_brain,ALv1,,M_vPNml72,"Liang et al., 2013","immuno, MARCM",5,0,0,1,0,0,0,0,0,0,0
adult_drosophila_melanogaster,central_brain,ALv1,,M_vPNml80,"Liang et al., 2013","immuno, MARCM",5,0,0,1,0,0,0,0,0,0,0
adult_drosophila_melanogaster,central_brain,ALv1,,M_vPNml84,"Liang et al., 2013","immuno, MARCM",5,0,0,1,0,0,0,0,0,0,0
adult_drosophila_melanogaster,central_brain,ALv1,,"M_vPNml85,M_vPNml88,M_vPNml89,DM3_vPN","Liang et al., 2013","immuno, MARCM",5,0,0,1,0,0,0,0,0,0,0
adult_drosophila_melanogaster,central_brain,ALv1,,VA1d_vPN,"Liang et al., 2013","immuno, MARCM",5,0,0,1,0,0,0,0,0,0,0
adult_drosophila_melanogaster,central_brain,ALv1,,VA1v_vPN,"Liang et al., 2013","immuno, MARCM",5,0,0,1,0,0,0,0,0,0,0
adult_drosophila_melanogaster,central_brain,ALv1,,VL1_vPN,"Liang et al., 2013","immuno, MARCM",5,0,0,1,0,0,0,0,0,0,0
adult_drosophila_melanogaster,central_brain,ALv1,,VL2a_vPN,"Liang et al., 2013","immuno, MARCM",5,0,0,1,0,0,0,0,0,0,0
adult_drosophila_melanogaster,central_brain,ALv1,,VL2p_vPN,"Liang et al., 2013","immuno, MARCM",5,0,0,1,0,0,0,0,0,0,0
adult_drosophila_melanogaster,central_brain,ALv1,,VP3+_vPN,"Liang et al., 2013","immuno, MARCM",5,0,0,1,0,0,0,0,0,0,0
adult_drosophila_melanogaster,central_brain,ALv1,,VP4_vPN,"Liang et al., 2013","immuno, MARCM",5,0,0,1,0,0,0,0,0,0,0
adult_drosophila_melanogaster,central_brain,ALv1,,VP4+_vPN,"Liang et al., 2013","immuno, MARCM",5,0,0,1,0,0,0,0,0,0,0
adult_drosophila_melanogaster,central_brain,putative_primary,,APL,Liu et al. 2009,immuno,5,0,0,1,0,0,0,0,0,0,0
adult_drosophila_melanogaster,central_brain,LALv1_dorsal,,LNO2,Lu et al. 2021,intersection,4,0,1,0,0,0,0,0,0,0,0
adult_drosophila_melanogaster,ventral_nerve_cord,0,,SNpp23,"Luo et al.,",immuno,5,0,0,0,0,0,1,0,0,0,0
adult_drosophila_melanogaster,neck_connective,0,,SNxx31,"Luo et al.,",immuno,5,0,0,0,0,0,1,0,0,0,0
adult_drosophila_melanogaster,central_brain,putative_primary,,DN1a,"Ma et al., 2021",scRNA-seq,3,0,1,0,0,0,0,0,0,0,0
adult_drosophila_melanogaster,central_brain,SMPpd2,,SMP540,"Ma et al., 2021",scRNA-seq,3,0,1,0,0,0,0,0,0,0,0
adult_drosophila_melanogaster,neck_connective,0,,SApp23,"Mamiya et al., 2019",transgenics,2,1,0,0,0,0,0,0,0,0,0
adult_drosophila_melanogaster,ventral_nerve_cord,0,,SNpp39,"Mamiya et al., 2019",transgenics,2,1,0,0,0,0,0,0,0,0,0
adult_drosophila_melanogaster,ventral_nerve_cord,0,,SNpp40,"Mamiya et al., 2019",transgenics,2,1,0,0,0,0,0,0,0,0,0
adult_drosophila_melanogaster,ventral_nerve_cord,0,,SNpp41,"Mamiya et al., 2019",transgenics,2,1,0,0,0,0,0,0,0,0,0
adult_drosophila_melanogaster,ventral_nerve_cord,0,,SNpp43,"Mamiya et al., 2019",transgenics,2,1,0,0,0,0,0,0,0,0,0
adult_drosophila_melanogaster,ventral_nerve_cord,0,,SNpp47,"Mamiya et al., 2019",transgenics,2,1,0,0,0,0,0,0,0,0,0
adult_drosophila_melanogaster,ventral_nerve_cord,0,,SNpp50,"Mamiya et al., 2019",transgenics,2,1,0,0,0,0,0,0,0,0,0
adult_drosophila_melanogaster,ventral_nerve_cord,0,,SNpp51,"Mamiya et al., 2019",transgenics,2,1,0,0,0,0,0,0,0,0,0
adult_drosophila_melanogaster,ventral_nerve_cord,0,,SNpp56,"Mamiya et al., 2019",transgenics,2,1,0,0,0,0,0,0,0,0,0
adult_drosophila_melanogaster,ventral_nerve_cord,0,,SNpp57,"Mamiya et al., 2019",transgenics,2,1,0,0,0,0,0,0,0,0,0
adult_drosophila_melanogaster,ventral_nerve_cord,0,,SNpp58,"Mamiya et al., 2019",transgenics,2,1,0,0,0,0,0,0,0,0,0
adult_drosophila_melanogaster,ventral_nerve_cord,0,,SNpp59,"Mamiya et al., 2019",transgenics,2,1,0,0,0,0,0,0,0,0,0
adult_drosophila_melanogaster,ventral_nerve_cord,0,,SNpp60,"Mamiya et al., 2019",transgenics,2,1,0,0,0,0,0,0,0,0,0
adult_drosophila_melanogaster,ventral_nerve_cord,0,,SNppxx,"Mamiya et al., 2019",transgenics,2,1,0,0,0,0,0,0,0,0,0
adult_drosophila_melanogaster,central_brain,CREa1_dorsal,,CB2730,Mao & Davis 2009,immuno,5,0,0,0,0,1,0,0,0,0,0
adult_drosophila_melanogaster,central_brain,CREa1_dorsal,,PAM01,Mao & Davis 2009,immuno,5,0,0,0,0,1,0,0,0,0,0
adult_drosophila_melanogaster,central_brain,CREa2_medial,,PAM02,Mao & Davis 2009,immuno,5,0,0,0,0,1,0,0,0,0,0
adult_drosophila_melanogaster,central_brain,CREa2_medial,,PAM03,Mao & Davis 2009,immuno,5,0,0,0,0,1,0,0,0,0,0
adult_drosophila_melanogaster,central_brain,CREa1_dorsal,,PAM04,Mao & Davis 2009,immuno,5,0,0,0,0,1,0,0,0,0,0
adult_drosophila_melanogaster,central_brain,CREa1_dorsal,,PAM05,Mao & Davis 2009,immuno,5,0,0,0,0,1,0,0,0,0,0
adult_drosophila_melanogaster,central_brain,CREa1_dorsal,,PAM06,Mao & Davis 2009,immuno,5,0,0,0,0,1,0,0,0,0,0
adult_drosophila_melanogaster,central_brain,CREa1_dorsal,,PAM07,Mao & Davis 2009,immuno,5,0,0,0,0,1,0,0,0,0,0
adult_drosophila_melanogaster,central_brain,CREa1_dorsal,,PAM08,Mao & Davis 2009,immuno,5,0,0,0,0,1,0,0,0,0,0
adult_drosophila_melanogaster,central_brain,CREa1_dorsal,,PAM09,Mao & Davis 2009,immuno,5,0,0,0,0,1,0,0,0,0,0
adult_drosophila_melanogaster,central_brain,CREa1_dorsal,,PAM10,Mao & Davis 2009,immuno,5,0,0,0,0,1,0,0,0,0,0
adult_drosophila_melanogaster,central_brain,CREa1_dorsal,,PAM11,Mao & Davis 2009,immuno,5,0,0,0,0,1,0,0,0,0,0
adult_drosophila_melanogaster,central_brain,CREa2_medial,,PAM12,Mao & Davis 2009,immuno,5,0,0,0,0,1,0,0,0,0,0
adult_drosophila_melanogaster,central_brain,CREa1_dorsal,,PAM13,Mao & Davis 2009,immuno,5,0,0,0,0,1,0,0,0,0,0
adult_drosophila_melanogaster,central_brain,CREa2_medial,,PAM14,Mao & Davis 2009,immuno,5,0,0,0,0,1,0,0,0,0,0
adult_drosophila_melanogaster,central_brain,CREa2_medial,,PAM15,Mao & Davis 2009,immuno,5,0,0,0,0,1,0,0,0,0,0
adult_drosophila_melanogaster,central_brain,putative_primary,,PPL101,Mao & Davis 2009,immuno,5,0,0,0,0,1,0,0,0,0,0
adult_drosophila_melanogaster,central_brain,putative_primary,,PPL102,Mao & Davis 2009,immuno,5,0,0,0,0,1,0,0,0,0,0
adult_drosophila_melanogaster,central_brain,putative_primary,,PPL103,Mao & Davis 2009,immuno,5,0,0,0,0,1,0,0,0,0,0
adult_drosophila_melanogaster,central_brain,putative_primary,,PPL104,Mao & Davis 2009,immuno,5,0,0,0,0,1,0,0,0,0,0
adult_drosophila_melanogaster,central_brain,putative_primary,,PPL105,Mao & Davis 2009,immuno,5,0,0,0,0,1,0,0,0,0,0
adult_drosophila_melanogaster,central_brain,putative_primary,,PPL106,Mao & Davis 2009,immuno,5,0,0,0,0,1,0,0,0,0,0
adult_drosophila_melanogaster,central_brain,putative_primary,,PPL107,Mao & Davis 2009,immuno,5,0,0,0,0,1,0,0,0,0,0
adult_drosophila_melanogaster,central_brain,putative_primary,,PPL108,Mao & Davis 2009,immuno,5,0,0,0,0,1,0,0,0,0,0
adult_drosophila_melanogaster,central_brain,putative_primary,,PPL201,Mao & Davis 2009,immuno,5,0,0,0,0,1,0,0,0,0,0
adult_drosophila_melanogaster,central_brain,putative_primary,,PPL202,Mao & Davis 2009,immuno,5,0,0,0,0,1,0,0,0,0,0
adult_drosophila_melanogaster,central_brain,putative_primary,,PPL203,Mao & Davis 2009,immuno,5,0,0,0,0,1,0,0,0,0,0
adult_drosophila_melanogaster,central_brain,putative_primary,,PPL204,Mao & Davis 2009,immuno,5,0,0,0,0,1,0,0,0,0,0
adult_drosophila_melanogaster,central_brain,DM2_or_DM3_posterior,,PPM1201,Mao & Davis 2009,immuno,5,0,0,0,0,1,0,0,0,0,0
adult_drosophila_melanogaster,central_brain,DM2_or_DM3_posterior,,PPM1202,Mao & Davis 2009,immuno,5,0,0,0,0,1,0,0,0,0,0
adult_drosophila_melanogaster,central_brain,putative_primary,,PPM1203,Mao & Davis 2009,immuno,5,0,0,0,0,1,0,0,0,0,0
adult_drosophila_melanogaster,central_brain,DM2_or_DM3_posterior,,"PPM1204,PS139",Mao & Davis 2009,"immuno, unsure",1,0,0,0,0,1,0,0,0,0,0
adult_drosophila_melanogaster,central_brain,SMPpm1,,PPM1205,Mao & Davis 2009,immuno,5,0,0,0,0,1,0,0,0,0,0
adult_drosophila_melanogaster,central_brain,putative_primary,LoVC18,cL16,Mao and Davis 2009,immuno,5,0,0,0,0,1,0,0,0,0,0
adult_drosophila_melanogaster,central_brain,putative_primary,LoVC22,cLLP02,Mao and Davis 2009,immuno,5,0,0,0,0,1,0,0,0,0,0
adult_drosophila_melanogaster,optic_lobe,0,s-LNv,s-LNv_b,"Mao et al., 2024",transgenics,2,0,-1,0,1,0,0,0,0,0,0
adult_drosophila_melanogaster,central_brain,putative_primary,,l-LNv,"Mao et al., 2024",transgenics,2,-1,0,0,1,0,0,0,0,0,0
larval_drosophila_melanogaster,cns,unpublished,,A02a- looper-1_a1l,Mark et al. 2019,0,2,0,1,0,0,0,0,0,0,0,0
larval_drosophila_melanogaster,cns,unpublished,,A02c?_a1l ,Mark et al. 2019,0,2,0,1,0,0,0,0,0,0,0,0
larval_drosophila_melanogaster,cns,unpublished,,A02j_a1l,Mark et al. 2019,0,4,0,1,0,0,0,0,0,0,0,0
larval_drosophila_melanogaster,cns,unpublished,,A02k Pseudolooper-1_a1l ,Mark et al. 2019,0,2,0,1,0,0,0,0,0,0,0,0
larval_drosophila_melanogaster,cns,unpublished,,A03 (upstream of A08m)_a1l,Mark et al. 2019,0,2,1,0,0,0,0,0,0,0,0,0
larval_drosophila_melanogaster,cns,unpublished,,A03 ipsilateral local_a1l,Mark et al. 2019,0,2,1,0,0,0,0,0,0,0,0,0
larval_drosophila_melanogaster,cns,unpublished,,A03_preA08m_a1l,Mark et al. 2019,0,2,1,0,0,0,0,0,0,0,0,0
larval_drosophila_melanogaster,cns,unpublished,,A03a5_a2l,Mark et al. 2019,0,2,1,0,0,0,0,0,0,0,0,0
larval_drosophila_melanogaster,cns,unpublished,,A03d?_a2l,Mark et al. 2019,0,2,1,0,0,0,0,0,0,0,0,0
larval_drosophila_melanogaster,cns,unpublished,,A03o1_a1l,Mark et al. 2019,0,2,1,0,0,0,0,0,0,0,0,0
larval_drosophila_melanogaster,cns,unpublished,,A03t_a1l,Mark et al. 2019,0,2,1,0,0,0,0,0,0,0,0,0
larval_drosophila_melanogaster,cns,unpublished,,A03xxx Ipsilateral mixed LN_a1l ,Mark et al. 2019,0,2,1,0,0,0,0,0,0,0,0,0
larval_drosophila_melanogaster,cns,unpublished,,A03xyz_a2l,Mark et al. 2019,0,2,1,0,0,0,0,0,0,0,0,0
larval_drosophila_melanogaster,cns,unpublished,,A06 (pre B5 01)_a1l,Mark et al. 2019,0,2,0,0,1,0,0,0,0,0,0,0
larval_drosophila_melanogaster,cns,unpublished,,A06bx_a1l,Mark et al. 2019,0,2,0,0,1,0,0,0,0,0,0,0
larval_drosophila_melanogaster,cns,unpublished,,A06g2_a1l (Saaghi-5),Mark et al. 2019,0,2,0,0,1,0,0,0,0,0,0,0
larval_drosophila_melanogaster,cns,unpublished,,A06m_a1l,Mark et al. 2019,0,2,0,0,1,0,0,0,0,0,0,0
larval_drosophila_melanogaster,cns,unpublished,,A19b a1l,Mark et al. 2019,0,2,0,0,1,0,0,0,0,0,0,0
larval_drosophila_melanogaster,cns,unpublished,,A19x a1l,Mark et al. 2019,0,2,0,0,1,0,0,0,0,0,0,0
larval_drosophila_melanogaster,cns,unpublished,,Saaghi-4_a1l (AAZ4  (A06g)),Mark et al. 2019,0,2,0,0,1,0,0,0,0,0,0,0
larval_drosophila_melanogaster,cns,unpublished,,Saaghi-6_a1l (AAZ6  (A06b)),Mark et al. 2019,0,2,0,0,1,0,0,0,0,0,0,0
larval_drosophila_melanogaster,cns,unpublished,,A02d_a1l ,"Mark et al. 2019, Fushiki et al. 2016",0,2,0,1,0,0,0,0,0,0,0,0
larval_drosophila_melanogaster,cns,unpublished,,A06e_a1l (Saaghi-3),"Mark et al. 2019, Heckscher et al. 2015",0,2,0,0,1,0,0,0,0,0,0,0
adult_drosophila_melanogaster,central_brain,DM4_dorsal,,CB.FB5G0,"Matheson et al., 2022",immuno,5,1,0,0,0,0,0,0,0,0,0
adult_drosophila_melanogaster,central_brain,DM4_dorsal,,FB5AB,"Matheson et al., 2022",immuno,5,1,0,0,0,0,0,0,0,0,0
adult_drosophila_melanogaster,optic_lobe,0,,T5a,Mauss et al. 2014,immuno,5,1,0,0,0,0,0,0,0,0,0
adult_drosophila_melanogaster,optic_lobe,0,,T5b,Mauss et al. 2014,immuno,5,1,0,0,0,0,0,0,0,0,0
adult_drosophila_melanogaster,optic_lobe,0,,T5c,Mauss et al. 2014,immuno,5,1,0,0,0,0,0,0,0,0,0
adult_drosophila_melanogaster,optic_lobe,0,,T5d,Mauss et al. 2014,immuno,5,1,0,0,0,0,0,0,0,0,0
adult_drosophila_melanogaster,optic_lobe,0,LPi3-4,LPi11,Mauss et al. 2015,immuno,5,0,1,0,0,0,0,0,0,0,0
adult_drosophila_melanogaster,optic_lobe,0,LPi4-3,LPi09,Mauss et al. 2015,immuno,5,0,1,0,0,0,0,0,0,0,0
adult_drosophila_melanogaster,central_brain,putative_primary,,ISN,Meschi et al. 2024,immuno,5,1,0,0,0,0,0,1,0,0,0
larval_drosophila_melanogaster,cns,unpublished,,13a PN right,"Miroschnikow et al. 2018, Winding, Pedigo et al. 2023, Berck, Khandelwal et al. 2016, Eichler, Li, Litwin-Kumar et al. 2017",0,4,1,0,0,0,0,0,0,0,0,0
larval_drosophila_melanogaster,cns,unpublished,,30a PN left,"Miroschnikow et al. 2018, Winding, Pedigo et al. 2023, Berck, Khandelwal et al. 2016, Eichler, Li, Litwin-Kumar et al. 2017",0,4,1,0,0,0,0,0,0,0,0,0
larval_drosophila_melanogaster,cns,unpublished,,30a PN right,"Miroschnikow et al. 2018, Winding, Pedigo et al. 2023, Berck, Khandelwal et al. 2016, Eichler, Li, Litwin-Kumar et al. 2017",0,4,1,0,0,0,0,0,0,0,0,0
larval_drosophila_melanogaster,cns,unpublished,,33a PN left,"Miroschnikow et al. 2018, Winding, Pedigo et al. 2023, Berck, Khandelwal et al. 2016, Eichler, Li, Litwin-Kumar et al. 2017",0,4,1,0,0,0,0,0,0,0,0,0
larval_drosophila_melanogaster,cns,unpublished,,63a PN right,"Miroschnikow et al. 2018, Winding, Pedigo et al. 2023, Berck, Khandelwal et al. 2016, Eichler, Li, Litwin-Kumar et al. 2017",0,4,1,0,0,0,0,0,0,0,0,0
larval_drosophila_melanogaster,cns,unpublished,,AN-L-Sens-B1-AVa-29,"Miroschnikow et al. 2018, Winding, Pedigo et al. 2023, Hueckesfeld et al. 2020",0,2,1,0,0,0,0,0,0,0,0,0
larval_drosophila_melanogaster,cns,unpublished,,AN-L-Sens-B1-AVa-36,"Miroschnikow et al. 2018, Winding, Pedigo et al. 2023, Hueckesfeld et al. 2020",0,2,1,0,0,0,0,0,0,0,0,0
larval_drosophila_melanogaster,cns,unpublished,,AN-L-Sens-B1-AVa-37,"Miroschnikow et al. 2018, Winding, Pedigo et al. 2023, Hueckesfeld et al. 2020",0,2,1,0,0,0,0,0,0,0,0,0
larval_drosophila_melanogaster,cns,unpublished,,AN-L-Sens-B2-ACp-21,"Miroschnikow et al. 2018, Winding, Pedigo et al. 2023, Hueckesfeld et al. 2020",0,2,1,0,0,0,0,0,0,0,0,0
larval_drosophila_melanogaster,cns,unpublished,,AN-L-Sens-B2-VM-07,"Miroschnikow et al. 2018, Winding, Pedigo et al. 2023, Hueckesfeld et al. 2020",0,2,1,0,0,0,0,0,0,0,0,0
larval_drosophila_melanogaster,cns,unpublished,,AN-R-Sens-B1-AVa-28,"Miroschnikow et al. 2018, Winding, Pedigo et al. 2023, Hueckesfeld et al. 2020",0,2,1,0,0,0,0,0,0,0,0,0
larval_drosophila_melanogaster,cns,unpublished,,AN-R-Sens-B1-AVa-32,"Miroschnikow et al. 2018, Winding, Pedigo et al. 2023, Hueckesfeld et al. 2020",0,2,1,0,0,0,0,0,0,0,0,0
larval_drosophila_melanogaster,cns,unpublished,,AN-R-Sens-B1-AVa-45,"Miroschnikow et al. 2018, Winding, Pedigo et al. 2023, Hueckesfeld et al. 2020",0,2,1,0,0,0,0,0,0,0,0,0
larval_drosophila_melanogaster,cns,unpublished,,AN-R-Sens-B2-ACp-17,"Miroschnikow et al. 2018, Winding, Pedigo et al. 2023, Hueckesfeld et al. 2020",0,2,1,0,0,0,0,0,0,0,0,0
larval_drosophila_melanogaster,cns,unpublished,,AN-L-Sens-B1-ACa-02,"Miroschnikow et al. 2018, Winding, Pedigo et al. 2023, Hueckesfeld et al. 2020, Schlegel et al. 2016",0,2,1,0,0,0,0,0,0,0,0,0
larval_drosophila_melanogaster,cns,unpublished,,AN-R-Sens-B2-AVa-25 (PPS mechano),"Miroschnikow et al. 2018, Winding, Pedigo et al. 2023, Hueckesfeld et al. 2020, Schlegel et al. 2016",0,2,1,0,0,0,0,0,0,0,0,0
adult_drosophila_melanogaster,ventral_nerve_cord,00B,,EA00B006,"Monastirioti et al., 1995",immuno,5,0,0,0,0,0,0,1,0,0,0
adult_drosophila_melanogaster,ventral_nerve_cord,00B,,EA00B022,"Monastirioti et al., 1995",immuno,5,0,0,0,0,0,0,1,0,0,0
adult_drosophila_melanogaster,ventral_nerve_cord,00B,,EN00B001,"Monastirioti et al., 1995",immuno,5,0,0,0,0,0,0,1,0,0,0
adult_drosophila_melanogaster,ventral_nerve_cord,00B,,EN00B008,"Monastirioti et al., 1995",immuno,5,0,0,0,0,0,0,1,0,0,0
adult_drosophila_melanogaster,ventral_nerve_cord,00B,,EN00B011,"Monastirioti et al., 1995",immuno,5,0,0,0,0,0,0,1,0,0,0
adult_drosophila_melanogaster,ventral_nerve_cord,00B,,EN00B017,"Monastirioti et al., 1995",immuno,5,0,0,0,0,0,0,1,0,0,0
adult_drosophila_melanogaster,ventral_nerve_cord,00B,,EN00B023,"Monastirioti et al., 1995",immuno,5,0,0,0,0,0,0,1,0,0,0
adult_drosophila_melanogaster,ventral_nerve_cord,00B,,EN00B025,"Monastirioti et al., 1995",immuno,5,0,0,0,0,0,0,1,0,0,0
adult_drosophila_melanogaster,ventral_nerve_cord,00B,,EN00B026,"Monastirioti et al., 1995",immuno,5,0,0,0,0,0,0,1,0,0,0
adult_drosophila_melanogaster,ventral_nerve_cord,00B,,mesVUM-MJ,"Monastirioti et al., 1995",immuno,5,0,0,0,0,0,0,1,0,0,0
adult_drosophila_melanogaster,central_brain,DM6__prim,,ExR2,Nassel and Elekes 1992,immuno,5,0,0,0,0,1,0,0,0,0,0
adult_drosophila_melanogaster,central_brain,DM6__prim,,ExR2_1,Nassel and Elekes 1992,immuno,5,0,0,0,0,1,0,0,0,0,0
adult_drosophila_melanogaster,central_brain,DM6__prim,,ExR2_2,Nassel and Elekes 1992,immuno,5,0,0,0,0,1,0,0,0,0,0
adult_drosophila_melanogaster,central_brain,SMPp&v1_ventral,CL357,CL357,"Nern et al., 2025",EASI-FISH,4,-1,-1,-1,0,-1,-1,-1,-1,0,0
adult_drosophila_melanogaster,optic_lobes,0,Cm1,Sm02,"Nern et al., 2025",EASI-FSH,4,1,-1,-1,0,0,0,0,0,0,0
adult_drosophila_melanogaster,central_brain,DM1_posterior,Cm14,Sm23,"Nern et al., 2025",EASI-FISH,4,-1,-1,1,0,0,0,0,0,0,0
adult_drosophila_melanogaster,central_brain,DM1_posterior,Cm17,Sm27,"Nern et al., 2025",EASI-FISH,4,-1,-1,1,0,0,0,0,0,0,0
adult_drosophila_melanogaster,optic_lobe,0,Cm21,Sm30,"Nern et al., 2025",EASI-FISH,4,-1,-1,1,0,0,0,0,0,0,0
adult_drosophila_melanogaster,optic_lobe,0,Cm29,Sm36,"Nern et al., 2025",EASI-FISH,4,-1,-1,1,0,0,0,0,0,0,0
adult_drosophila_melanogaster,optic_lobes,0,Cm31a,Sm40,"Nern et al., 2025",EASI-FSH,4,-1,-1,1,0,0,0,0,0,0,0
adult_drosophila_melanogaster,optic_lobe,0,Dm15,Dm15,"Nern et al., 2025",EASI-FISH,4,-1,1,-1,0,0,0,0,0,0,0
adult_drosophila_melanogaster,optic_lobe,0,Dm17,Dm17,"Nern et al., 2025",EASI-FISH,4,-1,1,-1,0,0,0,0,0,0,0
adult_drosophila_melanogaster,optic_lobe,0,Dm19,Dm19,"Nern et al., 2025",EASI-FISH,4,-1,1,-1,0,0,0,0,0,0,0
adult_drosophila_melanogaster,optic_lobe,0,LC20b,LC20b,"Nern et al., 2025",EASI-FISH,4,-1,1,-1,0,0,0,0,0,0,0
adult_drosophila_melanogaster,optic_lobe,0,LC25,LC25,"Nern et al., 2025",EASI-FISH,4,-1,1,-1,0,0,0,0,0,0,0
adult_drosophila_melanogaster,optic_lobe,0,Li13,Li13,"Nern et al., 2025",EASI-FISH,4,-1,-1,1,0,0,0,0,0,0,0
adult_drosophila_melanogaster,optic_lobe,0,Li14,Li10,"Nern et al., 2025",EASI-FISH,4,-1,1,-1,0,0,0,0,0,0,0
adult_drosophila_melanogaster,optic_lobe,0,Li18b,Li04,"Nern et al., 2025",EASI-FISH,4,-1,-1,1,0,0,0,0,0,0,0
adult_drosophila_melanogaster,optic_lobe,0,Li19,Li18,"Nern et al., 2025",EASI-FISH,4,-1,-1,1,0,0,0,0,0,0,0
adult_drosophila_melanogaster,optic_lobe,0,Li28,Li22,"Nern et al., 2025",EASI-FISH,4,-1,-1,1,0,0,0,0,0,0,0
adult_drosophila_melanogaster,central_brain,putative_primary,LoVC23,mALC6,"Nern et al., 2025",EASI-FISH,4,-1,-1,1,0,0,0,0,0,0,0
adult_drosophila_melanogaster,optic_lobe,0,LPi2c,LPi10,"Nern et al., 2025",EASI-FISH,4,-1,1,-1,0,0,0,0,0,0,0
adult_drosophila_melanogaster,optic_lobe,0,LPi2d,LPi02,"Nern et al., 2025",EASI-FISH,4,-1,1,-1,0,0,0,0,0,0,0
adult_drosophila_melanogaster,optic_lobe,VLPp&l1_lateral,LPT101,LPTe02,"Nern et al., 2025",EASI-FSH,4,1,-1,-1,0,0,0,0,0,0,0
adult_drosophila_melanogaster,optic_lobes,0,MeLo2,MLt3,"Nern et al., 2025",EASI-FSH,4,1,-1,-1,0,0,0,0,0,0,0
adult_drosophila_melanogaster,optic_lobes,0,MeLo4,MLt6,"Nern et al., 2025",EASI-FSH,4,1,-1,-1,0,0,0,0,0,0,0
adult_drosophila_melanogaster,optic_lobes,0,MeLo7,MLt4,"Nern et al., 2025",EASI-FSH,4,1,-1,-1,0,0,0,0,0,0,0
adult_drosophila_melanogaster,optic_lobe,0,MeLo9,LMa5,"Nern et al., 2025",EASI-FISH,4,-1,1,-1,0,0,0,0,0,0,0
adult_drosophila_melanogaster,optic_lobe,0,MeTu1,MeTu1,"Nern et al., 2025",EASI-FISH,4,1,-1,-1,0,0,0,0,0,0,0
adult_drosophila_melanogaster,central_brain,DM1_posterior,MeVC11,cM15,"Nern et al., 2025",EASI-FISH,4,1,-1,-1,0,0,0,0,0,0,0
adult_drosophila_melanogaster,central_brain,DM1_posterior,MeVC11,PS125,"Nern et al., 2025",EASI-FISH,4,1,-1,-1,0,0,0,0,0,0,0
adult_drosophila_melanogaster,central_brain,DM1_posterior,MeVC12,cM06,"Nern et al., 2025",EASI-FISH,4,1,-1,-1,0,0,0,0,0,0,0
adult_drosophila_melanogaster,optic_lobes,0,MeVC20,cM08b,"Nern et al., 2025",EASI-FSH,4,-1,1,-1,0,0,0,0,0,0,0
adult_drosophila_melanogaster,central_brain,0,MeVC21,cM08a,"Nern et al., 2025",EASI-FISH,4,-1,1,-1,0,0,0,0,0,0,0
adult_drosophila_melanogaster,central_brain,putative_primary,MeVC22,cM08b,"Nern et al., 2025",EASI-FISH,4,-1,1,-1,0,0,0,0,0,0,0
adult_drosophila_melanogaster,optic_lobes,0,MeVC27,cM03,"Nern et al., 2025",EASI-FSH,4,-1,-1,-1,0,-1,-1,-1,0,0,0
adult_drosophila_melanogaster,optic_lobe,0,MeVP11,MTe50,"Nern et al., 2025",EASI-FISH,4,1,-1,-1,0,0,0,0,0,0,0
adult_drosophila_melanogaster,optic_lobe,0,MeVP14,MTe05,"Nern et al., 2025",EASI-FISH,4,1,-1,-1,0,0,0,0,0,0,0
adult_drosophila_melanogaster,optic_lobe,0,MeVP63,MTe48,"Nern et al., 2025",EASI-FISH,4,-1,-1,1,0,0,0,0,0,0,0
adult_drosophila_melanogaster,optic_lobe,0,MeVPMe12,MeMe_e11,"Nern et al., 2025",EASI-FISH,4,1,-1,-1,0,0,0,0,0,0,0
adult_drosophila_melanogaster,optic_lobe,0,Mi18,Sm32,"Nern et al., 2025",EASI-FISH,4,-1,-1,1,0,0,0,0,0,0,0
adult_drosophila_melanogaster,optic_lobe,0,Mi19,PDt,"Nern et al., 2025",EASI-FISH,4,0,0,0,0,-1,1,-1,-1,0,0
adult_drosophila_melanogaster,optic_lobe,0,Nod1,Nod1,"Nern et al., 2025",EASI-FISH,4,1,-1,-1,0,0,0,0,0,0,0
adult_drosophila_melanogaster,optic_lobe,,Nod4,LPT42_Nod4,"Nern et al., 2025",EASI-FISH,4,1,-1,-1,0,0,0,0,0,0,0
adult_drosophila_melanogaster,optic_lobes,0,OLVC4,cLM01,"Nern et al., 2025",EASI-FSH,4,-1,-1,-1,0,-1,-1,-1,0,0,0
adult_drosophila_melanogaster,optic_lobe,0,Pm1,Pm01,"Nern et al., 2025",EASI-FISH,4,-1,-1,1,0,0,0,0,0,0,0
adult_drosophila_melanogaster,optic_lobe,0,Pm11,Pm12,"Nern et al., 2025",EASI-FISH,4,-1,-1,1,0,0,0,0,0,0,0
adult_drosophila_melanogaster,optic_lobe,0,Pm5,Pm02,"Nern et al., 2025",EASI-FISH,4,-1,-1,1,0,0,0,0,0,0,0
adult_drosophila_melanogaster,optic_lobe,0,Pm7,Pm11,"Nern et al., 2025",EASI-FISH,4,-1,-1,1,0,0,0,0,0,0,0
adult_drosophila_melanogaster,optic_lobe,0,Pm9,Pm10,"Nern et al., 2025",EASI-FISH,4,-1,-1,1,0,0,0,0,0,0,0
adult_drosophila_melanogaster,optic_lobe,0,Tlp13,Tlp4,"Nern et al., 2025",EASI-FISH,4,-1,1,-1,0,0,0,0,0,0,0
adult_drosophila_melanogaster,optic_lobe,0,Tlp14,Tlp14,"Nern et al., 2025",EASI-FISH,4,-1,1,-1,0,0,0,0,0,0,0
adult_drosophila_melanogaster,optic_lobe,0,Tm12,Tm25,"Nern et al., 2025",EASI-FISH,4,1,-1,-1,0,0,0,0,0,0,0
adult_drosophila_melanogaster,optic_lobe,0,Tm16,Tm16,"Nern et al., 2025",EASI-FISH,4,1,-1,-1,0,0,0,0,0,0,0
adult_drosophila_melanogaster,optic_lobe,0,Tm29,Tm5d,"Nern et al., 2025",EASI-FISH,4,-1,1,-1,0,0,0,0,0,0,0
adult_drosophila_melanogaster,optic_lobe,0,Tm30,Tm31,"Nern et al., 2025",EASI-FISH,4,-1,-1,1,0,0,0,0,0,0,0
adult_drosophila_melanogaster,optic_lobe,0,Tm32,Tm33,"Nern et al., 2025",EASI-FISH,4,-1,1,-1,0,0,0,0,0,0,0
adult_drosophila_melanogaster,optic_lobe,0,Tm33,Tm37,"Nern et al., 2025",EASI-FISH,4,1,-1,-1,0,0,0,0,0,0,0
adult_drosophila_melanogaster,optic_lobe,0,Tm34,Tm32,"Nern et al., 2025",EASI-FISH,4,-1,1,-1,0,0,0,0,0,0,0
adult_drosophila_melanogaster,optic_lobe,0,Tm36,Tm8b,"Nern et al., 2025",EASI-FISH,4,1,-1,-1,0,0,0,0,0,0,0
adult_drosophila_melanogaster,optic_lobe,0,Tm37,Tm5e,"Nern et al., 2025",EASI-FISH,4,-1,1,-1,0,0,0,0,0,0,0
adult_drosophila_melanogaster,optic_lobe,0,TmY13,TmY11,"Nern et al., 2025",EASI-FISH,4,1,-1,-1,0,0,0,0,0,0,0
adult_drosophila_melanogaster,optic_lobe,0,TmY16,TmY16,"Nern et al., 2025",EASI-FISH,4,-1,1,-1,0,0,0,0,0,0,0
adult_drosophila_melanogaster,optic_lobe,0,TmY17,TmY31,"Nern et al., 2025",EASI-FISH,4,1,-1,-1,0,0,0,0,0,0,0
adult_drosophila_melanogaster,optic_lobe,0,TmY18,Tm27,"Nern et al., 2025",EASI-FISH,4,1,-1,-1,0,0,0,0,0,0,0
adult_drosophila_melanogaster,optic_lobes,0,TmY19b,LMa3,"Nern et al., 2025",EASI-FSH,4,-1,-1,1,0,0,0,0,0,0,0
adult_drosophila_melanogaster,optic_lobe,0,TmY20,TmY20,"Nern et al., 2025",EASI-FISH,4,1,-1,-1,0,0,0,0,0,0,0
adult_drosophila_melanogaster,optic_lobe,0,Y11,Y11,"Nern et al., 2025",EASI-FISH,4,-1,1,-1,0,0,0,0,0,0,0
adult_drosophila_melanogaster,central_brain,putative_primary,,AstA1,Ni et al. 2019,RNAi,1,0,1,0,0,0,0,0,0,0,0
adult_drosophila_melanogaster,central_brain,putative_primary,,PPL101,"Niens et al., 2017",immuno,5,0,0,0,0,1,0,0,0,0,0
adult_drosophila_melanogaster,central_brain,putative_primary,,PPL102,"Niens et al., 2017",immuno,5,0,0,0,0,1,0,0,0,0,0
adult_drosophila_melanogaster,central_brain,putative_primary,,PPL103,"Niens et al., 2017",immuno,5,0,0,0,0,1,0,0,0,0,0
adult_drosophila_melanogaster,central_brain,putative_primary,,PPL104,"Niens et al., 2017",immuno,5,0,0,0,0,1,0,0,0,0,0
adult_drosophila_melanogaster,central_brain,putative_primary,,PPL105,"Niens et al., 2017",immuno,5,0,0,0,0,1,0,0,0,0,0
adult_drosophila_melanogaster,central_brain,putative_primary,,PPL106,"Niens et al., 2017",immuno,5,0,0,0,0,1,0,0,0,0,0
adult_drosophila_melanogaster,central_brain,putative_primary,,PPL107,"Niens et al., 2017",immuno,5,0,0,0,0,1,0,0,0,0,0
adult_drosophila_melanogaster,central_brain,putative_primary,,PPL108,"Niens et al., 2017",immuno,5,0,0,0,0,1,0,0,0,0,0
adult_drosophila_melanogaster,central_brain,putative_primary,,PPL201,"Niens et al., 2017",immuno,5,0,0,0,0,1,0,0,0,0,0
adult_drosophila_melanogaster,central_brain,putative_primary,,PPL202,"Niens et al., 2017",immuno,5,0,0,0,0,1,0,0,0,0,0
adult_drosophila_melanogaster,central_brain,putative_primary,,PPL203,"Niens et al., 2017",immuno,5,0,0,0,0,1,0,0,0,0,0
adult_drosophila_melanogaster,central_brain,putative_primary,,PPL204,"Niens et al., 2017",immuno,5,0,0,0,0,1,0,0,0,0,0
larval_drosophila_melanogaster,cns,unpublished,,A19c_a1l,"Ohyama, Schneider-Mizell et al. 2015",0,2,0,0,1,0,0,0,0,0,0,0
larval_drosophila_melanogaster,cns,unpublished,,A19c_a1r,"Ohyama, Schneider-Mizell et al. 2015",0,2,0,0,1,0,0,0,0,0,0,0
larval_drosophila_melanogaster,cns,unpublished,,Basin-1 a4l,"Ohyama, Schneider-Mizell et al. 2015",0,2,1,0,0,0,0,0,0,0,0,0
larval_drosophila_melanogaster,cns,unpublished,,Basin-1 a4r,"Ohyama, Schneider-Mizell et al. 2015",0,2,1,0,0,0,0,0,0,0,0,0
larval_drosophila_melanogaster,cns,unpublished,,Basin-3 a4l,"Ohyama, Schneider-Mizell et al. 2015",0,2,1,0,0,0,0,0,0,0,0,0
larval_drosophila_melanogaster,cns,unpublished,,A09a_a4l Basin-2,"Ohyama, Schneider-Mizell et al. 2015, Burgos et al 2018",0,2,1,0,0,0,0,0,0,0,0,0
larval_drosophila_melanogaster,cns,unpublished,,A09a_a4r Basin-2,"Ohyama, Schneider-Mizell et al. 2015, Burgos et al 2018",0,2,1,0,0,0,0,0,0,0,0,0
larval_drosophila_melanogaster,cns,unpublished,,A09c_a4l Basin-4,"Ohyama, Schneider-Mizell et al. 2015, Burgos et al 2018",0,2,1,0,0,0,0,0,0,0,0,0
larval_drosophila_melanogaster,cns,unpublished,,Handle-B a1,"Ohyama, Schneider-Mizell et al. 2015, Jovanic, Schneider-Mizell et al. 2016",0,4,0,0,1,0,0,0,0,0,0,0
adult_drosophila_melanogaster,central_brain,putative_primary,,LAL138,"Okubo et al., 2020",immuno,5,0,0,1,0,0,0,0,0,0,0
adult_drosophila_melanogaster,central_brain,DM4_dorsal,,pC1a,"Palavicino-Maggio et al., 2019",immuno,5,1,0,0,0,0,0,0,0,0,0
adult_drosophila_melanogaster,central_brain,DM4_dorsal,,pC1b,"Palavicino-Maggio et al., 2019",immuno,5,1,0,0,0,0,0,0,0,0,0
adult_drosophila_melanogaster,central_brain,DM4_dorsal,,pC1c,"Palavicino-Maggio et al., 2019",immuno,5,1,0,0,0,0,0,0,0,0,0
adult_drosophila_melanogaster,central_brain,DM4_dorsal,,pC1d,"Palavicino-Maggio et al., 2019",immuno,5,1,0,0,0,0,0,0,0,0,0
adult_drosophila_melanogaster,central_brain,DM4_dorsal,,pC1e,"Palavicino-Maggio et al., 2019",immuno,5,1,0,0,0,0,0,0,0,0,0
adult_drosophila_melanogaster,optic_lobe,0,,HBeyelet,Pollack and Hofbauer 1991,immuno,5,1,0,0,0,0,0,0,0,1,0
adult_drosophila_melanogaster,central_brain,putative_primary,,5-HTPMPV03,Pooryasin and Fiala 2015,immuno,5,0,0,0,0,0,1,0,0,0,0
adult_drosophila_melanogaster,central_brain,0,aMe30,cM09,"Pooryasin et al., 2015",immuno,1,0,0,0,0,0,1,0,0,0,0
adult_drosophila_melanogaster,central_brain,putative_primary,,ExR3,"Pooryasin et al., 2015",immuno,5,0,0,0,0,0,1,0,0,0,0
adult_drosophila_melanogaster,ventral_nerve_cord,00B,,EN00B002,"Pop et al., 2020",transgenic,4,0,0,0,0,0,0,1,0,0,0
adult_drosophila_melanogaster,ventral_nerve_cord,00B,,EN00B003,"Pop et al., 2020",transgenic,4,0,0,0,0,0,0,1,0,0,0
adult_drosophila_melanogaster,ventral_nerve_cord,00B,,EN00B004,"Pop et al., 2020",transgenic,4,0,0,0,0,0,0,1,0,0,0
adult_drosophila_melanogaster,ventral_nerve_cord,00B,,EN00B007,"Pop et al., 2020",transgenic,4,0,0,0,0,0,0,1,0,0,0
adult_drosophila_melanogaster,ventral_nerve_cord,00B,,EN00B009,"Pop et al., 2020",transgenic,4,0,0,0,0,0,0,1,0,0,0
adult_drosophila_melanogaster,ventral_nerve_cord,00B,,EN00B010,"Pop et al., 2020",transgenic,4,0,0,0,0,0,0,1,0,0,0
adult_drosophila_melanogaster,ventral_nerve_cord,00B,,EN00B012,"Pop et al., 2020",transgenic,4,0,0,0,0,0,0,1,0,0,0
adult_drosophila_melanogaster,ventral_nerve_cord,00B,,EN00B013,"Pop et al., 2020",transgenic,4,0,0,0,0,0,0,1,0,0,0
adult_drosophila_melanogaster,ventral_nerve_cord,00B,,EN00B014,"Pop et al., 2020",transgenic,4,0,0,0,0,0,0,1,0,0,0
adult_drosophila_melanogaster,ventral_nerve_cord,00B,,EN00B015,"Pop et al., 2020",transgenic,4,0,0,0,0,0,0,1,0,0,0
adult_drosophila_melanogaster,ventral_nerve_cord,00B,,EN00B016,"Pop et al., 2020",transgenic,4,0,0,0,0,0,0,1,0,0,0
adult_drosophila_melanogaster,ventral_nerve_cord,00B,,EN00B018,"Pop et al., 2020",transgenic,4,0,0,0,0,0,0,1,0,0,0
adult_drosophila_melanogaster,ventral_nerve_cord,00B,,EN00B019,"Pop et al., 2020",transgenic,4,0,0,0,0,0,0,1,0,0,0
adult_drosophila_melanogaster,ventral_nerve_cord,00B,,EN00B020,"Pop et al., 2020",transgenic,4,0,0,0,0,0,0,1,0,0,0
adult_drosophila_melanogaster,ventral_nerve_cord,00B,,EN00B021,"Pop et al., 2020",transgenic,4,0,0,0,0,0,0,1,0,0,0
adult_drosophila_melanogaster,ventral_nerve_cord,00B,,EN00B023,"Pop et al., 2020",transgenic,4,0,0,0,0,0,0,1,0,0,0
adult_drosophila_melanogaster,ventral_nerve_cord,00B,,EN00B024,"Pop et al., 2020",transgenic,4,0,0,0,0,0,0,1,0,0,0
adult_drosophila_melanogaster,ventral_nerve_cord,00B,,EN00B027,"Pop et al., 2020",transgenic,4,0,0,0,0,0,0,1,0,0,0
adult_drosophila_melanogaster,central_brain,putative_primary,,LPsP,Reimers et al.,intersection,4,0,1,0,0,0,0,0,0,0,0
adult_drosophila_melanogaster,central_brain,putative_primary,,DN1a,"Reinhard et al., 2023",scRNA-seq,3,0,1,0,0,0,0,0,0,0,0
adult_drosophila_melanogaster,central_brain,SMPpd2,,SMP540,"Reinhard et al., 2023",scRNA-seq,3,0,1,0,0,0,0,0,0,0,0
adult_drosophila_melanogaster,central_brain,putative_primary,,CB0890,Sapkal et al. 2024,FISH,3,0,0,1,0,0,0,0,0,0,0
adult_drosophila_melanogaster,neck_connective,MD3,,DNg60,Sapkal et al. 2024,FISH,3,0,0,1,0,0,0,0,0,0,0
adult_drosophila_melanogaster,optic_lobe,0,,R8,Sarthy 1991,immuno,5,0,0,0,0,0,0,0,0,1,0
adult_drosophila_melanogaster,neck_connective,putative_primary,,DNg30,"Scheunemann et al., 2018",immuno,5,0,0,0,0,0,1,0,0,0,0
larval_drosophila_melanogaster,cns,unpublished,,A26f_a2l,Schlegel et al. 2016,0,2,0,0,1,0,0,0,0,0,0,0
larval_drosophila_melanogaster,cns,unpublished,,A26f_a2r,Schlegel et al. 2016,0,2,0,0,1,0,0,0,0,0,0,0
larval_drosophila_melanogaster,cns,unpublished,,A26f_a3l,Schlegel et al. 2016,0,2,0,0,1,0,0,0,0,0,0,0
larval_drosophila_melanogaster,cns,unpublished,,A26f_a3r,Schlegel et al. 2016,0,2,0,0,1,0,0,0,0,0,0,0
larval_drosophila_melanogaster,cns,unpublished,,A26f_a4r,Schlegel et al. 2016,0,2,0,0,1,0,0,0,0,0,0,0
adult_drosophila_melanogaster,central_brain,ALl1_dorsal,,"lLN1_b,lLN1_c","Shang et al., 2007",immuno,5,1,0,0,0,0,0,0,0,0,0
adult_drosophila_melanogaster,central_brain,ALl1_dorsal,,lLN1_bc,"Shang et al., 2007",immuno,5,1,0,0,0,0,0,0,0,0,0
adult_drosophila_melanogaster,central_brain,ALl1_dorsal,,lLN2T_a,"Shang et al., 2007",immuno,5,1,0,0,0,0,0,0,0,0,0
adult_drosophila_melanogaster,central_brain,ALl1_dorsal,,lLN2T_b,"Shang et al., 2007",immuno,5,1,0,0,0,0,0,0,0,0,0
adult_drosophila_melanogaster,central_brain,ALl1_dorsal,,lLN2T_c,"Shang et al., 2007",immuno,5,1,0,0,0,0,0,0,0,0,0
adult_drosophila_melanogaster,central_brain,ALl1_dorsal,,lLN2X03,"Shang et al., 2007",immuno,5,1,0,0,0,0,0,0,0,0,0
adult_drosophila_melanogaster,central_brain,0,,AC neuron,"Shih and Chiang et al., 2011",MCFO,3,0,0,0,0,0,1,0,0,0,0
adult_drosophila_melanogaster,central_brain,0,,aDT4,"Shih and Chiang et al., 2011",MCFO,3,0,0,0,0,0,1,0,0,0,0
adult_drosophila_melanogaster,optic_lobe,0,,T5a,Shinomiya et al. 2014,RT-PCR,3,1,0,0,0,0,0,0,0,0,0
adult_drosophila_melanogaster,optic_lobe,0,,T5b,Shinomiya et al. 2014,RT-PCR,3,1,0,0,0,0,0,0,0,0,0
adult_drosophila_melanogaster,optic_lobe,0,,T5c,Shinomiya et al. 2014,RT-PCR,3,1,0,0,0,0,0,0,0,0,0
adult_drosophila_melanogaster,optic_lobe,0,,T5d,Shinomiya et al. 2014,RT-PCR,3,1,0,0,0,0,0,0,0,0,0
adult_drosophila_melanogaster,central_brain,DM1_CX_d2,,EL,Sinakevitch and Strausfeld 2006,immuno,5,0,0,0,0,0,0,1,0,0,0
adult_drosophila_melanogaster,central_brain,PBp1,,P1-9,Sinakevitch and Strausfeld 2006,immuno,5,-1,1,-1,0,-1,-1,-1,0,0,0
adult_drosophila_melanogaster,central_brain,DM4_dorsal,,5-HTPMPD01,"Sitaraman et al., 2008",immuno,5,0,0,0,0,0,1,0,0,0,0
adult_drosophila_melanogaster,central_brain,putative_primary,,5-HTPMPV01,"Sitaraman et al., 2008",immuno,5,0,0,0,0,0,1,0,0,0,0
adult_drosophila_melanogaster,central_brain,ALl1_dorsal,,lLN2P_b,"Sizemore et al., 2023",immuno,5,0,0,1,0,0,0,0,0,0,0
adult_drosophila_melanogaster,central_brain,SLPpl1,,APDN3,"Sun et al., 2022",immuno,1,0,1,0,0,0,0,0,0,0,0
adult_drosophila_melanogaster,optic_lobe,SLPpl1,,CL125,"Sun et al., 2022",immuno,1,0,1,0,0,0,0,0,0,0,0
adult_drosophila_melanogaster,optic_lobe,SLPpl1,,LMTe01,"Sun et al., 2022",immuno,1,0,1,0,0,0,0,0,0,0,0
adult_drosophila_melanogaster,optic_lobe,SLPpl1,,LTe71,"Sun et al., 2022",immuno,1,0,1,0,0,0,0,0,0,0,0
adult_drosophila_melanogaster,central_brain,SLPpl1,,PLP080,"Sun et al., 2022",immuno,1,0,1,0,0,0,0,0,0,0,0
adult_drosophila_melanogaster,central_brain,SLPpl1,,SLP249,"Sun et al., 2022",immuno,1,0,1,0,0,0,0,0,0,0,0
adult_drosophila_melanogaster,optic_lobe,SLPpl1,,SLP250,"Sun et al., 2022",immuno,1,0,1,0,0,0,0,0,0,0,0
adult_drosophila_melanogaster,optic_lobe,0,Mi1,Mi1,Takemura et al. 2011,immuno,3,1,0,0,0,0,0,0,0,0,0
adult_drosophila_melanogaster,optic_lobe,0,T4a,T4a,Takemura et al. 2011,RT-PCR,3,1,0,0,0,0,0,0,0,0,0
adult_drosophila_melanogaster,optic_lobe,0,T4b,T4b,Takemura et al. 2011,RT-PCR,3,1,0,0,0,0,0,0,0,0,0
adult_drosophila_melanogaster,optic_lobe,0,T4c,T4c,Takemura et al. 2011,RT-PCR,3,1,0,0,0,0,0,0,0,0,0
adult_drosophila_melanogaster,optic_lobe,0,T4d,T4d,Takemura et al. 2011,RT-PCR,3,1,0,0,0,0,0,0,0,0,0
adult_drosophila_melanogaster,optic_lobe,0,Tm3,Tm3,Takemura et al. 2011,immuno,3,1,0,0,0,0,0,0,0,0,0
adult_drosophila_melanogaster,optic_lobe,0,TmY15,TmY15,Takemura et al. 2017,immuno,5,0,0,1,0,0,0,0,0,0,0
adult_drosophila_melanogaster,optic_lobe,0,CT1,CT1,"Takemura et al., 2017",immuno,5,0,0,1,0,0,0,0,0,0,0
adult_drosophila_melanogaster,optic_lobe,0,Mi4,Mi4,"Takemura et al., 2017",immuno,5,-1,-1,1,0,0,0,0,0,0,0
adult_drosophila_melanogaster,optic_lobe,0,Mi9,Mi9,"Takemura et al., 2017",immuno,5,-1,1,-1,0,0,0,0,0,0,0
adult_drosophila_melanogaster,central_brain,ALad1,,"(M_adPNm4,M_adPNm5)a","Tanaka et al., 2012","immuno, tract based",3,1,0,0,0,0,0,0,0,0,0
adult_drosophila_melanogaster,central_brain,ALad1,,"(M_adPNm4,M_adPNm5)b","Tanaka et al., 2012","immuno, tract based",3,1,0,0,0,0,0,0,0,0,0
adult_drosophila_melanogaster,central_brain,ALad1,,"(M_adPNm4,M_adPNm5)c","Tanaka et al., 2012","immuno, tract based",3,1,0,0,0,0,0,0,0,0,0
adult_drosophila_melanogaster,central_brain,ALad1,,"(M_adPNm4,M_adPNm5)d","Tanaka et al., 2012","immuno, tract based",3,1,0,0,0,0,0,0,0,0,0
adult_drosophila_melanogaster,central_brain,ALl1_ventral,,"(M_lPNm12,M_lPNm13)a","Tanaka et al., 2012","immuno, tract based",3,1,0,0,0,0,0,0,0,0,0
adult_drosophila_melanogaster,central_brain,ALl1_ventral,,"(M_lPNm12,M_lPNm13)b","Tanaka et al., 2012","immuno, tract based",3,1,0,0,0,0,0,0,0,0,0
adult_drosophila_melanogaster,central_brain,ALlv1,,CB1321,"Tanaka et al., 2012","immuno, tract based",3,1,0,0,0,0,0,0,0,0,0
adult_drosophila_melanogaster,central_brain,ALlv1,,CB1461,"Tanaka et al., 2012","immuno, tract based",3,1,0,0,0,0,0,0,0,0,0
adult_drosophila_melanogaster,central_brain,ALlv1,,CB1988,"Tanaka et al., 2012","immuno, tract based",3,1,0,0,0,0,0,0,0,0,0
adult_drosophila_melanogaster,central_brain,ALlv1,,CB2161,"Tanaka et al., 2012","immuno, tract based",3,1,0,0,0,0,0,0,0,0,0
adult_drosophila_melanogaster,central_brain,ALlv1,,CB2388,"Tanaka et al., 2012","immuno, tract based",3,1,0,0,0,0,0,0,0,0,0
adult_drosophila_melanogaster,central_brain,ALlv1,,CB3206,"Tanaka et al., 2012","immuno, tract based",3,1,0,0,0,0,0,0,0,0,0
adult_drosophila_melanogaster,central_brain,ALlv1,,CB3383,"Tanaka et al., 2012","immuno, tract based",3,1,0,0,0,0,0,0,0,0,0
adult_drosophila_melanogaster,central_brain,ALlv1,,CB3623,"Tanaka et al., 2012","immuno, tract based",3,1,0,0,0,0,0,0,0,0,0
adult_drosophila_melanogaster,central_brain,ALad1,,D_adPN,"Tanaka et al., 2012","immuno, tract based",3,1,0,0,0,0,0,0,0,0,0
adult_drosophila_melanogaster,central_brain,ALl1_ventral,,DA1_lPN,"Tanaka et al., 2012","immuno, tract based",3,1,0,0,0,0,0,0,0,0,0
adult_drosophila_melanogaster,central_brain,ALl1_ventral,,DA2_lPN,"Tanaka et al., 2012","immuno, tract based",3,1,0,0,0,0,0,0,0,0,0
adult_drosophila_melanogaster,central_brain,ALad1__prim,,DA3_adPN,"Tanaka et al., 2012","immuno, tract based",3,1,0,0,0,0,0,0,0,0,0
adult_drosophila_melanogaster,central_brain,ALad1__prim,,DA4l_adPN,"Tanaka et al., 2012","immuno, tract based",3,1,0,0,0,0,0,0,0,0,0
adult_drosophila_melanogaster,central_brain,ALad1,,DA4m_adPN,"Tanaka et al., 2012","immuno, tract based",3,1,0,0,0,0,0,0,0,0,0
adult_drosophila_melanogaster,central_brain,ALad1__prim,,DC1_adPN,"Tanaka et al., 2012","immuno, tract based",3,1,0,0,0,0,0,0,0,0,0
adult_drosophila_melanogaster,central_brain,ALad1,,DC2_adPN,"Tanaka et al., 2012","immuno, tract based",3,1,0,0,0,0,0,0,0,0,0
adult_drosophila_melanogaster,central_brain,ALad1,,DC3_adPN,"Tanaka et al., 2012","immuno, tract based",3,1,0,0,0,0,0,0,0,0,0
adult_drosophila_melanogaster,central_brain,ALad1,,DC4_adPN,"Tanaka et al., 2012","immuno, tract based",3,1,0,0,0,0,0,0,0,0,0
adult_drosophila_melanogaster,central_brain,ALad1__prim,,DL1_adPN,"Tanaka et al., 2012","immuno, tract based",3,1,0,0,0,0,0,0,0,0,0
adult_drosophila_melanogaster,central_brain,ALad1,,DL2d_adPN,"Tanaka et al., 2012","immuno, tract based",3,1,0,0,0,0,0,0,0,0,0
adult_drosophila_melanogaster,central_brain,ALad1,,DL2v_adPN,"Tanaka et al., 2012","immuno, tract based",3,1,0,0,0,0,0,0,0,0,0
adult_drosophila_melanogaster,central_brain,ALl1_ventral,,DL3_lPN,"Tanaka et al., 2012","immuno, tract based",3,1,0,0,0,0,0,0,0,0,0
adult_drosophila_melanogaster,central_brain,ALad1__prim,,DL4_adPN,"Tanaka et al., 2012","immuno, tract based",3,1,0,0,0,0,0,0,0,0,0
adult_drosophila_melanogaster,central_brain,ALad1__prim,,DL5_adPN,"Tanaka et al., 2012","immuno, tract based",3,1,0,0,0,0,0,0,0,0,0
adult_drosophila_melanogaster,central_brain,ALl1_ventral,,DM1_lPN,"Tanaka et al., 2012","immuno, tract based",3,1,0,0,0,0,0,0,0,0,0
adult_drosophila_melanogaster,central_brain,ALl1_ventral,,DM2_lPN,"Tanaka et al., 2012","immuno, tract based",3,1,0,0,0,0,0,0,0,0,0
adult_drosophila_melanogaster,central_brain,ALad1__prim,,DM3_adPN,"Tanaka et al., 2012","immuno, tract based",3,1,0,0,0,0,0,0,0,0,0
adult_drosophila_melanogaster,central_brain,ALad1__prim,,DM4_adPN,"Tanaka et al., 2012","immuno, tract based",3,1,0,0,0,0,0,0,0,0,0
adult_drosophila_melanogaster,central_brain,ALl1_ventral,,DM5_lPN,"Tanaka et al., 2012","immuno, tract based",3,1,0,0,0,0,0,0,0,0,0
adult_drosophila_melanogaster,central_brain,ALad1,,DM6_adPN,"Tanaka et al., 2012","immuno, tract based",3,1,0,0,0,0,0,0,0,0,0
adult_drosophila_melanogaster,central_brain,ALad1__prim,,DP1l_adPN,"Tanaka et al., 2012","immuno, tract based",3,1,0,0,0,0,0,0,0,0,0
adult_drosophila_melanogaster,central_brain,ALad1__prim,,DP1m_adPN,"Tanaka et al., 2012","immuno, tract based",3,1,0,0,0,0,0,0,0,0,0
adult_drosophila_melanogaster,central_brain,primary,,il3LN6,"Tanaka et al., 2012",immuno,5,0,0,1,0,0,0,0,0,0,0
adult_drosophila_melanogaster,central_brain,ALad1,,M_adPNm3,"Tanaka et al., 2012","immuno, tract based",3,1,0,0,0,0,0,0,0,0,0
adult_drosophila_melanogaster,central_brain,ALad1,,"M_adPNm4,M_adPNm5","Tanaka et al., 2012","immuno, tract based",3,1,0,0,0,0,0,0,0,0,0
adult_drosophila_melanogaster,central_brain,ALad1,,M_adPNm6,"Tanaka et al., 2012","immuno, tract based",3,1,0,0,0,0,0,0,0,0,0
adult_drosophila_melanogaster,central_brain,ALad1,,M_adPNm7,"Tanaka et al., 2012","immuno, tract based",3,1,0,0,0,0,0,0,0,0,0
adult_drosophila_melanogaster,central_brain,ALad1,,M_adPNm8,"Tanaka et al., 2012","immuno, tract based",3,1,0,0,0,0,0,0,0,0,0
adult_drosophila_melanogaster,central_brain,putative_primary,,"M_ilPNm90,M_ilPN8t91","Tanaka et al., 2012","immuno, tract based",3,1,0,0,0,0,0,0,0,0,0
adult_drosophila_melanogaster,central_brain,ALl1_ventral,,M_l2PNm15,"Tanaka et al., 2012","immuno, tract based",3,1,0,0,0,0,0,0,0,0,0
adult_drosophila_melanogaster,central_brain,ALl1_ventral,,M_lPNm11A,"Tanaka et al., 2012","immuno, tract based",3,1,0,0,0,0,0,0,0,0,0
adult_drosophila_melanogaster,central_brain,ALl1_ventral,,M_lPNm11B,"Tanaka et al., 2012","immuno, tract based",3,1,0,0,0,0,0,0,0,0,0
adult_drosophila_melanogaster,central_brain,ALl1_ventral,,M_lPNm11C,"Tanaka et al., 2012","immuno, tract based",3,1,0,0,0,0,0,0,0,0,0
adult_drosophila_melanogaster,central_brain,ALl1_ventral,,M_lPNm11D,"Tanaka et al., 2012","immuno, tract based",3,1,0,0,0,0,0,0,0,0,0
adult_drosophila_melanogaster,central_brain,ALl1_ventral,,"M_lPNm12,M_lPNm13","Tanaka et al., 2012","immuno, tract based",3,1,0,0,0,0,0,0,0,0,0
adult_drosophila_melanogaster,central_brain,ALlv1,,M_lvPNm24,"Tanaka et al., 2012","immuno, tract based",3,1,0,0,0,0,0,0,0,0,0
adult_drosophila_melanogaster,central_brain,ALlv1,,M_lvPNm25,"Tanaka et al., 2012","immuno, tract based",3,1,0,0,0,0,0,0,0,0,0
adult_drosophila_melanogaster,central_brain,ALlv1,,M_lvPNm26,"Tanaka et al., 2012","immuno, tract based",3,1,0,0,0,0,0,0,0,0,0
adult_drosophila_melanogaster,central_brain,ALlv1,,M_lvPNm27,"Tanaka et al., 2012","immuno, tract based",3,1,0,0,0,0,0,0,0,0,0
adult_drosophila_melanogaster,central_brain,ALlv1,,M_lvPNm28,"Tanaka et al., 2012","immuno, tract based",3,1,0,0,0,0,0,0,0,0,0
adult_drosophila_melanogaster,central_brain,ALlv1,,M_lvPNm29,"Tanaka et al., 2012","immuno, tract based",3,1,0,0,0,0,0,0,0,0,0
adult_drosophila_melanogaster,central_brain,ALlv1,,"M_lvPNm30,M_lvPNm32","Tanaka et al., 2012","immuno, tract based",3,1,0,0,0,0,0,0,0,0,0
adult_drosophila_melanogaster,central_brain,ALlv1,,M_lvPNm31,"Tanaka et al., 2012","immuno, tract based",3,1,0,0,0,0,0,0,0,0,0
adult_drosophila_melanogaster,central_brain,ALlv1,,"M_lvPNm33,M_lvPNm34","Tanaka et al., 2012","immuno, tract based",3,1,0,0,0,0,0,0,0,0,0
adult_drosophila_melanogaster,central_brain,ALlv1,,M_lvPNm35,"Tanaka et al., 2012","immuno, tract based",3,1,0,0,0,0,0,0,0,0,0
adult_drosophila_melanogaster,central_brain,ALlv1,,M_lvPNm37,"Tanaka et al., 2012","immuno, tract based",3,1,0,0,0,0,0,0,0,0,0
adult_drosophila_melanogaster,central_brain,ALlv1,,M_lvPNm39,"Tanaka et al., 2012","immuno, tract based",3,1,0,0,0,0,0,0,0,0,0
adult_drosophila_melanogaster,central_brain,ALlv1,,M_lvPNm40,"Tanaka et al., 2012","immuno, tract based",3,1,0,0,0,0,0,0,0,0,0
adult_drosophila_melanogaster,central_brain,ALlv1,,M_lvPNm41,"Tanaka et al., 2012","immuno, tract based",3,1,0,0,0,0,0,0,0,0,0
adult_drosophila_melanogaster,central_brain,ALlv1,,M_lvPNm42,"Tanaka et al., 2012","immuno, tract based",3,1,0,0,0,0,0,0,0,0,0
adult_drosophila_melanogaster,central_brain,ALlv1,,M_lvPNm43,"Tanaka et al., 2012","immuno, tract based",3,1,0,0,0,0,0,0,0,0,0
adult_drosophila_melanogaster,central_brain,ALlv1,,M_lvPNm44,"Tanaka et al., 2012","immuno, tract based",3,1,0,0,0,0,0,0,0,0,0
adult_drosophila_melanogaster,central_brain,ALlv1,,M_lvPNm45,"Tanaka et al., 2012","immuno, tract based",3,1,0,0,0,0,0,0,0,0,0
adult_drosophila_melanogaster,central_brain,ALlv1,,M_lvPNm46,"Tanaka et al., 2012","immuno, tract based",3,1,0,0,0,0,0,0,0,0,0
adult_drosophila_melanogaster,central_brain,ALlv1,,M_lvPNm47,"Tanaka et al., 2012","immuno, tract based",3,1,0,0,0,0,0,0,0,0,0
adult_drosophila_melanogaster,central_brain,ALlv1,,M_lvPNm48,"Tanaka et al., 2012","immuno, tract based",3,1,0,0,0,0,0,0,0,0,0
adult_drosophila_melanogaster,central_brain,ALlv1,,MZ_lvPN,"Tanaka et al., 2012","immuno, tract based",3,1,0,0,0,0,0,0,0,0,0
adult_drosophila_melanogaster,central_brain,putative_primary,,V_ilPN,"Tanaka et al., 2012","immuno, tract based",3,1,0,0,0,0,0,0,0,0,0
adult_drosophila_melanogaster,central_brain,ALad1,,VA1d_adPN,"Tanaka et al., 2012","immuno, tract based",3,1,0,0,0,0,0,0,0,0,0
adult_drosophila_melanogaster,central_brain,ALad1,,VA1v_adPN,"Tanaka et al., 2012","immuno, tract based",3,1,0,0,0,0,0,0,0,0,0
adult_drosophila_melanogaster,central_brain,ALad1__prim,,VA2_adPN,"Tanaka et al., 2012","immuno, tract based",3,1,0,0,0,0,0,0,0,0,0
adult_drosophila_melanogaster,central_brain,ALad1,,VA3_adPN,"Tanaka et al., 2012","immuno, tract based",3,1,0,0,0,0,0,0,0,0,0
adult_drosophila_melanogaster,central_brain,ALl1_ventral,,VA4_lPN,"Tanaka et al., 2012","immuno, tract based",3,1,0,0,0,0,0,0,0,0,0
adult_drosophila_melanogaster,central_brain,ALl1_ventral,,VA5_lPN,"Tanaka et al., 2012","immuno, tract based",3,1,0,0,0,0,0,0,0,0,0
adult_drosophila_melanogaster,central_brain,ALad1__prim,,VA6_adPN,"Tanaka et al., 2012","immuno, tract based",3,1,0,0,0,0,0,0,0,0,0
adult_drosophila_melanogaster,central_brain,ALad1__prim,,VA7l_adPN,"Tanaka et al., 2012","immuno, tract based",3,1,0,0,0,0,0,0,0,0,0
adult_drosophila_melanogaster,central_brain,ALl1_ventral,,VA7m_lPN,"Tanaka et al., 2012","immuno, tract based",3,1,0,0,0,0,0,0,0,0,0
adult_drosophila_melanogaster,central_brain,ALl1_ventral,,VC1_lPN,"Tanaka et al., 2012","immuno, tract based",3,1,0,0,0,0,0,0,0,0,0
adult_drosophila_melanogaster,central_brain,ALl1_ventral,,VC2_lPN,"Tanaka et al., 2012","immuno, tract based",3,1,0,0,0,0,0,0,0,0,0
adult_drosophila_melanogaster,central_brain,ALad1,,VC3_adPN,"Tanaka et al., 2012","immuno, tract based",3,1,0,0,0,0,0,0,0,0,0
adult_drosophila_melanogaster,central_brain,ALad1,,VC3l_adPN,"Tanaka et al., 2012","immuno, tract based",3,1,0,0,0,0,0,0,0,0,0
adult_drosophila_melanogaster,central_brain,ALlv1,,VC3m_lvPN,"Tanaka et al., 2012","immuno, tract based",3,1,0,0,0,0,0,0,0,0,0
adult_drosophila_melanogaster,central_brain,ALad1,,VC4_adPN,"Tanaka et al., 2012","immuno, tract based",3,1,0,0,0,0,0,0,0,0,0
adult_drosophila_melanogaster,central_brain,ALad1__prim,,VC5_adPN,"Tanaka et al., 2012","immuno, tract based",3,1,0,0,0,0,0,0,0,0,0
adult_drosophila_melanogaster,central_brain,ALlv1,,VC5_lvPN,"Tanaka et al., 2012","immuno, tract based",3,1,0,0,0,0,0,0,0,0,0
adult_drosophila_melanogaster,central_brain,ALlv1,,"VC5_lvPN,M_lvPNm38","Tanaka et al., 2012","immuno, tract based",3,1,0,0,0,0,0,0,0,0,0
adult_drosophila_melanogaster,central_brain,putative_primary,,VL1_ilPN,"Tanaka et al., 2012","immuno, tract based",3,1,0,0,0,0,0,0,0,0,0
adult_drosophila_melanogaster,central_brain,ALad1__prim,,VL2a_adPN,"Tanaka et al., 2012","immuno, tract based",3,1,0,0,0,0,0,0,0,0,0
adult_drosophila_melanogaster,central_brain,ALad1__prim,,VL2p_adPN,"Tanaka et al., 2012","immuno, tract based",3,1,0,0,0,0,0,0,0,0,0
adult_drosophila_melanogaster,central_brain,ALl1_ventral,,VM1_lPN,"Tanaka et al., 2012","immuno, tract based",3,1,0,0,0,0,0,0,0,0,0
adult_drosophila_melanogaster,central_brain,ALad1,,VM2_adPN,"Tanaka et al., 2012","immuno, tract based",3,1,0,0,0,0,0,0,0,0,0
adult_drosophila_melanogaster,central_brain,ALad1__prim,,VM3_adPN,"Tanaka et al., 2012","immuno, tract based",3,1,0,0,0,0,0,0,0,0,0
adult_drosophila_melanogaster,central_brain,ALad1__prim,,VM4_adPN,"Tanaka et al., 2012","immuno, tract based",3,1,0,0,0,0,0,0,0,0,0
adult_drosophila_melanogaster,central_brain,ALlv1,,VM4_lvPN,"Tanaka et al., 2012","immuno, tract based",3,1,0,0,0,0,0,0,0,0,0
adult_drosophila_melanogaster,central_brain,ALad1,,VM5d_adPN,"Tanaka et al., 2012","immuno, tract based",3,1,0,0,0,0,0,0,0,0,0
adult_drosophila_melanogaster,central_brain,ALad1,,VM5v_adPN,"Tanaka et al., 2012","immuno, tract based",3,1,0,0,0,0,0,0,0,0,0
adult_drosophila_melanogaster,central_brain,ALad1__prim,,VM6_adPN,"Tanaka et al., 2012","immuno, tract based",3,1,0,0,0,0,0,0,0,0,0
adult_drosophila_melanogaster,central_brain,ALad1,,VM7d_adPN,"Tanaka et al., 2012","immuno, tract based",3,1,0,0,0,0,0,0,0,0,0
adult_drosophila_melanogaster,central_brain,ALad1,,VM7v_adPN,"Tanaka et al., 2012","immuno, tract based",3,1,0,0,0,0,0,0,0,0,0
adult_drosophila_melanogaster,central_brain,ALlv1,,VP1l+_lvPN,"Tanaka et al., 2012","immuno, tract based",3,1,0,0,0,0,0,0,0,0,0
adult_drosophila_melanogaster,central_brain,putative_primary,,VP1l+VP3_ilPN,"Tanaka et al., 2012","immuno, tract based",3,1,0,0,0,0,0,0,0,0,0
adult_drosophila_melanogaster,central_brain,ALlv1,,"VP1m+VP2_lvPN1,VP1m+VP2_lvPN2","Tanaka et al., 2012","immuno, tract based",3,1,0,0,0,0,0,0,0,0,0
adult_drosophila_melanogaster,central_brain,putative_primary,,VP1m+VP5_ilPN,"Tanaka et al., 2012","immuno, tract based",3,1,0,0,0,0,0,0,0,0,0
adult_drosophila_melanogaster,central_brain,ALad1,,VP2_adPN,"Tanaka et al., 2012","immuno, tract based",3,1,0,0,0,0,0,0,0,0,0
adult_drosophila_melanogaster,central_brain,ALad1,,VP2+_adPN,"Tanaka et al., 2012","immuno, tract based",3,1,0,0,0,0,0,0,0,0,0
adult_drosophila_melanogaster,central_brain,ALlv1,,"VP2+Z_lvPN,Z_lvPNm1","Tanaka et al., 2012","immuno, tract based",3,1,0,0,0,0,0,0,0,0,0
adult_drosophila_melanogaster,central_brain,ALad1,,VP5+Z_adPN,"Tanaka et al., 2012","immuno, tract based",3,1,0,0,0,0,0,0,0,0,0
adult_drosophila_melanogaster,central_brain,ALv1,,Z_vPNml1,"Tanaka et al., 2012",immuno,5,0,0,1,0,0,0,0,0,0,0
larval_drosophila_melanogaster,cns,unpublished,,PDM-DN_left,"Tastekin et al. 2018, Winding, Pedigo et al. 2023",0,4,1,0,0,0,0,0,0,0,0,0
larval_drosophila_melanogaster,cns,unpublished,,PDM-DN_right,"Tastekin et al. 2018, Winding, Pedigo et al. 2023",0,4,1,0,0,0,0,0,0,0,0,0
adult_drosophila_melanogaster,central_brain,PBp1,,Delta7,Turner-Evans et al. 2020,scRNA-seq,3,-1,1,-1,0,0,0,0,0,0,0
adult_drosophila_melanogaster,central_brain,DM1_CX_d2,,EPG,Turner-Evans et al. 2020,scRNA-seq,3,1,-1,-1,0,0,0,0,0,0,0
adult_drosophila_melanogaster,central_brain,EBa1,,ER4d,Turner-Evans et al. 2020,scRNA-seq,3,-1,-1,1,0,0,0,0,0,0,0
adult_drosophila_melanogaster,central_brain,DM1_CX_d2,,PEG,Turner-Evans et al. 2020,scRNA-seq,3,1,-1,-1,0,0,0,0,0,0,0
adult_drosophila_melanogaster,central_brain,DM1_CX_p,,PEN_a(PEN1),Turner-Evans et al. 2020,scRNA-seq,3,1,-1,-1,0,0,0,0,0,0,0
adult_drosophila_melanogaster,central_brain,DM1_CX_p,,PEN_b(PEN2),Turner-Evans et al. 2020,scRNA-seq,3,1,-1,-1,0,0,0,0,0,0,0
larval_drosophila_melanogaster,cns,unpublished,,Handle-A a1,"Valdes-Aleman et al. 2021, Ohyama, Schneider-Mizell et al. 2015, Jovanic, Schneider-Mizell et al. 2016, Burgos et al 2018",0,4,0,0,1,0,0,0,0,0,0,0
adult_drosophila_melanogaster,optic_lobe,0,,TmY11,Varija Raghu et al. 2011,MARCM,1,1,0,0,0,0,0,0,0,0,0
adult_drosophila_melanogaster,neck_connective,SMPpv1,,DNpe038,"Wang et al., 2020",FISH,3,1,0,0,0,0,0,0,0,0,0
adult_drosophila_melanogaster,neck_connective,SMPpv1,,oviDNa,"Wang et al., 2020",FISH,3,1,0,0,0,0,0,0,0,0,0
adult_drosophila_melanogaster,neck_connective,SMPpv1,,oviDNa_a,"Wang et al., 2020",FISH,3,1,0,0,0,0,0,0,0,0,0
adult_drosophila_melanogaster,neck_connective,SMPpv1,,oviDNa_b,"Wang et al., 2020",FISH,3,1,0,0,0,0,0,0,0,0,0
adult_drosophila_melanogaster,neck_connective,SMPpv1,,oviDNb,"Wang et al., 2020",FISH,3,1,0,0,0,0,0,0,0,0,0
adult_drosophila_melanogaster,central_brain,putative_primary,,oviIN,"Wang et al., 2020",FISH,3,0,0,1,0,0,0,0,0,0,0
adult_drosophila_melanogaster,neck_connective,SMPpv1,,SLP410,"Wang et al., 2020",FISH,3,1,0,0,0,0,0,0,0,0,0
adult_drosophila_melanogaster,central_brain,LHl1,,aSP8,"Wang et al., 2021",FISH,3,0,0,1,0,0,0,0,0,0,0
adult_drosophila_melanogaster,neck_connective,putative_primary,,DNp37,"Wang et al., 2021",FISH,3,1,0,0,0,0,0,0,0,0,0
adult_drosophila_melanogaster,neck_connective,putative_primary,,vpoDN,"Wang et al., 2021",FISH,3,1,0,0,0,0,0,0,0,0,0
adult_drosophila_melanogaster,central_brain,putative_primary,DCH,DCH,Wei et al. 2019,intersection,4,0,0,1,0,0,0,0,0,0,0
adult_drosophila_melanogaster,central_brain,putative_primary,VCH,VCH,Wei et al. 2019,intersection,4,0,0,1,0,0,0,0,0,0,0
larval_drosophila_melanogaster,cns,unpublished,,FLON;left,"Winding, Pedigo et al. 2023",0,4,0,1,0,0,0,0,0,0,0,0
larval_drosophila_melanogaster,cns,unpublished,,FLON;right,"Winding, Pedigo et al. 2023",0,4,0,1,0,0,0,0,0,0,0,0
larval_drosophila_melanogaster,cns,unpublished,,SP2-1;left,"Winding, Pedigo et al. 2023",0,2,0,0,0,0,0,1,0,0,0,0
larval_drosophila_melanogaster,cns,unpublished,,SP2-1;right,"Winding, Pedigo et al. 2023",0,2,0,0,0,0,0,1,0,0,0,0
larval_drosophila_melanogaster,cns,unpublished,,broad T1 left,"Winding, Pedigo et al. 2023, Berck, Khandelwal et al. 2016",0,4,0,0,1,0,0,0,0,0,0,0
larval_drosophila_melanogaster,cns,unpublished,,broad T1 right,"Winding, Pedigo et al. 2023, Berck, Khandelwal et al. 2016",0,4,0,0,1,0,0,0,0,0,0,0
larval_drosophila_melanogaster,cns,unpublished,,broad T2 left,"Winding, Pedigo et al. 2023, Berck, Khandelwal et al. 2016",0,4,0,0,1,0,0,0,0,0,0,0
larval_drosophila_melanogaster,cns,unpublished,,broad T2 right,"Winding, Pedigo et al. 2023, Berck, Khandelwal et al. 2016",0,4,0,0,1,0,0,0,0,0,0,0
larval_drosophila_melanogaster,cns,unpublished,,broad T3 left,"Winding, Pedigo et al. 2023, Berck, Khandelwal et al. 2016",0,4,0,0,1,0,0,0,0,0,0,0
larval_drosophila_melanogaster,cns,unpublished,,broad T3 right,"Winding, Pedigo et al. 2023, Berck, Khandelwal et al. 2016",0,4,0,0,1,0,0,0,0,0,0,0
larval_drosophila_melanogaster,cns,unpublished,,choosy 1 left,"Winding, Pedigo et al. 2023, Berck, Khandelwal et al. 2016",0,2,0,0,1,0,0,0,0,0,0,0
larval_drosophila_melanogaster,cns,unpublished,,choosy 1 right,"Winding, Pedigo et al. 2023, Berck, Khandelwal et al. 2016",0,2,0,0,1,0,0,0,0,0,0,0
larval_drosophila_melanogaster,cns,unpublished,,choosy 2 left,"Winding, Pedigo et al. 2023, Berck, Khandelwal et al. 2016",0,2,0,0,1,0,0,0,0,0,0,0
larval_drosophila_melanogaster,cns,unpublished,,choosy 2 right,"Winding, Pedigo et al. 2023, Berck, Khandelwal et al. 2016",0,2,0,0,1,0,0,0,0,0,0,0
larval_drosophila_melanogaster,cns,unpublished,,CSD left,"Winding, Pedigo et al. 2023, Berck, Khandelwal et al. 2016",0,2,0,0,0,0,0,1,0,0,0,0
larval_drosophila_melanogaster,cns,unpublished,,CSD right,"Winding, Pedigo et al. 2023, Berck, Khandelwal et al. 2016",0,2,0,0,0,0,0,1,0,0,0,0
larval_drosophila_melanogaster,cns,unpublished,,keystone left,"Winding, Pedigo et al. 2023, Berck, Khandelwal et al. 2016",0,4,0,0,1,0,0,0,0,0,0,0
larval_drosophila_melanogaster,cns,unpublished,,keystone right,"Winding, Pedigo et al. 2023, Berck, Khandelwal et al. 2016",0,4,0,0,1,0,0,0,0,0,0,0
larval_drosophila_melanogaster,cns,unpublished,,picky 0 left,"Winding, Pedigo et al. 2023, Berck, Khandelwal et al. 2016",0,2,0,1,0,0,0,0,0,0,0,0
larval_drosophila_melanogaster,cns,unpublished,,picky 0 left,"Winding, Pedigo et al. 2023, Berck, Khandelwal et al. 2016",0,4,0,0,1,0,0,0,0,0,0,0
larval_drosophila_melanogaster,cns,unpublished,,picky 0 right,"Winding, Pedigo et al. 2023, Berck, Khandelwal et al. 2016",0,2,0,1,0,0,0,0,0,0,0,0
larval_drosophila_melanogaster,cns,unpublished,,picky 0 right,"Winding, Pedigo et al. 2023, Berck, Khandelwal et al. 2016",0,4,0,0,1,0,0,0,0,0,0,0
larval_drosophila_melanogaster,cns,unpublished,,picky 1 left,"Winding, Pedigo et al. 2023, Berck, Khandelwal et al. 2016",0,2,0,1,0,0,0,0,0,0,0,0
larval_drosophila_melanogaster,cns,unpublished,,picky 1 left,"Winding, Pedigo et al. 2023, Berck, Khandelwal et al. 2016",0,4,0,0,1,0,0,0,0,0,0,0
larval_drosophila_melanogaster,cns,unpublished,,picky 1 right,"Winding, Pedigo et al. 2023, Berck, Khandelwal et al. 2016",0,2,0,1,0,0,0,0,0,0,0,0
larval_drosophila_melanogaster,cns,unpublished,,picky 1 right,"Winding, Pedigo et al. 2023, Berck, Khandelwal et al. 2016",0,4,0,0,1,0,0,0,0,0,0,0
larval_drosophila_melanogaster,cns,unpublished,,picky 2 left,"Winding, Pedigo et al. 2023, Berck, Khandelwal et al. 2016",0,2,0,1,0,0,0,0,0,0,0,0
larval_drosophila_melanogaster,cns,unpublished,,picky 2 left,"Winding, Pedigo et al. 2023, Berck, Khandelwal et al. 2016",0,4,0,0,1,0,0,0,0,0,0,0
larval_drosophila_melanogaster,cns,unpublished,,picky 2 right,"Winding, Pedigo et al. 2023, Berck, Khandelwal et al. 2016",0,2,0,1,0,0,0,0,0,0,0,0
larval_drosophila_melanogaster,cns,unpublished,,picky 2 right,"Winding, Pedigo et al. 2023, Berck, Khandelwal et al. 2016",0,4,0,0,1,0,0,0,0,0,0,0
larval_drosophila_melanogaster,cns,unpublished,,picky 3 left,"Winding, Pedigo et al. 2023, Berck, Khandelwal et al. 2016",0,2,0,1,0,0,0,0,0,0,0,0
larval_drosophila_melanogaster,cns,unpublished,,picky 3 left,"Winding, Pedigo et al. 2023, Berck, Khandelwal et al. 2016",0,4,0,0,1,0,0,0,0,0,0,0
larval_drosophila_melanogaster,cns,unpublished,,picky 3 right,"Winding, Pedigo et al. 2023, Berck, Khandelwal et al. 2016",0,2,0,1,0,0,0,0,0,0,0,0
larval_drosophila_melanogaster,cns,unpublished,,picky 3 right,"Winding, Pedigo et al. 2023, Berck, Khandelwal et al. 2016",0,4,0,0,1,0,0,0,0,0,0,0
larval_drosophila_melanogaster,cns,unpublished,,picky 4 left,"Winding, Pedigo et al. 2023, Berck, Khandelwal et al. 2016",0,4,0,1,0,0,0,0,0,0,0,0
larval_drosophila_melanogaster,cns,unpublished,,picky 4 right,"Winding, Pedigo et al. 2023, Berck, Khandelwal et al. 2016",0,4,0,1,0,0,0,0,0,0,0,0
larval_drosophila_melanogaster,cns,unpublished,,47a & 33b PN right,"Winding, Pedigo et al. 2023, Berck, Khandelwal et al. 2016, Eichler, Li, Litwin-Kumar et al. 2017, Miroschnikow et al. 2018",0,4,1,0,0,0,0,0,0,0,0,0
larval_drosophila_melanogaster,cns,unpublished,,MDNa_left; pair 1 left,"Winding, Pedigo et al. 2023, Carreira-Rosario, Arzan Zarin, Clark et al. 2018",0,4,1,0,0,0,0,0,0,0,0,0
larval_drosophila_melanogaster,cns,unpublished,,MDNa_right; pair 2 right,"Winding, Pedigo et al. 2023, Carreira-Rosario, Arzan Zarin, Clark et al. 2018",0,4,1,0,0,0,0,0,0,0,0,0
larval_drosophila_melanogaster,cns,unpublished,,MDNb_left; pair 2 left,"Winding, Pedigo et al. 2023, Carreira-Rosario, Arzan Zarin, Clark et al. 2018",0,4,1,0,0,0,0,0,0,0,0,0
larval_drosophila_melanogaster,cns,unpublished,,MDNb_right; pair 1 right,"Winding, Pedigo et al. 2023, Carreira-Rosario, Arzan Zarin, Clark et al. 2018",0,4,1,0,0,0,0,0,0,0,0,0
larval_drosophila_melanogaster,cns,unpublished,,MBE12 left,"Winding, Pedigo et al. 2023, Eichler, Li, Litwin-Kumar et al. 2017",0,4,0,0,1,0,0,0,0,0,0,0
larval_drosophila_melanogaster,cns,unpublished,,MBE12 right,"Winding, Pedigo et al. 2023, Eichler, Li, Litwin-Kumar et al. 2017",0,4,0,0,1,0,0,0,0,0,0,0
larval_drosophila_melanogaster,cns,unpublished,,13a ORN left,"Winding, Pedigo et al. 2023, Hueckesfeld et al. 2020, Berck, Khandelwal et al. 2016",0,4,1,0,0,0,0,0,0,0,0,0
larval_drosophila_melanogaster,cns,unpublished,,13a ORN right,"Winding, Pedigo et al. 2023, Hueckesfeld et al. 2020, Berck, Khandelwal et al. 2016",0,4,1,0,0,0,0,0,0,0,0,0
larval_drosophila_melanogaster,cns,unpublished,,1a ORN left,"Winding, Pedigo et al. 2023, Hueckesfeld et al. 2020, Berck, Khandelwal et al. 2016",0,4,1,0,0,0,0,0,0,0,0,0
larval_drosophila_melanogaster,cns,unpublished,,1a ORN right,"Winding, Pedigo et al. 2023, Hueckesfeld et al. 2020, Berck, Khandelwal et al. 2016",0,4,1,0,0,0,0,0,0,0,0,0
larval_drosophila_melanogaster,cns,unpublished,,22c ORN left,"Winding, Pedigo et al. 2023, Hueckesfeld et al. 2020, Berck, Khandelwal et al. 2016",0,4,1,0,0,0,0,0,0,0,0,0
larval_drosophila_melanogaster,cns,unpublished,,22c ORN right,"Winding, Pedigo et al. 2023, Hueckesfeld et al. 2020, Berck, Khandelwal et al. 2016",0,4,1,0,0,0,0,0,0,0,0,0
larval_drosophila_melanogaster,cns,unpublished,,24a ORN left,"Winding, Pedigo et al. 2023, Hueckesfeld et al. 2020, Berck, Khandelwal et al. 2016",0,4,1,0,0,0,0,0,0,0,0,0
larval_drosophila_melanogaster,cns,unpublished,,24a ORN right,"Winding, Pedigo et al. 2023, Hueckesfeld et al. 2020, Berck, Khandelwal et al. 2016",0,4,1,0,0,0,0,0,0,0,0,0
larval_drosophila_melanogaster,cns,unpublished,,30a ORN left,"Winding, Pedigo et al. 2023, Hueckesfeld et al. 2020, Berck, Khandelwal et al. 2016",0,4,1,0,0,0,0,0,0,0,0,0
larval_drosophila_melanogaster,cns,unpublished,,30a ORN right,"Winding, Pedigo et al. 2023, Hueckesfeld et al. 2020, Berck, Khandelwal et al. 2016",0,4,1,0,0,0,0,0,0,0,0,0
larval_drosophila_melanogaster,cns,unpublished,,33a ORN left,"Winding, Pedigo et al. 2023, Hueckesfeld et al. 2020, Berck, Khandelwal et al. 2016",0,4,1,0,0,0,0,0,0,0,0,0
larval_drosophila_melanogaster,cns,unpublished,,33a ORN right,"Winding, Pedigo et al. 2023, Hueckesfeld et al. 2020, Berck, Khandelwal et al. 2016",0,4,1,0,0,0,0,0,0,0,0,0
larval_drosophila_melanogaster,cns,unpublished,,35a ORN left,"Winding, Pedigo et al. 2023, Hueckesfeld et al. 2020, Berck, Khandelwal et al. 2016",0,4,1,0,0,0,0,0,0,0,0,0
larval_drosophila_melanogaster,cns,unpublished,,35a ORN right,"Winding, Pedigo et al. 2023, Hueckesfeld et al. 2020, Berck, Khandelwal et al. 2016",0,4,1,0,0,0,0,0,0,0,0,0
larval_drosophila_melanogaster,cns,unpublished,,42a ORN left,"Winding, Pedigo et al. 2023, Hueckesfeld et al. 2020, Berck, Khandelwal et al. 2016",0,4,1,0,0,0,0,0,0,0,0,0
larval_drosophila_melanogaster,cns,unpublished,,42a ORN right,"Winding, Pedigo et al. 2023, Hueckesfeld et al. 2020, Berck, Khandelwal et al. 2016",0,4,1,0,0,0,0,0,0,0,0,0
larval_drosophila_melanogaster,cns,unpublished,,42b ORN left,"Winding, Pedigo et al. 2023, Hueckesfeld et al. 2020, Berck, Khandelwal et al. 2016",0,4,1,0,0,0,0,0,0,0,0,0
larval_drosophila_melanogaster,cns,unpublished,,42b ORN right,"Winding, Pedigo et al. 2023, Hueckesfeld et al. 2020, Berck, Khandelwal et al. 2016",0,4,1,0,0,0,0,0,0,0,0,0
larval_drosophila_melanogaster,cns,unpublished,,45b ORN left,"Winding, Pedigo et al. 2023, Hueckesfeld et al. 2020, Berck, Khandelwal et al. 2016",0,4,1,0,0,0,0,0,0,0,0,0
larval_drosophila_melanogaster,cns,unpublished,,45b ORN right,"Winding, Pedigo et al. 2023, Hueckesfeld et al. 2020, Berck, Khandelwal et al. 2016",0,4,1,0,0,0,0,0,0,0,0,0
larval_drosophila_melanogaster,cns,unpublished,,47a & 33b ORN left,"Winding, Pedigo et al. 2023, Hueckesfeld et al. 2020, Berck, Khandelwal et al. 2016",0,4,1,0,0,0,0,0,0,0,0,0
larval_drosophila_melanogaster,cns,unpublished,,47a & 33b ORN right,"Winding, Pedigo et al. 2023, Hueckesfeld et al. 2020, Berck, Khandelwal et al. 2016",0,4,1,0,0,0,0,0,0,0,0,0
larval_drosophila_melanogaster,cns,unpublished,,49a ORN left,"Winding, Pedigo et al. 2023, Hueckesfeld et al. 2020, Berck, Khandelwal et al. 2016",0,4,1,0,0,0,0,0,0,0,0,0
larval_drosophila_melanogaster,cns,unpublished,,49a ORN right,"Winding, Pedigo et al. 2023, Hueckesfeld et al. 2020, Berck, Khandelwal et al. 2016",0,4,1,0,0,0,0,0,0,0,0,0
larval_drosophila_melanogaster,cns,unpublished,,59a ORN left,"Winding, Pedigo et al. 2023, Hueckesfeld et al. 2020, Berck, Khandelwal et al. 2016",0,4,1,0,0,0,0,0,0,0,0,0
larval_drosophila_melanogaster,cns,unpublished,,59a ORN right,"Winding, Pedigo et al. 2023, Hueckesfeld et al. 2020, Berck, Khandelwal et al. 2016",0,4,1,0,0,0,0,0,0,0,0,0
larval_drosophila_melanogaster,cns,unpublished,,63a ORN left,"Winding, Pedigo et al. 2023, Hueckesfeld et al. 2020, Berck, Khandelwal et al. 2016",0,4,1,0,0,0,0,0,0,0,0,0
larval_drosophila_melanogaster,cns,unpublished,,63a ORN right,"Winding, Pedigo et al. 2023, Hueckesfeld et al. 2020, Berck, Khandelwal et al. 2016",0,4,1,0,0,0,0,0,0,0,0,0
larval_drosophila_melanogaster,cns,unpublished,,67b ORN left,"Winding, Pedigo et al. 2023, Hueckesfeld et al. 2020, Berck, Khandelwal et al. 2016",0,4,1,0,0,0,0,0,0,0,0,0
larval_drosophila_melanogaster,cns,unpublished,,67b ORN right,"Winding, Pedigo et al. 2023, Hueckesfeld et al. 2020, Berck, Khandelwal et al. 2016",0,4,1,0,0,0,0,0,0,0,0,0
larval_drosophila_melanogaster,cns,unpublished,,74a ORN left,"Winding, Pedigo et al. 2023, Hueckesfeld et al. 2020, Berck, Khandelwal et al. 2016",0,4,1,0,0,0,0,0,0,0,0,0
larval_drosophila_melanogaster,cns,unpublished,,74a ORN right,"Winding, Pedigo et al. 2023, Hueckesfeld et al. 2020, Berck, Khandelwal et al. 2016",0,4,1,0,0,0,0,0,0,0,0,0
larval_drosophila_melanogaster,cns,unpublished,,83a ORN left,"Winding, Pedigo et al. 2023, Hueckesfeld et al. 2020, Berck, Khandelwal et al. 2016",0,4,1,0,0,0,0,0,0,0,0,0
larval_drosophila_melanogaster,cns,unpublished,,83a ORN right,"Winding, Pedigo et al. 2023, Hueckesfeld et al. 2020, Berck, Khandelwal et al. 2016",0,4,1,0,0,0,0,0,0,0,0,0
larval_drosophila_melanogaster,cns,unpublished,,85c ORN left,"Winding, Pedigo et al. 2023, Hueckesfeld et al. 2020, Berck, Khandelwal et al. 2016",0,4,1,0,0,0,0,0,0,0,0,0
larval_drosophila_melanogaster,cns,unpublished,,85c ORN right,"Winding, Pedigo et al. 2023, Hueckesfeld et al. 2020, Berck, Khandelwal et al. 2016",0,4,1,0,0,0,0,0,0,0,0,0
larval_drosophila_melanogaster,cns,unpublished,,94a & 94b ORN left,"Winding, Pedigo et al. 2023, Hueckesfeld et al. 2020, Berck, Khandelwal et al. 2016",0,4,1,0,0,0,0,0,0,0,0,0
larval_drosophila_melanogaster,cns,unpublished,,94a & 94b ORN right,"Winding, Pedigo et al. 2023, Hueckesfeld et al. 2020, Berck, Khandelwal et al. 2016",0,4,1,0,0,0,0,0,0,0,0,0
larval_drosophila_melanogaster,cns,unpublished,,mPN iACT VUM L,"Winding, Pedigo et al. 2023, Hueckesfeld et al. 2020, Berck, Khandelwal et al. 2016",0,2,0,0,0,0,0,0,1,0,0,0
larval_drosophila_melanogaster,cns,unpublished,,AN-R-Sens-B3-ACal-06 (Degraded? Temp?),"Winding, Pedigo et al. 2023, Hueckesfeld et al. 2020, Miroschnikow et al. 2018",0,2,1,0,0,0,0,0,0,0,0,0
larval_drosophila_melanogaster,cns,unpublished,,AN-R-Sens-B3-ACp-08,"Winding, Pedigo et al. 2023, Hueckesfeld et al. 2020, Miroschnikow et al. 2018",0,2,1,0,0,0,0,0,0,0,0,0
larval_drosophila_melanogaster,cns,unpublished,,AN-R-Sens-B3-VM-13,"Winding, Pedigo et al. 2023, Hueckesfeld et al. 2020, Miroschnikow et al. 2018",0,2,1,0,0,0,0,0,0,0,0,0
larval_drosophila_melanogaster,cns,unpublished,,AN-R-Sens-B3-VM-14,"Winding, Pedigo et al. 2023, Hueckesfeld et al. 2020, Miroschnikow et al. 2018",0,2,1,0,0,0,0,0,0,0,0,0
larval_drosophila_melanogaster,cns,unpublished,,AN-R-Sens-B3-VM-15,"Winding, Pedigo et al. 2023, Hueckesfeld et al. 2020, Miroschnikow et al. 2018",0,2,1,0,0,0,0,0,0,0,0,0
larval_drosophila_melanogaster,cns,unpublished,,5thLN;left,"Winding, Pedigo et al. 2023, Larderet, Fritsch et al. 2017",0,4,1,0,0,0,0,0,0,0,0,0
larval_drosophila_melanogaster,cns,unpublished,,5thLN;right,"Winding, Pedigo et al. 2023, Larderet, Fritsch et al. 2017",0,4,1,0,0,0,0,0,0,0,0,0
larval_drosophila_melanogaster,cns,unpublished,,ChalOLP;left,"Winding, Pedigo et al. 2023, Larderet, Fritsch et al. 2017",0,4,1,0,0,0,0,0,0,0,0,0
larval_drosophila_melanogaster,cns,unpublished,,ChalOLP;right,"Winding, Pedigo et al. 2023, Larderet, Fritsch et al. 2017",0,4,1,0,0,0,0,0,0,0,0,0
larval_drosophila_melanogaster,cns,unpublished,,GlulOLP;left,"Winding, Pedigo et al. 2023, Larderet, Fritsch et al. 2017",0,4,0,1,0,0,0,0,0,0,0,0
larval_drosophila_melanogaster,cns,unpublished,,GlulOLP;right,"Winding, Pedigo et al. 2023, Larderet, Fritsch et al. 2017",0,4,0,1,0,0,0,0,0,0,0,0
larval_drosophila_melanogaster,cns,unpublished,,nc2;left,"Winding, Pedigo et al. 2023, Larderet, Fritsch et al. 2017",0,4,1,0,0,0,0,0,0,0,0,0
larval_drosophila_melanogaster,cns,unpublished,,nc2;right,"Winding, Pedigo et al. 2023, Larderet, Fritsch et al. 2017",0,4,1,0,0,0,0,0,0,0,0,0
larval_drosophila_melanogaster,cns,unpublished,,pOLP;left,"Winding, Pedigo et al. 2023, Larderet, Fritsch et al. 2017",0,4,1,0,0,0,0,0,0,0,0,0
larval_drosophila_melanogaster,cns,unpublished,,PVL09 left,"Winding, Pedigo et al. 2023, Larderet, Fritsch et al. 2017",0,4,1,0,0,0,0,0,0,0,0,0
larval_drosophila_melanogaster,cns,unpublished,,PVL09 right,"Winding, Pedigo et al. 2023, Larderet, Fritsch et al. 2017",0,4,1,0,0,0,0,0,0,0,0,0
larval_drosophila_melanogaster,cns,unpublished,,Rh5PR-1;left,"Winding, Pedigo et al. 2023, Larderet, Fritsch et al. 2017",0,4,1,0,0,0,0,0,0,0,0,0
larval_drosophila_melanogaster,cns,unpublished,,Rh5PR-1;right,"Winding, Pedigo et al. 2023, Larderet, Fritsch et al. 2017",0,4,1,0,0,0,0,0,0,0,0,0
larval_drosophila_melanogaster,cns,unpublished,,Rh5PR-2;left,"Winding, Pedigo et al. 2023, Larderet, Fritsch et al. 2017",0,4,1,0,0,0,0,0,0,0,0,0
larval_drosophila_melanogaster,cns,unpublished,,Rh5PR-2;right,"Winding, Pedigo et al. 2023, Larderet, Fritsch et al. 2017",0,4,1,0,0,0,0,0,0,0,0,0
larval_drosophila_melanogaster,cns,unpublished,,Rh5PR-3;left,"Winding, Pedigo et al. 2023, Larderet, Fritsch et al. 2017",0,4,1,0,0,0,0,0,0,0,0,0
larval_drosophila_melanogaster,cns,unpublished,,Rh5PR-3;right,"Winding, Pedigo et al. 2023, Larderet, Fritsch et al. 2017",0,4,1,0,0,0,0,0,0,0,0,0
larval_drosophila_melanogaster,cns,unpublished,,Rh5PR-4;left,"Winding, Pedigo et al. 2023, Larderet, Fritsch et al. 2017",0,4,1,0,0,0,0,0,0,0,0,0
larval_drosophila_melanogaster,cns,unpublished,,Rh5PR-4;right,"Winding, Pedigo et al. 2023, Larderet, Fritsch et al. 2017",0,4,1,0,0,0,0,0,0,0,0,0
larval_drosophila_melanogaster,cns,unpublished,,Rh5PR-5;right,"Winding, Pedigo et al. 2023, Larderet, Fritsch et al. 2017",0,4,1,0,0,0,0,0,0,0,0,0
larval_drosophila_melanogaster,cns,unpublished,,Rh5PR-6;right,"Winding, Pedigo et al. 2023, Larderet, Fritsch et al. 2017",0,4,1,0,0,0,0,0,0,0,0,0
larval_drosophila_melanogaster,cns,unpublished,,Rh6PR-1;left,"Winding, Pedigo et al. 2023, Larderet, Fritsch et al. 2017",0,4,1,0,0,0,0,0,0,0,0,0
larval_drosophila_melanogaster,cns,unpublished,,Rh6PR-1;right,"Winding, Pedigo et al. 2023, Larderet, Fritsch et al. 2017",0,4,1,0,0,0,0,0,0,0,0,0
larval_drosophila_melanogaster,cns,unpublished,,Rh6PR-10;right,"Winding, Pedigo et al. 2023, Larderet, Fritsch et al. 2017",0,4,1,0,0,0,0,0,0,0,0,0
larval_drosophila_melanogaster,cns,unpublished,,Rh6PR-2;left,"Winding, Pedigo et al. 2023, Larderet, Fritsch et al. 2017",0,4,1,0,0,0,0,0,0,0,0,0
larval_drosophila_melanogaster,cns,unpublished,,Rh6PR-2;right,"Winding, Pedigo et al. 2023, Larderet, Fritsch et al. 2017",0,4,1,0,0,0,0,0,0,0,0,0
larval_drosophila_melanogaster,cns,unpublished,,Rh6PR-3;left,"Winding, Pedigo et al. 2023, Larderet, Fritsch et al. 2017",0,4,1,0,0,0,0,0,0,0,0,0
larval_drosophila_melanogaster,cns,unpublished,,Rh6PR-3;right,"Winding, Pedigo et al. 2023, Larderet, Fritsch et al. 2017",0,4,1,0,0,0,0,0,0,0,0,0
larval_drosophila_melanogaster,cns,unpublished,,Rh6PR-4;left,"Winding, Pedigo et al. 2023, Larderet, Fritsch et al. 2017",0,4,1,0,0,0,0,0,0,0,0,0
larval_drosophila_melanogaster,cns,unpublished,,Rh6PR-4;right,"Winding, Pedigo et al. 2023, Larderet, Fritsch et al. 2017",0,4,1,0,0,0,0,0,0,0,0,0
larval_drosophila_melanogaster,cns,unpublished,,Rh6PR-5;left,"Winding, Pedigo et al. 2023, Larderet, Fritsch et al. 2017",0,4,1,0,0,0,0,0,0,0,0,0
larval_drosophila_melanogaster,cns,unpublished,,Rh6PR-5;right,"Winding, Pedigo et al. 2023, Larderet, Fritsch et al. 2017",0,4,1,0,0,0,0,0,0,0,0,0
larval_drosophila_melanogaster,cns,unpublished,,Rh6PR-6;left,"Winding, Pedigo et al. 2023, Larderet, Fritsch et al. 2017",0,4,1,0,0,0,0,0,0,0,0,0
larval_drosophila_melanogaster,cns,unpublished,,Rh6PR-6;right,"Winding, Pedigo et al. 2023, Larderet, Fritsch et al. 2017",0,4,1,0,0,0,0,0,0,0,0,0
larval_drosophila_melanogaster,cns,unpublished,,Rh6PR-7;left,"Winding, Pedigo et al. 2023, Larderet, Fritsch et al. 2017",0,4,1,0,0,0,0,0,0,0,0,0
larval_drosophila_melanogaster,cns,unpublished,,Rh6PR-7;right,"Winding, Pedigo et al. 2023, Larderet, Fritsch et al. 2017",0,4,1,0,0,0,0,0,0,0,0,0
larval_drosophila_melanogaster,cns,unpublished,,Rh6PR-8;left,"Winding, Pedigo et al. 2023, Larderet, Fritsch et al. 2017",0,4,1,0,0,0,0,0,0,0,0,0
larval_drosophila_melanogaster,cns,unpublished,,Rh6PR-8;right,"Winding, Pedigo et al. 2023, Larderet, Fritsch et al. 2017",0,4,1,0,0,0,0,0,0,0,0,0
larval_drosophila_melanogaster,cns,unpublished,,Rh6PR-9;left,"Winding, Pedigo et al. 2023, Larderet, Fritsch et al. 2017",0,4,1,0,0,0,0,0,0,0,0,0
larval_drosophila_melanogaster,cns,unpublished,,Rh6PR-9;right,"Winding, Pedigo et al. 2023, Larderet, Fritsch et al. 2017",0,4,1,0,0,0,0,0,0,0,0,0
larval_drosophila_melanogaster,cns,unpublished,,A06k_a1l,"Winding, Pedigo et al. 2023, Mark et al. 2019",0,2,0,0,1,0,0,0,0,0,0,0
larval_drosophila_melanogaster,cns,unpublished,,NB5-2 lineage 6 (HMD X?)_a1l,"Winding, Pedigo et al. 2023, Mark et al. 2019",0,2,0,0,1,0,0,0,0,0,0,0
larval_drosophila_melanogaster,cns,unpublished,,AN-R-Sens-B2-?-00,"Winding, Pedigo et al. 2023, Miroschnikow et al. 2018",0,2,1,0,0,0,0,0,0,0,0,0
larval_drosophila_melanogaster,cns,unpublished,,13a PN left,"Winding, Pedigo et al. 2023, Miroschnikow et al. 2018, Berck, Khandelwal et al. 2016, Eichler, Li, Litwin-Kumar et al. 2017",0,4,1,0,0,0,0,0,0,0,0,0
larval_drosophila_melanogaster,cns,unpublished,,1a PN left,"Winding, Pedigo et al. 2023, Miroschnikow et al. 2018, Berck, Khandelwal et al. 2016, Eichler, Li, Litwin-Kumar et al. 2017",0,4,1,0,0,0,0,0,0,0,0,0
larval_drosophila_melanogaster,cns,unpublished,,1a PN right,"Winding, Pedigo et al. 2023, Miroschnikow et al. 2018, Berck, Khandelwal et al. 2016, Eichler, Li, Litwin-Kumar et al. 2017",0,4,1,0,0,0,0,0,0,0,0,0
larval_drosophila_melanogaster,cns,unpublished,,22c PN left,"Winding, Pedigo et al. 2023, Miroschnikow et al. 2018, Berck, Khandelwal et al. 2016, Eichler, Li, Litwin-Kumar et al. 2017",0,4,1,0,0,0,0,0,0,0,0,0
larval_drosophila_melanogaster,cns,unpublished,,22c PN right,"Winding, Pedigo et al. 2023, Miroschnikow et al. 2018, Berck, Khandelwal et al. 2016, Eichler, Li, Litwin-Kumar et al. 2017",0,4,1,0,0,0,0,0,0,0,0,0
larval_drosophila_melanogaster,cns,unpublished,,24a PN left,"Winding, Pedigo et al. 2023, Miroschnikow et al. 2018, Berck, Khandelwal et al. 2016, Eichler, Li, Litwin-Kumar et al. 2017",0,4,1,0,0,0,0,0,0,0,0,0
larval_drosophila_melanogaster,cns,unpublished,,24a PN right,"Winding, Pedigo et al. 2023, Miroschnikow et al. 2018, Berck, Khandelwal et al. 2016, Eichler, Li, Litwin-Kumar et al. 2017",0,4,1,0,0,0,0,0,0,0,0,0
larval_drosophila_melanogaster,cns,unpublished,,33a PN right,"Winding, Pedigo et al. 2023, Miroschnikow et al. 2018, Berck, Khandelwal et al. 2016, Eichler, Li, Litwin-Kumar et al. 2017",0,4,1,0,0,0,0,0,0,0,0,0
larval_drosophila_melanogaster,cns,unpublished,,35a PN bilateral left,"Winding, Pedigo et al. 2023, Miroschnikow et al. 2018, Berck, Khandelwal et al. 2016, Eichler, Li, Litwin-Kumar et al. 2017",0,4,1,0,0,0,0,0,0,0,0,0
larval_drosophila_melanogaster,cns,unpublished,,35a PN bilateral right,"Winding, Pedigo et al. 2023, Miroschnikow et al. 2018, Berck, Khandelwal et al. 2016, Eichler, Li, Litwin-Kumar et al. 2017",0,4,1,0,0,0,0,0,0,0,0,0
larval_drosophila_melanogaster,cns,unpublished,,45b PN left,"Winding, Pedigo et al. 2023, Miroschnikow et al. 2018, Berck, Khandelwal et al. 2016, Eichler, Li, Litwin-Kumar et al. 2017",0,4,1,0,0,0,0,0,0,0,0,0
larval_drosophila_melanogaster,cns,unpublished,,45b PN right,"Winding, Pedigo et al. 2023, Miroschnikow et al. 2018, Berck, Khandelwal et al. 2016, Eichler, Li, Litwin-Kumar et al. 2017",0,4,1,0,0,0,0,0,0,0,0,0
larval_drosophila_melanogaster,cns,unpublished,,47a & 33b PN left,"Winding, Pedigo et al. 2023, Miroschnikow et al. 2018, Berck, Khandelwal et al. 2016, Eichler, Li, Litwin-Kumar et al. 2017",0,4,1,0,0,0,0,0,0,0,0,0
larval_drosophila_melanogaster,cns,unpublished,,49a PN left,"Winding, Pedigo et al. 2023, Miroschnikow et al. 2018, Berck, Khandelwal et al. 2016, Eichler, Li, Litwin-Kumar et al. 2017",0,4,1,0,0,0,0,0,0,0,0,0
larval_drosophila_melanogaster,cns,unpublished,,49a PN right,"Winding, Pedigo et al. 2023, Miroschnikow et al. 2018, Berck, Khandelwal et al. 2016, Eichler, Li, Litwin-Kumar et al. 2017",0,4,1,0,0,0,0,0,0,0,0,0
larval_drosophila_melanogaster,cns,unpublished,,59a PN left,"Winding, Pedigo et al. 2023, Miroschnikow et al. 2018, Berck, Khandelwal et al. 2016, Eichler, Li, Litwin-Kumar et al. 2017",0,4,1,0,0,0,0,0,0,0,0,0
larval_drosophila_melanogaster,cns,unpublished,,59a PN right,"Winding, Pedigo et al. 2023, Miroschnikow et al. 2018, Berck, Khandelwal et al. 2016, Eichler, Li, Litwin-Kumar et al. 2017",0,4,1,0,0,0,0,0,0,0,0,0
larval_drosophila_melanogaster,cns,unpublished,,63a PN left,"Winding, Pedigo et al. 2023, Miroschnikow et al. 2018, Berck, Khandelwal et al. 2016, Eichler, Li, Litwin-Kumar et al. 2017",0,4,1,0,0,0,0,0,0,0,0,0
larval_drosophila_melanogaster,cns,unpublished,,67b PN left,"Winding, Pedigo et al. 2023, Miroschnikow et al. 2018, Berck, Khandelwal et al. 2016, Eichler, Li, Litwin-Kumar et al. 2017",0,4,1,0,0,0,0,0,0,0,0,0
larval_drosophila_melanogaster,cns,unpublished,,67b PN right,"Winding, Pedigo et al. 2023, Miroschnikow et al. 2018, Berck, Khandelwal et al. 2016, Eichler, Li, Litwin-Kumar et al. 2017",0,4,1,0,0,0,0,0,0,0,0,0
larval_drosophila_melanogaster,cns,unpublished,,74a PN left,"Winding, Pedigo et al. 2023, Miroschnikow et al. 2018, Berck, Khandelwal et al. 2016, Eichler, Li, Litwin-Kumar et al. 2017",0,4,1,0,0,0,0,0,0,0,0,0
larval_drosophila_melanogaster,cns,unpublished,,74a PN right,"Winding, Pedigo et al. 2023, Miroschnikow et al. 2018, Berck, Khandelwal et al. 2016, Eichler, Li, Litwin-Kumar et al. 2017",0,4,1,0,0,0,0,0,0,0,0,0
larval_drosophila_melanogaster,cns,unpublished,,83a PN left,"Winding, Pedigo et al. 2023, Miroschnikow et al. 2018, Berck, Khandelwal et al. 2016, Eichler, Li, Litwin-Kumar et al. 2017",0,4,1,0,0,0,0,0,0,0,0,0
larval_drosophila_melanogaster,cns,unpublished,,83a PN right,"Winding, Pedigo et al. 2023, Miroschnikow et al. 2018, Berck, Khandelwal et al. 2016, Eichler, Li, Litwin-Kumar et al. 2017",0,4,1,0,0,0,0,0,0,0,0,0
larval_drosophila_melanogaster,cns,unpublished,,85c PN left,"Winding, Pedigo et al. 2023, Miroschnikow et al. 2018, Berck, Khandelwal et al. 2016, Eichler, Li, Litwin-Kumar et al. 2017",0,4,1,0,0,0,0,0,0,0,0,0
larval_drosophila_melanogaster,cns,unpublished,,85c PN right,"Winding, Pedigo et al. 2023, Miroschnikow et al. 2018, Berck, Khandelwal et al. 2016, Eichler, Li, Litwin-Kumar et al. 2017",0,4,1,0,0,0,0,0,0,0,0,0
larval_drosophila_melanogaster,cns,unpublished,,94a & 94b PN left,"Winding, Pedigo et al. 2023, Miroschnikow et al. 2018, Berck, Khandelwal et al. 2016, Eichler, Li, Litwin-Kumar et al. 2017",0,4,1,0,0,0,0,0,0,0,0,0
larval_drosophila_melanogaster,cns,unpublished,,94a & 94b PN right,"Winding, Pedigo et al. 2023, Miroschnikow et al. 2018, Berck, Khandelwal et al. 2016, Eichler, Li, Litwin-Kumar et al. 2017",0,4,1,0,0,0,0,0,0,0,0,0
larval_drosophila_melanogaster,cns,unpublished,,nc1;left,"Winding, Pedigo et al. 2023, Miroschnikow et al. 2018, Eichler, Li, Litwin-Kumar et al. 2017, Larderet, Fritsch et al. 2017",0,4,1,0,0,0,0,0,0,0,0,0
larval_drosophila_melanogaster,cns,unpublished,,nc1;right,"Winding, Pedigo et al. 2023, Miroschnikow et al. 2018, Eichler, Li, Litwin-Kumar et al. 2017, Larderet, Fritsch et al. 2017",0,4,1,0,0,0,0,0,0,0,0,0
larval_drosophila_melanogaster,cns,unpublished,,AN-L-Sens-B1-ACa-06,"Winding, Pedigo et al. 2023, Miroschnikow et al. 2018, Hueckesfeld et al. 2020",0,2,1,0,0,0,0,0,0,0,0,0
larval_drosophila_melanogaster,cns,unpublished,,AN-L-Sens-B1-ACa-12,"Winding, Pedigo et al. 2023, Miroschnikow et al. 2018, Hueckesfeld et al. 2020",0,2,1,0,0,0,0,0,0,0,0,0
larval_drosophila_melanogaster,cns,unpublished,,AN-L-Sens-B1-ACa-15,"Winding, Pedigo et al. 2023, Miroschnikow et al. 2018, Hueckesfeld et al. 2020",0,2,1,0,0,0,0,0,0,0,0,0
larval_drosophila_melanogaster,cns,unpublished,,AN-L-Sens-B1-AVa-18,"Winding, Pedigo et al. 2023, Miroschnikow et al. 2018, Hueckesfeld et al. 2020",0,2,1,0,0,0,0,0,0,0,0,0
larval_drosophila_melanogaster,cns,unpublished,,AN-L-Sens-B1-AVa-23,"Winding, Pedigo et al. 2023, Miroschnikow et al. 2018, Hueckesfeld et al. 2020",0,2,1,0,0,0,0,0,0,0,0,0
larval_drosophila_melanogaster,cns,unpublished,,AN-L-Sens-B1-AVa-25,"Winding, Pedigo et al. 2023, Miroschnikow et al. 2018, Hueckesfeld et al. 2020",0,2,1,0,0,0,0,0,0,0,0,0
larval_drosophila_melanogaster,cns,unpublished,,AN-L-Sens-B1-AVa-26,"Winding, Pedigo et al. 2023, Miroschnikow et al. 2018, Hueckesfeld et al. 2020",0,2,1,0,0,0,0,0,0,0,0,0
larval_drosophila_melanogaster,cns,unpublished,,AN-L-Sens-B1-AVa-27,"Winding, Pedigo et al. 2023, Miroschnikow et al. 2018, Hueckesfeld et al. 2020",0,2,1,0,0,0,0,0,0,0,0,0
larval_drosophila_melanogaster,cns,unpublished,,AN-L-Sens-B1-AVa-28,"Winding, Pedigo et al. 2023, Miroschnikow et al. 2018, Hueckesfeld et al. 2020",0,2,1,0,0,0,0,0,0,0,0,0
larval_drosophila_melanogaster,cns,unpublished,,AN-L-Sens-B1-AVa-30,"Winding, Pedigo et al. 2023, Miroschnikow et al. 2018, Hueckesfeld et al. 2020",0,2,1,0,0,0,0,0,0,0,0,0
larval_drosophila_melanogaster,cns,unpublished,,AN-L-Sens-B1-AVa-31,"Winding, Pedigo et al. 2023, Miroschnikow et al. 2018, Hueckesfeld et al. 2020",0,2,1,0,0,0,0,0,0,0,0,0
larval_drosophila_melanogaster,cns,unpublished,,AN-L-Sens-B1-AVa-32,"Winding, Pedigo et al. 2023, Miroschnikow et al. 2018, Hueckesfeld et al. 2020",0,2,1,0,0,0,0,0,0,0,0,0
larval_drosophila_melanogaster,cns,unpublished,,AN-L-Sens-B1-AVa-33,"Winding, Pedigo et al. 2023, Miroschnikow et al. 2018, Hueckesfeld et al. 2020",0,2,1,0,0,0,0,0,0,0,0,0
larval_drosophila_melanogaster,cns,unpublished,,AN-L-Sens-B1-AVa-34,"Winding, Pedigo et al. 2023, Miroschnikow et al. 2018, Hueckesfeld et al. 2020",0,2,1,0,0,0,0,0,0,0,0,0
larval_drosophila_melanogaster,cns,unpublished,,AN-L-Sens-B1-AVa-35,"Winding, Pedigo et al. 2023, Miroschnikow et al. 2018, Hueckesfeld et al. 2020",0,2,1,0,0,0,0,0,0,0,0,0
larval_drosophila_melanogaster,cns,unpublished,,AN-L-Sens-B1-AVa-38,"Winding, Pedigo et al. 2023, Miroschnikow et al. 2018, Hueckesfeld et al. 2020",0,2,1,0,0,0,0,0,0,0,0,0
larval_drosophila_melanogaster,cns,unpublished,,AN-L-Sens-B1-AVa-39,"Winding, Pedigo et al. 2023, Miroschnikow et al. 2018, Hueckesfeld et al. 2020",0,2,1,0,0,0,0,0,0,0,0,0
larval_drosophila_melanogaster,cns,unpublished,,AN-L-Sens-B1-AVa-40,"Winding, Pedigo et al. 2023, Miroschnikow et al. 2018, Hueckesfeld et al. 2020",0,2,1,0,0,0,0,0,0,0,0,0
larval_drosophila_melanogaster,cns,unpublished,,AN-L-Sens-B2-ACp-02,"Winding, Pedigo et al. 2023, Miroschnikow et al. 2018, Hueckesfeld et al. 2020",0,2,1,0,0,0,0,0,0,0,0,0
larval_drosophila_melanogaster,cns,unpublished,,AN-L-Sens-B2-ACp-03,"Winding, Pedigo et al. 2023, Miroschnikow et al. 2018, Hueckesfeld et al. 2020",0,2,1,0,0,0,0,0,0,0,0,0
larval_drosophila_melanogaster,cns,unpublished,,AN-L-Sens-B2-ACp-04,"Winding, Pedigo et al. 2023, Miroschnikow et al. 2018, Hueckesfeld et al. 2020",0,2,1,0,0,0,0,0,0,0,0,0
larval_drosophila_melanogaster,cns,unpublished,,AN-L-Sens-B2-ACp-05,"Winding, Pedigo et al. 2023, Miroschnikow et al. 2018, Hueckesfeld et al. 2020",0,2,1,0,0,0,0,0,0,0,0,0
larval_drosophila_melanogaster,cns,unpublished,,AN-L-Sens-B2-ACp-06,"Winding, Pedigo et al. 2023, Miroschnikow et al. 2018, Hueckesfeld et al. 2020",0,2,1,0,0,0,0,0,0,0,0,0
larval_drosophila_melanogaster,cns,unpublished,,AN-L-Sens-B2-ACp-07,"Winding, Pedigo et al. 2023, Miroschnikow et al. 2018, Hueckesfeld et al. 2020",0,2,1,0,0,0,0,0,0,0,0,0
larval_drosophila_melanogaster,cns,unpublished,,AN-L-Sens-B2-ACp-08,"Winding, Pedigo et al. 2023, Miroschnikow et al. 2018, Hueckesfeld et al. 2020",0,2,1,0,0,0,0,0,0,0,0,0
larval_drosophila_melanogaster,cns,unpublished,,AN-L-Sens-B2-ACp-09,"Winding, Pedigo et al. 2023, Miroschnikow et al. 2018, Hueckesfeld et al. 2020",0,2,1,0,0,0,0,0,0,0,0,0
larval_drosophila_melanogaster,cns,unpublished,,AN-L-Sens-B2-ACp-10,"Winding, Pedigo et al. 2023, Miroschnikow et al. 2018, Hueckesfeld et al. 2020",0,2,1,0,0,0,0,0,0,0,0,0
larval_drosophila_melanogaster,cns,unpublished,,AN-L-Sens-B2-ACp-11,"Winding, Pedigo et al. 2023, Miroschnikow et al. 2018, Hueckesfeld et al. 2020",0,2,1,0,0,0,0,0,0,0,0,0
larval_drosophila_melanogaster,cns,unpublished,,AN-L-Sens-B2-ACp-12,"Winding, Pedigo et al. 2023, Miroschnikow et al. 2018, Hueckesfeld et al. 2020",0,2,1,0,0,0,0,0,0,0,0,0
larval_drosophila_melanogaster,cns,unpublished,,AN-L-Sens-B2-ACp-13,"Winding, Pedigo et al. 2023, Miroschnikow et al. 2018, Hueckesfeld et al. 2020",0,2,1,0,0,0,0,0,0,0,0,0
larval_drosophila_melanogaster,cns,unpublished,,AN-L-Sens-B2-ACp-14,"Winding, Pedigo et al. 2023, Miroschnikow et al. 2018, Hueckesfeld et al. 2020",0,2,1,0,0,0,0,0,0,0,0,0
larval_drosophila_melanogaster,cns,unpublished,,AN-L-Sens-B2-ACp-15,"Winding, Pedigo et al. 2023, Miroschnikow et al. 2018, Hueckesfeld et al. 2020",0,2,1,0,0,0,0,0,0,0,0,0
larval_drosophila_melanogaster,cns,unpublished,,AN-L-Sens-B2-ACp-16,"Winding, Pedigo et al. 2023, Miroschnikow et al. 2018, Hueckesfeld et al. 2020",0,2,1,0,0,0,0,0,0,0,0,0
larval_drosophila_melanogaster,cns,unpublished,,AN-L-Sens-B2-ACp-17,"Winding, Pedigo et al. 2023, Miroschnikow et al. 2018, Hueckesfeld et al. 2020",0,2,1,0,0,0,0,0,0,0,0,0
larval_drosophila_melanogaster,cns,unpublished,,AN-L-Sens-B2-ACp-18,"Winding, Pedigo et al. 2023, Miroschnikow et al. 2018, Hueckesfeld et al. 2020",0,2,1,0,0,0,0,0,0,0,0,0
larval_drosophila_melanogaster,cns,unpublished,,AN-L-Sens-B2-ACp-22,"Winding, Pedigo et al. 2023, Miroschnikow et al. 2018, Hueckesfeld et al. 2020",0,2,1,0,0,0,0,0,0,0,0,0
larval_drosophila_melanogaster,cns,unpublished,,AN-L-Sens-B2-ACp-23,"Winding, Pedigo et al. 2023, Miroschnikow et al. 2018, Hueckesfeld et al. 2020",0,2,1,0,0,0,0,0,0,0,0,0
larval_drosophila_melanogaster,cns,unpublished,,AN-L-Sens-B2-AVa-24 (PPS mechano),"Winding, Pedigo et al. 2023, Miroschnikow et al. 2018, Hueckesfeld et al. 2020",0,2,1,0,0,0,0,0,0,0,0,0
larval_drosophila_melanogaster,cns,unpublished,,AN-L-Sens-B2-AVp-01,"Winding, Pedigo et al. 2023, Miroschnikow et al. 2018, Hueckesfeld et al. 2020",0,2,1,0,0,0,0,0,0,0,0,0
larval_drosophila_melanogaster,cns,unpublished,,AN-L-Sens-B2-AVp-02,"Winding, Pedigo et al. 2023, Miroschnikow et al. 2018, Hueckesfeld et al. 2020",0,2,1,0,0,0,0,0,0,0,0,0
larval_drosophila_melanogaster,cns,unpublished,,AN-L-Sens-B2-AVp-03,"Winding, Pedigo et al. 2023, Miroschnikow et al. 2018, Hueckesfeld et al. 2020",0,2,1,0,0,0,0,0,0,0,0,0
larval_drosophila_melanogaster,cns,unpublished,,AN-L-Sens-B2-VM-04,"Winding, Pedigo et al. 2023, Miroschnikow et al. 2018, Hueckesfeld et al. 2020",0,2,1,0,0,0,0,0,0,0,0,0
larval_drosophila_melanogaster,cns,unpublished,,AN-L-Sens-B2-VM-05,"Winding, Pedigo et al. 2023, Miroschnikow et al. 2018, Hueckesfeld et al. 2020",0,2,1,0,0,0,0,0,0,0,0,0
larval_drosophila_melanogaster,cns,unpublished,,AN-L-Sens-B2-VM-06,"Winding, Pedigo et al. 2023, Miroschnikow et al. 2018, Hueckesfeld et al. 2020",0,2,1,0,0,0,0,0,0,0,0,0
larval_drosophila_melanogaster,cns,unpublished,,AN-L-Sens-B2-VM-08,"Winding, Pedigo et al. 2023, Miroschnikow et al. 2018, Hueckesfeld et al. 2020",0,2,1,0,0,0,0,0,0,0,0,0
larval_drosophila_melanogaster,cns,unpublished,,AN-L-Sens-B3-ACal-01 (temp sensing left neuron alone),"Winding, Pedigo et al. 2023, Miroschnikow et al. 2018, Hueckesfeld et al. 2020",0,2,1,0,0,0,0,0,0,0,0,0
larval_drosophila_melanogaster,cns,unpublished,,AN-L-Sens-B3-ACal-02 (temp sensing left neuron together 2),"Winding, Pedigo et al. 2023, Miroschnikow et al. 2018, Hueckesfeld et al. 2020",0,2,1,0,0,0,0,0,0,0,0,0
larval_drosophila_melanogaster,cns,unpublished,,AN-L-Sens-B3-ACal-03 (temp sensing left neuron together 1),"Winding, Pedigo et al. 2023, Miroschnikow et al. 2018, Hueckesfeld et al. 2020",0,2,1,0,0,0,0,0,0,0,0,0
larval_drosophila_melanogaster,cns,unpublished,,AN-L-Sens-B3-ACal-04 (Non-ORN 2),"Winding, Pedigo et al. 2023, Miroschnikow et al. 2018, Hueckesfeld et al. 2020",0,2,1,0,0,0,0,0,0,0,0,0
larval_drosophila_melanogaster,cns,unpublished,,AN-L-Sens-B3-ACal-05 (Non-ORN 1),"Winding, Pedigo et al. 2023, Miroschnikow et al. 2018, Hueckesfeld et al. 2020",0,2,1,0,0,0,0,0,0,0,0,0
larval_drosophila_melanogaster,cns,unpublished,,AN-L-Sens-B3-ACal-06 (degraded alone temperature partner neuron),"Winding, Pedigo et al. 2023, Miroschnikow et al. 2018, Hueckesfeld et al. 2020",0,2,1,0,0,0,0,0,0,0,0,0
larval_drosophila_melanogaster,cns,unpublished,,AN-L-Sens-B3-ACal-07 (upstream of Multig. Olfactory PN 3) ,"Winding, Pedigo et al. 2023, Miroschnikow et al. 2018, Hueckesfeld et al. 2020",0,2,1,0,0,0,0,0,0,0,0,0
larval_drosophila_melanogaster,cns,unpublished,,AN-L-Sens-B3-ACp-08,"Winding, Pedigo et al. 2023, Miroschnikow et al. 2018, Hueckesfeld et al. 2020",0,2,1,0,0,0,0,0,0,0,0,0
larval_drosophila_melanogaster,cns,unpublished,,AN-L-Sens-B3-ACp-09 (gustatory pheromone neuron),"Winding, Pedigo et al. 2023, Miroschnikow et al. 2018, Hueckesfeld et al. 2020",0,2,1,0,0,0,0,0,0,0,0,0
larval_drosophila_melanogaster,cns,unpublished,,AN-L-Sens-B3-ACpl-10,"Winding, Pedigo et al. 2023, Miroschnikow et al. 2018, Hueckesfeld et al. 2020",0,2,1,0,0,0,0,0,0,0,0,0
larval_drosophila_melanogaster,cns,unpublished,,AN-L-Sens-B3-VM-11,"Winding, Pedigo et al. 2023, Miroschnikow et al. 2018, Hueckesfeld et al. 2020",0,2,1,0,0,0,0,0,0,0,0,0
larval_drosophila_melanogaster,cns,unpublished,,AN-L-Sens-B3-VM-12,"Winding, Pedigo et al. 2023, Miroschnikow et al. 2018, Hueckesfeld et al. 2020",0,2,1,0,0,0,0,0,0,0,0,0
larval_drosophila_melanogaster,cns,unpublished,,AN-L-Sens-B3-VM-13,"Winding, Pedigo et al. 2023, Miroschnikow et al. 2018, Hueckesfeld et al. 2020",0,2,1,0,0,0,0,0,0,0,0,0
larval_drosophila_melanogaster,cns,unpublished,,AN-L-Sens-B3-VM-14,"Winding, Pedigo et al. 2023, Miroschnikow et al. 2018, Hueckesfeld et al. 2020",0,2,1,0,0,0,0,0,0,0,0,0
larval_drosophila_melanogaster,cns,unpublished,,AN-L-Sens-B3-VM-15,"Winding, Pedigo et al. 2023, Miroschnikow et al. 2018, Hueckesfeld et al. 2020",0,2,1,0,0,0,0,0,0,0,0,0
larval_drosophila_melanogaster,cns,unpublished,,AN-R-Sens-B1-ACa-03,"Winding, Pedigo et al. 2023, Miroschnikow et al. 2018, Hueckesfeld et al. 2020",0,2,1,0,0,0,0,0,0,0,0,0
larval_drosophila_melanogaster,cns,unpublished,,AN-R-Sens-B1-ACa-04,"Winding, Pedigo et al. 2023, Miroschnikow et al. 2018, Hueckesfeld et al. 2020",0,2,1,0,0,0,0,0,0,0,0,0
larval_drosophila_melanogaster,cns,unpublished,,AN-R-Sens-B1-ACa-05,"Winding, Pedigo et al. 2023, Miroschnikow et al. 2018, Hueckesfeld et al. 2020",0,2,1,0,0,0,0,0,0,0,0,0
larval_drosophila_melanogaster,cns,unpublished,,AN-R-Sens-B1-ACa-06,"Winding, Pedigo et al. 2023, Miroschnikow et al. 2018, Hueckesfeld et al. 2020",0,2,1,0,0,0,0,0,0,0,0,0
larval_drosophila_melanogaster,cns,unpublished,,AN-R-Sens-B1-ACa-10,"Winding, Pedigo et al. 2023, Miroschnikow et al. 2018, Hueckesfeld et al. 2020",0,2,1,0,0,0,0,0,0,0,0,0
larval_drosophila_melanogaster,cns,unpublished,,AN-R-Sens-B1-ACa-11,"Winding, Pedigo et al. 2023, Miroschnikow et al. 2018, Hueckesfeld et al. 2020",0,2,1,0,0,0,0,0,0,0,0,0
larval_drosophila_melanogaster,cns,unpublished,,AN-R-Sens-B1-ACa-12,"Winding, Pedigo et al. 2023, Miroschnikow et al. 2018, Hueckesfeld et al. 2020",0,2,1,0,0,0,0,0,0,0,0,0
larval_drosophila_melanogaster,cns,unpublished,,AN-R-Sens-B1-ACa-13,"Winding, Pedigo et al. 2023, Miroschnikow et al. 2018, Hueckesfeld et al. 2020",0,2,1,0,0,0,0,0,0,0,0,0
larval_drosophila_melanogaster,cns,unpublished,,AN-R-Sens-B1-ACa-17,"Winding, Pedigo et al. 2023, Miroschnikow et al. 2018, Hueckesfeld et al. 2020",0,2,1,0,0,0,0,0,0,0,0,0
larval_drosophila_melanogaster,cns,unpublished,,AN-R-Sens-B1-AVa-27,"Winding, Pedigo et al. 2023, Miroschnikow et al. 2018, Hueckesfeld et al. 2020",0,2,1,0,0,0,0,0,0,0,0,0
larval_drosophila_melanogaster,cns,unpublished,,AN-R-Sens-B1-AVa-29,"Winding, Pedigo et al. 2023, Miroschnikow et al. 2018, Hueckesfeld et al. 2020",0,2,1,0,0,0,0,0,0,0,0,0
larval_drosophila_melanogaster,cns,unpublished,,AN-R-Sens-B1-AVa-30,"Winding, Pedigo et al. 2023, Miroschnikow et al. 2018, Hueckesfeld et al. 2020",0,2,1,0,0,0,0,0,0,0,0,0
larval_drosophila_melanogaster,cns,unpublished,,AN-R-Sens-B1-AVa-31,"Winding, Pedigo et al. 2023, Miroschnikow et al. 2018, Hueckesfeld et al. 2020",0,2,1,0,0,0,0,0,0,0,0,0
larval_drosophila_melanogaster,cns,unpublished,,AN-R-Sens-B1-AVa-33,"Winding, Pedigo et al. 2023, Miroschnikow et al. 2018, Hueckesfeld et al. 2020",0,2,1,0,0,0,0,0,0,0,0,0
larval_drosophila_melanogaster,cns,unpublished,,AN-R-Sens-B1-AVa-34,"Winding, Pedigo et al. 2023, Miroschnikow et al. 2018, Hueckesfeld et al. 2020",0,2,1,0,0,0,0,0,0,0,0,0
larval_drosophila_melanogaster,cns,unpublished,,AN-R-Sens-B1-AVa-35,"Winding, Pedigo et al. 2023, Miroschnikow et al. 2018, Hueckesfeld et al. 2020",0,2,1,0,0,0,0,0,0,0,0,0
larval_drosophila_melanogaster,cns,unpublished,,AN-R-Sens-B1-AVa-36,"Winding, Pedigo et al. 2023, Miroschnikow et al. 2018, Hueckesfeld et al. 2020",0,2,1,0,0,0,0,0,0,0,0,0
larval_drosophila_melanogaster,cns,unpublished,,AN-R-Sens-B1-AVa-37,"Winding, Pedigo et al. 2023, Miroschnikow et al. 2018, Hueckesfeld et al. 2020",0,2,1,0,0,0,0,0,0,0,0,0
larval_drosophila_melanogaster,cns,unpublished,,AN-R-Sens-B1-AVa-38,"Winding, Pedigo et al. 2023, Miroschnikow et al. 2018, Hueckesfeld et al. 2020",0,2,1,0,0,0,0,0,0,0,0,0
larval_drosophila_melanogaster,cns,unpublished,,AN-R-Sens-B1-AVa-39,"Winding, Pedigo et al. 2023, Miroschnikow et al. 2018, Hueckesfeld et al. 2020",0,2,1,0,0,0,0,0,0,0,0,0
larval_drosophila_melanogaster,cns,unpublished,,AN-R-Sens-B1-AVa-40,"Winding, Pedigo et al. 2023, Miroschnikow et al. 2018, Hueckesfeld et al. 2020",0,2,1,0,0,0,0,0,0,0,0,0
larval_drosophila_melanogaster,cns,unpublished,,AN-R-Sens-B1-AVa-41,"Winding, Pedigo et al. 2023, Miroschnikow et al. 2018, Hueckesfeld et al. 2020",0,2,1,0,0,0,0,0,0,0,0,0
larval_drosophila_melanogaster,cns,unpublished,,AN-R-Sens-B1-AVa-42,"Winding, Pedigo et al. 2023, Miroschnikow et al. 2018, Hueckesfeld et al. 2020",0,2,1,0,0,0,0,0,0,0,0,0
larval_drosophila_melanogaster,cns,unpublished,,AN-R-Sens-B1-AVa-43,"Winding, Pedigo et al. 2023, Miroschnikow et al. 2018, Hueckesfeld et al. 2020",0,2,1,0,0,0,0,0,0,0,0,0
larval_drosophila_melanogaster,cns,unpublished,,AN-R-Sens-B1-AVa-44,"Winding, Pedigo et al. 2023, Miroschnikow et al. 2018, Hueckesfeld et al. 2020",0,2,1,0,0,0,0,0,0,0,0,0
larval_drosophila_melanogaster,cns,unpublished,,AN-R-Sens-B2-ACp-01,"Winding, Pedigo et al. 2023, Miroschnikow et al. 2018, Hueckesfeld et al. 2020",0,2,1,0,0,0,0,0,0,0,0,0
larval_drosophila_melanogaster,cns,unpublished,,AN-R-Sens-B2-ACp-03,"Winding, Pedigo et al. 2023, Miroschnikow et al. 2018, Hueckesfeld et al. 2020",0,2,1,0,0,0,0,0,0,0,0,0
larval_drosophila_melanogaster,cns,unpublished,,AN-R-Sens-B2-ACp-04,"Winding, Pedigo et al. 2023, Miroschnikow et al. 2018, Hueckesfeld et al. 2020",0,2,1,0,0,0,0,0,0,0,0,0
larval_drosophila_melanogaster,cns,unpublished,,AN-R-Sens-B2-ACp-05,"Winding, Pedigo et al. 2023, Miroschnikow et al. 2018, Hueckesfeld et al. 2020",0,2,1,0,0,0,0,0,0,0,0,0
larval_drosophila_melanogaster,cns,unpublished,,AN-R-Sens-B2-ACp-06,"Winding, Pedigo et al. 2023, Miroschnikow et al. 2018, Hueckesfeld et al. 2020",0,2,1,0,0,0,0,0,0,0,0,0
larval_drosophila_melanogaster,cns,unpublished,,AN-R-Sens-B2-ACp-07,"Winding, Pedigo et al. 2023, Miroschnikow et al. 2018, Hueckesfeld et al. 2020",0,2,1,0,0,0,0,0,0,0,0,0
larval_drosophila_melanogaster,cns,unpublished,,AN-R-Sens-B2-ACp-08,"Winding, Pedigo et al. 2023, Miroschnikow et al. 2018, Hueckesfeld et al. 2020",0,2,1,0,0,0,0,0,0,0,0,0
larval_drosophila_melanogaster,cns,unpublished,,AN-R-Sens-B2-ACp-09,"Winding, Pedigo et al. 2023, Miroschnikow et al. 2018, Hueckesfeld et al. 2020",0,2,1,0,0,0,0,0,0,0,0,0
larval_drosophila_melanogaster,cns,unpublished,,AN-R-Sens-B2-ACp-10,"Winding, Pedigo et al. 2023, Miroschnikow et al. 2018, Hueckesfeld et al. 2020",0,2,1,0,0,0,0,0,0,0,0,0
larval_drosophila_melanogaster,cns,unpublished,,AN-R-Sens-B2-ACp-11,"Winding, Pedigo et al. 2023, Miroschnikow et al. 2018, Hueckesfeld et al. 2020",0,2,1,0,0,0,0,0,0,0,0,0
larval_drosophila_melanogaster,cns,unpublished,,AN-R-Sens-B2-ACp-12,"Winding, Pedigo et al. 2023, Miroschnikow et al. 2018, Hueckesfeld et al. 2020",0,2,1,0,0,0,0,0,0,0,0,0
larval_drosophila_melanogaster,cns,unpublished,,AN-R-Sens-B2-ACp-13,"Winding, Pedigo et al. 2023, Miroschnikow et al. 2018, Hueckesfeld et al. 2020",0,2,1,0,0,0,0,0,0,0,0,0
larval_drosophila_melanogaster,cns,unpublished,,AN-R-Sens-B2-ACp-14,"Winding, Pedigo et al. 2023, Miroschnikow et al. 2018, Hueckesfeld et al. 2020",0,2,1,0,0,0,0,0,0,0,0,0
larval_drosophila_melanogaster,cns,unpublished,,AN-R-Sens-B2-ACp-15,"Winding, Pedigo et al. 2023, Miroschnikow et al. 2018, Hueckesfeld et al. 2020",0,2,1,0,0,0,0,0,0,0,0,0
larval_drosophila_melanogaster,cns,unpublished,,AN-R-Sens-B2-ACp-16,"Winding, Pedigo et al. 2023, Miroschnikow et al. 2018, Hueckesfeld et al. 2020",0,2,1,0,0,0,0,0,0,0,0,0
larval_drosophila_melanogaster,cns,unpublished,,AN-R-Sens-B2-ACp-20,"Winding, Pedigo et al. 2023, Miroschnikow et al. 2018, Hueckesfeld et al. 2020",0,2,1,0,0,0,0,0,0,0,0,0
larval_drosophila_melanogaster,cns,unpublished,,AN-R-Sens-B2-ACp-21,"Winding, Pedigo et al. 2023, Miroschnikow et al. 2018, Hueckesfeld et al. 2020",0,2,1,0,0,0,0,0,0,0,0,0
larval_drosophila_melanogaster,cns,unpublished,,AN-R-Sens-B2-ACp-22,"Winding, Pedigo et al. 2023, Miroschnikow et al. 2018, Hueckesfeld et al. 2020",0,2,1,0,0,0,0,0,0,0,0,0
larval_drosophila_melanogaster,cns,unpublished,,AN-R-Sens-B2-ACp-23,"Winding, Pedigo et al. 2023, Miroschnikow et al. 2018, Hueckesfeld et al. 2020",0,2,1,0,0,0,0,0,0,0,0,0
larval_drosophila_melanogaster,cns,unpublished,,AN-R-Sens-B2-AVp-01,"Winding, Pedigo et al. 2023, Miroschnikow et al. 2018, Hueckesfeld et al. 2020",0,2,1,0,0,0,0,0,0,0,0,0
larval_drosophila_melanogaster,cns,unpublished,,AN-R-Sens-B2-AVp-02,"Winding, Pedigo et al. 2023, Miroschnikow et al. 2018, Hueckesfeld et al. 2020",0,2,1,0,0,0,0,0,0,0,0,0
larval_drosophila_melanogaster,cns,unpublished,,AN-R-Sens-B2-AVp-03,"Winding, Pedigo et al. 2023, Miroschnikow et al. 2018, Hueckesfeld et al. 2020",0,2,1,0,0,0,0,0,0,0,0,0
larval_drosophila_melanogaster,cns,unpublished,,AN-R-Sens-B2-AVp-06,"Winding, Pedigo et al. 2023, Miroschnikow et al. 2018, Hueckesfeld et al. 2020",0,2,1,0,0,0,0,0,0,0,0,0
larval_drosophila_melanogaster,cns,unpublished,,AN-R-Sens-B2-VM-04,"Winding, Pedigo et al. 2023, Miroschnikow et al. 2018, Hueckesfeld et al. 2020",0,2,1,0,0,0,0,0,0,0,0,0
larval_drosophila_melanogaster,cns,unpublished,,AN-R-Sens-B2-VM-05,"Winding, Pedigo et al. 2023, Miroschnikow et al. 2018, Hueckesfeld et al. 2020",0,2,1,0,0,0,0,0,0,0,0,0
larval_drosophila_melanogaster,cns,unpublished,,AN-R-Sens-B2-VM-07,"Winding, Pedigo et al. 2023, Miroschnikow et al. 2018, Hueckesfeld et al. 2020",0,2,1,0,0,0,0,0,0,0,0,0
larval_drosophila_melanogaster,cns,unpublished,,AN-R-Sens-B2-VM-08,"Winding, Pedigo et al. 2023, Miroschnikow et al. 2018, Hueckesfeld et al. 2020",0,2,1,0,0,0,0,0,0,0,0,0
larval_drosophila_melanogaster,cns,unpublished,,AN-R-Sens-B3-ACal-01 (temp sensing right neuron alone),"Winding, Pedigo et al. 2023, Miroschnikow et al. 2018, Hueckesfeld et al. 2020",0,2,1,0,0,0,0,0,0,0,0,0
larval_drosophila_melanogaster,cns,unpublished,,AN-R-Sens-B3-ACal-02 (temp sensing right neuron together 2),"Winding, Pedigo et al. 2023, Miroschnikow et al. 2018, Hueckesfeld et al. 2020",0,2,1,0,0,0,0,0,0,0,0,0
larval_drosophila_melanogaster,cns,unpublished,,AN-R-Sens-B3-ACal-03 (temp sensing right neuron together 1),"Winding, Pedigo et al. 2023, Miroschnikow et al. 2018, Hueckesfeld et al. 2020",0,2,1,0,0,0,0,0,0,0,0,0
larval_drosophila_melanogaster,cns,unpublished,,AN-R-Sens-B3-ACal-04 (Non-ORN 2),"Winding, Pedigo et al. 2023, Miroschnikow et al. 2018, Hueckesfeld et al. 2020",0,2,1,0,0,0,0,0,0,0,0,0
larval_drosophila_melanogaster,cns,unpublished,,AN-R-Sens-B3-ACal-05 (Non-ORN 1),"Winding, Pedigo et al. 2023, Miroschnikow et al. 2018, Hueckesfeld et al. 2020",0,2,1,0,0,0,0,0,0,0,0,0
larval_drosophila_melanogaster,cns,unpublished,,AN-R-Sens-B3-ACal-07 (upstream of Multig. Olfactory PN 3) right,"Winding, Pedigo et al. 2023, Miroschnikow et al. 2018, Hueckesfeld et al. 2020",0,2,1,0,0,0,0,0,0,0,0,0
larval_drosophila_melanogaster,cns,unpublished,,AN-R-Sens-B3-ACp-09 (gustatory pheromone neuron),"Winding, Pedigo et al. 2023, Miroschnikow et al. 2018, Hueckesfeld et al. 2020",0,2,1,0,0,0,0,0,0,0,0,0
larval_drosophila_melanogaster,cns,unpublished,,AN-R-Sens-B3-ACpl-10,"Winding, Pedigo et al. 2023, Miroschnikow et al. 2018, Hueckesfeld et al. 2020",0,2,1,0,0,0,0,0,0,0,0,0
larval_drosophila_melanogaster,cns,unpublished,,AN-R-Sens-B3-VM-11,"Winding, Pedigo et al. 2023, Miroschnikow et al. 2018, Hueckesfeld et al. 2020",0,2,1,0,0,0,0,0,0,0,0,0
larval_drosophila_melanogaster,cns,unpublished,,AN-R-Sens-B3-VM-12,"Winding, Pedigo et al. 2023, Miroschnikow et al. 2018, Hueckesfeld et al. 2020",0,2,1,0,0,0,0,0,0,0,0,0
larval_drosophila_melanogaster,cns,unpublished,,AN-L-Sens-B1-ACa-01,"Winding, Pedigo et al. 2023, Miroschnikow et al. 2018, Hueckesfeld et al. 2020, Schlegel et al. 2016",0,2,1,0,0,0,0,0,0,0,0,0
larval_drosophila_melanogaster,cns,unpublished,,AN-L-Sens-B1-ACa-03,"Winding, Pedigo et al. 2023, Miroschnikow et al. 2018, Hueckesfeld et al. 2020, Schlegel et al. 2016",0,2,1,0,0,0,0,0,0,0,0,0
larval_drosophila_melanogaster,cns,unpublished,,AN-L-Sens-B1-ACa-04,"Winding, Pedigo et al. 2023, Miroschnikow et al. 2018, Hueckesfeld et al. 2020, Schlegel et al. 2016",0,2,1,0,0,0,0,0,0,0,0,0
larval_drosophila_melanogaster,cns,unpublished,,AN-L-Sens-B1-ACa-05,"Winding, Pedigo et al. 2023, Miroschnikow et al. 2018, Hueckesfeld et al. 2020, Schlegel et al. 2016",0,2,1,0,0,0,0,0,0,0,0,0
larval_drosophila_melanogaster,cns,unpublished,,AN-L-Sens-B1-ACa-07,"Winding, Pedigo et al. 2023, Miroschnikow et al. 2018, Hueckesfeld et al. 2020, Schlegel et al. 2016",0,2,1,0,0,0,0,0,0,0,0,0
larval_drosophila_melanogaster,cns,unpublished,,AN-L-Sens-B1-ACa-08,"Winding, Pedigo et al. 2023, Miroschnikow et al. 2018, Hueckesfeld et al. 2020, Schlegel et al. 2016",0,2,1,0,0,0,0,0,0,0,0,0
larval_drosophila_melanogaster,cns,unpublished,,AN-L-Sens-B1-ACa-09,"Winding, Pedigo et al. 2023, Miroschnikow et al. 2018, Hueckesfeld et al. 2020, Schlegel et al. 2016",0,2,1,0,0,0,0,0,0,0,0,0
larval_drosophila_melanogaster,cns,unpublished,,AN-L-Sens-B1-ACa-10,"Winding, Pedigo et al. 2023, Miroschnikow et al. 2018, Hueckesfeld et al. 2020, Schlegel et al. 2016",0,2,1,0,0,0,0,0,0,0,0,0
larval_drosophila_melanogaster,cns,unpublished,,AN-L-Sens-B1-ACa-11,"Winding, Pedigo et al. 2023, Miroschnikow et al. 2018, Hueckesfeld et al. 2020, Schlegel et al. 2016",0,2,1,0,0,0,0,0,0,0,0,0
larval_drosophila_melanogaster,cns,unpublished,,AN-L-Sens-B1-ACa-13,"Winding, Pedigo et al. 2023, Miroschnikow et al. 2018, Hueckesfeld et al. 2020, Schlegel et al. 2016",0,2,1,0,0,0,0,0,0,0,0,0
larval_drosophila_melanogaster,cns,unpublished,,AN-L-Sens-B1-ACa-14,"Winding, Pedigo et al. 2023, Miroschnikow et al. 2018, Hueckesfeld et al. 2020, Schlegel et al. 2016",0,2,1,0,0,0,0,0,0,0,0,0
larval_drosophila_melanogaster,cns,unpublished,,AN-L-Sens-B1-AVa-16,"Winding, Pedigo et al. 2023, Miroschnikow et al. 2018, Hueckesfeld et al. 2020, Schlegel et al. 2016",0,2,1,0,0,0,0,0,0,0,0,0
larval_drosophila_melanogaster,cns,unpublished,,AN-L-Sens-B1-AVa-17,"Winding, Pedigo et al. 2023, Miroschnikow et al. 2018, Hueckesfeld et al. 2020, Schlegel et al. 2016",0,2,1,0,0,0,0,0,0,0,0,0
larval_drosophila_melanogaster,cns,unpublished,,AN-L-Sens-B1-AVa-19,"Winding, Pedigo et al. 2023, Miroschnikow et al. 2018, Hueckesfeld et al. 2020, Schlegel et al. 2016",0,2,1,0,0,0,0,0,0,0,0,0
larval_drosophila_melanogaster,cns,unpublished,,AN-L-Sens-B1-AVa-20,"Winding, Pedigo et al. 2023, Miroschnikow et al. 2018, Hueckesfeld et al. 2020, Schlegel et al. 2016",0,2,1,0,0,0,0,0,0,0,0,0
larval_drosophila_melanogaster,cns,unpublished,,AN-L-Sens-B1-AVa-21,"Winding, Pedigo et al. 2023, Miroschnikow et al. 2018, Hueckesfeld et al. 2020, Schlegel et al. 2016",0,2,1,0,0,0,0,0,0,0,0,0
larval_drosophila_melanogaster,cns,unpublished,,AN-L-Sens-B1-AVa-22,"Winding, Pedigo et al. 2023, Miroschnikow et al. 2018, Hueckesfeld et al. 2020, Schlegel et al. 2016",0,2,1,0,0,0,0,0,0,0,0,0
larval_drosophila_melanogaster,cns,unpublished,,AN-L-Sens-B1-AVa-24,"Winding, Pedigo et al. 2023, Miroschnikow et al. 2018, Hueckesfeld et al. 2020, Schlegel et al. 2016",0,2,1,0,0,0,0,0,0,0,0,0
larval_drosophila_melanogaster,cns,unpublished,,AN-L-Sens-B2-ACp-01,"Winding, Pedigo et al. 2023, Miroschnikow et al. 2018, Hueckesfeld et al. 2020, Schlegel et al. 2016",0,2,1,0,0,0,0,0,0,0,0,0
larval_drosophila_melanogaster,cns,unpublished,,AN-L-Sens-B2-ACp-19,"Winding, Pedigo et al. 2023, Miroschnikow et al. 2018, Hueckesfeld et al. 2020, Schlegel et al. 2016",0,2,1,0,0,0,0,0,0,0,0,0
larval_drosophila_melanogaster,cns,unpublished,,AN-L-Sens-B2-ACp-20,"Winding, Pedigo et al. 2023, Miroschnikow et al. 2018, Hueckesfeld et al. 2020, Schlegel et al. 2016",0,2,1,0,0,0,0,0,0,0,0,0
larval_drosophila_melanogaster,cns,unpublished,,AN-L-Sens-B2-AVa-25 (PPS mechano),"Winding, Pedigo et al. 2023, Miroschnikow et al. 2018, Hueckesfeld et al. 2020, Schlegel et al. 2016",0,2,1,0,0,0,0,0,0,0,0,0
larval_drosophila_melanogaster,cns,unpublished,,AN-R-Sens-B1-ACa-01,"Winding, Pedigo et al. 2023, Miroschnikow et al. 2018, Hueckesfeld et al. 2020, Schlegel et al. 2016",0,2,1,0,0,0,0,0,0,0,0,0
larval_drosophila_melanogaster,cns,unpublished,,AN-R-Sens-B1-ACa-02,"Winding, Pedigo et al. 2023, Miroschnikow et al. 2018, Hueckesfeld et al. 2020, Schlegel et al. 2016",0,2,1,0,0,0,0,0,0,0,0,0
larval_drosophila_melanogaster,cns,unpublished,,AN-R-Sens-B1-ACa-07,"Winding, Pedigo et al. 2023, Miroschnikow et al. 2018, Hueckesfeld et al. 2020, Schlegel et al. 2016",0,2,1,0,0,0,0,0,0,0,0,0
larval_drosophila_melanogaster,cns,unpublished,,AN-R-Sens-B1-ACa-08,"Winding, Pedigo et al. 2023, Miroschnikow et al. 2018, Hueckesfeld et al. 2020, Schlegel et al. 2016",0,2,1,0,0,0,0,0,0,0,0,0
larval_drosophila_melanogaster,cns,unpublished,,AN-R-Sens-B1-ACa-09,"Winding, Pedigo et al. 2023, Miroschnikow et al. 2018, Hueckesfeld et al. 2020, Schlegel et al. 2016",0,2,1,0,0,0,0,0,0,0,0,0
larval_drosophila_melanogaster,cns,unpublished,,AN-R-Sens-B1-ACa-14,"Winding, Pedigo et al. 2023, Miroschnikow et al. 2018, Hueckesfeld et al. 2020, Schlegel et al. 2016",0,2,1,0,0,0,0,0,0,0,0,0
larval_drosophila_melanogaster,cns,unpublished,,AN-R-Sens-B1-AVa-15,"Winding, Pedigo et al. 2023, Miroschnikow et al. 2018, Hueckesfeld et al. 2020, Schlegel et al. 2016",0,2,1,0,0,0,0,0,0,0,0,0
larval_drosophila_melanogaster,cns,unpublished,,AN-R-Sens-B1-AVa-16,"Winding, Pedigo et al. 2023, Miroschnikow et al. 2018, Hueckesfeld et al. 2020, Schlegel et al. 2016",0,2,1,0,0,0,0,0,0,0,0,0
larval_drosophila_melanogaster,cns,unpublished,,AN-R-Sens-B1-AVa-18,"Winding, Pedigo et al. 2023, Miroschnikow et al. 2018, Hueckesfeld et al. 2020, Schlegel et al. 2016",0,2,1,0,0,0,0,0,0,0,0,0
larval_drosophila_melanogaster,cns,unpublished,,AN-R-Sens-B1-AVa-19,"Winding, Pedigo et al. 2023, Miroschnikow et al. 2018, Hueckesfeld et al. 2020, Schlegel et al. 2016",0,2,1,0,0,0,0,0,0,0,0,0
larval_drosophila_melanogaster,cns,unpublished,,AN-R-Sens-B1-AVa-20,"Winding, Pedigo et al. 2023, Miroschnikow et al. 2018, Hueckesfeld et al. 2020, Schlegel et al. 2016",0,2,1,0,0,0,0,0,0,0,0,0
larval_drosophila_melanogaster,cns,unpublished,,AN-R-Sens-B1-AVa-21,"Winding, Pedigo et al. 2023, Miroschnikow et al. 2018, Hueckesfeld et al. 2020, Schlegel et al. 2016",0,2,1,0,0,0,0,0,0,0,0,0
larval_drosophila_melanogaster,cns,unpublished,,AN-R-Sens-B1-AVa-22,"Winding, Pedigo et al. 2023, Miroschnikow et al. 2018, Hueckesfeld et al. 2020, Schlegel et al. 2016",0,2,1,0,0,0,0,0,0,0,0,0
larval_drosophila_melanogaster,cns,unpublished,,AN-R-Sens-B1-AVa-23,"Winding, Pedigo et al. 2023, Miroschnikow et al. 2018, Hueckesfeld et al. 2020, Schlegel et al. 2016",0,2,1,0,0,0,0,0,0,0,0,0
larval_drosophila_melanogaster,cns,unpublished,,AN-R-Sens-B1-AVa-24,"Winding, Pedigo et al. 2023, Miroschnikow et al. 2018, Hueckesfeld et al. 2020, Schlegel et al. 2016",0,2,1,0,0,0,0,0,0,0,0,0
larval_drosophila_melanogaster,cns,unpublished,,AN-R-Sens-B1-AVa-25,"Winding, Pedigo et al. 2023, Miroschnikow et al. 2018, Hueckesfeld et al. 2020, Schlegel et al. 2016",0,2,1,0,0,0,0,0,0,0,0,0
larval_drosophila_melanogaster,cns,unpublished,,AN-R-Sens-B1-AVa-26,"Winding, Pedigo et al. 2023, Miroschnikow et al. 2018, Hueckesfeld et al. 2020, Schlegel et al. 2016",0,2,1,0,0,0,0,0,0,0,0,0
larval_drosophila_melanogaster,cns,unpublished,,AN-R-Sens-B2-ACp-02,"Winding, Pedigo et al. 2023, Miroschnikow et al. 2018, Hueckesfeld et al. 2020, Schlegel et al. 2016",0,2,1,0,0,0,0,0,0,0,0,0
larval_drosophila_melanogaster,cns,unpublished,,AN-R-Sens-B2-ACp-18,"Winding, Pedigo et al. 2023, Miroschnikow et al. 2018, Hueckesfeld et al. 2020, Schlegel et al. 2016",0,2,1,0,0,0,0,0,0,0,0,0
larval_drosophila_melanogaster,cns,unpublished,,AN-R-Sens-B2-ACp-19,"Winding, Pedigo et al. 2023, Miroschnikow et al. 2018, Hueckesfeld et al. 2020, Schlegel et al. 2016",0,2,1,0,0,0,0,0,0,0,0,0
larval_drosophila_melanogaster,cns,unpublished,,AN-R-Sens-B2-AVa-24 (PPS mechano),"Winding, Pedigo et al. 2023, Miroschnikow et al. 2018, Hueckesfeld et al. 2020, Schlegel et al. 2016",0,2,1,0,0,0,0,0,0,0,0,0
adult_drosophila_melanogaster,central_brain,CREa1_dorsal,,CB.FB2K0,"Wolff et a., 2024",EASI-FISH,4,-1,1,-1,0,-1,1,-1,1,0,0
adult_drosophila_melanogaster,central_brain,CREa1_dorsal,,CB.FB2K1,"Wolff et a., 2024",EASI-FISH,4,-1,1,-1,0,-1,1,-1,1,0,0
adult_drosophila_melanogaster,central_brain,DM1_CX_d2,,EL,"Wolff et a., 2024",EASI-FISH,4,-1,-1,-1,0,-1,-1,1,0,0,0
adult_drosophila_melanogaster,central_brain,putative_primary,,ExR3,"Wolff et a., 2024",EASI-FISH,4,-1,-1,-1,0,-1,1,-1,-1,0,0
adult_drosophila_melanogaster,central_brain,CREa1_dorsal,,FB2B,"Wolff et a., 2024",EASI-FISH,4,-1,1,-1,0,-1,1,-1,1,0,0
adult_drosophila_melanogaster,central_brain,PBp1,,P1-9,"Wolff et a., 2024",EASI-FISH,4,0,1,0,0,0,0,0,0,0,0
adult_drosophila_melanogaster,central_brain,DL1_dorsal,,CB.FB1E1,"Wolff et al., 2024",EASI-FISH,4,1,1,-1,0,-1,-1,-1,-1,0,0
adult_drosophila_melanogaster,central_brain,DM6__prim,,CB.FB1H0,"Wolff et al., 2024",EASI-FISH,4,-1,-1,-1,0,1,-1,-1,-1,0,0
adult_drosophila_melanogaster,central_brain,LALv1_dorsal,,CB.FB1I0,"Wolff et al., 2024",EASI-FISH,4,-1,1,-1,0,-1,-1,-1,-1,0,0
adult_drosophila_melanogaster,central_brain,DL1_dorsal,,CB.FB2E1,"Wolff et al., 2024",EASI-FISH,4,-1,1,-1,0,0,0,0,0,0,0
adult_drosophila_melanogaster,central_brain,DL1_dorsal,,CB.FB2E10,"Wolff et al., 2024",EASI-FISH,4,-1,1,-1,0,-1,-1,-1,-1,0,0
adult_drosophila_melanogaster,central_brain,DL1_dorsal,,CB.FB2E2,"Wolff et al., 2024",EASI-FISH,4,-1,1,-1,0,0,0,0,0,0,0
adult_drosophila_melanogaster,central_brain,DL1_dorsal,,CB.FB2E3,"Wolff et al., 2024",EASI-FISH,4,-1,1,-1,0,0,0,0,0,0,0
adult_drosophila_melanogaster,central_brain,DL1_dorsal,,CB.FB2E4,"Wolff et al., 2024",EASI-FISH,4,-1,1,-1,0,-1,-1,-1,-1,0,0
adult_drosophila_melanogaster,central_brain,DL1_dorsal,,CB.FB2E5,"Wolff et al., 2024",EASI-FISH,4,-1,1,-1,0,0,0,0,0,0,0
adult_drosophila_melanogaster,central_brain,DL1_dorsal,,CB.FB2E8,"Wolff et al., 2024",EASI-FISH,4,-1,1,-1,0,-1,-1,-1,-1,0,0
adult_drosophila_melanogaster,central_brain,DL1_dorsal,,CB.FB2E9,"Wolff et al., 2024",EASI-FISH,4,-1,1,-1,0,-1,-1,-1,-1,0,0
adult_drosophila_melanogaster,central_brain,DM4_dorsal,,CB.FB2G0,"Wolff et al., 2024",EASI-FISH,4,1,-1,-1,0,-1,-1,-1,-1,0,0
adult_drosophila_melanogaster,central_brain,DM6__prim,,CB.FB2H0,"Wolff et al., 2024",EASI-FISH,4,-1,-1,-1,0,1,-1,-1,-1,0,0
adult_drosophila_melanogaster,central_brain,LALv1_dorsal,,CB.FB2I1,"Wolff et al., 2024",EASI-FISH,4,-1,1,-1,0,0,0,0,0,0,0
adult_drosophila_melanogaster,central_brain,LALv1_dorsal,,CB.FB2I2,"Wolff et al., 2024",EASI-FISH,4,-1,1,-1,0,0,0,0,0,0,0
adult_drosophila_melanogaster,central_brain,putative_primary,,"CB.FB3,4A0","Wolff et al., 2024",EASI-FISH,4,-1,1,-1,0,0,0,0,0,0,0
adult_drosophila_melanogaster,central_brain,putative_primary,,"CB.FB3,4A1","Wolff et al., 2024",EASI-FISH,4,-1,1,-1,0,0,0,0,0,0,0
adult_drosophila_melanogaster,central_brain,DM6__prim,,"CB.FB3,4A10","Wolff et al., 2024",EASI-FISH,4,-1,-1,-1,0,1,1,-1,-1,0,0
adult_drosophila_melanogaster,central_brain,DM6_dorso_medial,,"CB.FB3,4A2","Wolff et al., 2024",EASI-FISH,4,-1,1,-1,0,0,0,0,0,0,0
adult_drosophila_melanogaster,central_brain,DM6__prim,,"CB.FB3,4A21","Wolff et al., 2024",EASI-FISH,4,0,0,0,0,1,-1,-1,1,0,0
adult_drosophila_melanogaster,central_brain,0,,"CB.FB3,4A3","Wolff et al., 2024",EASI-FISH,4,1,1,-1,0,0,0,0,0,0,0
adult_drosophila_melanogaster,central_brain,DM6__prim,,"CB.FB3,4A9","Wolff et al., 2024",EASI-FISH,4,-1,-1,-1,0,-1,1,-1,-1,0,0
adult_drosophila_melanogaster,central_brain,0,,"CB.FB3,4D0","Wolff et al., 2024",EASI-FISH,4,1,1,-1,0,0,0,0,0,0,0
adult_drosophila_melanogaster,central_brain,AOTUv4_ventral,,"CB.FB3,4D0","Wolff et al., 2024",EASI-FISH,4,-1,0,0,0,0,0,0,0,0,0
adult_drosophila_melanogaster,central_brain,AOTUv4_ventral,,"CB.FB3,4D1","Wolff et al., 2024",EASI-FISH,4,-1,1,-1,0,0,0,0,0,0,0
adult_drosophila_melanogaster,central_brain,AOTUv4_ventral,,"CB.FB3,4D2","Wolff et al., 2024",EASI-FISH,4,-1,1,-1,0,0,0,0,0,0,0
adult_drosophila_melanogaster,central_brain,AOTUv4_ventral,,"CB.FB3,4D3","Wolff et al., 2024",EASI-FISH,4,-1,1,-1,0,0,0,0,0,0,0
adult_drosophila_melanogaster,central_brain,AOTUv4_ventral,,"CB.FB3,4D4","Wolff et al., 2024",EASI-FISH,4,-1,1,-1,0,0,0,0,0,0,0
adult_drosophila_melanogaster,central_brain,LALv1_dorsal,,"CB.FB3,4I0","Wolff et al., 2024",EASI-FISH,4,-1,1,-1,0,-1,-1,-1,-1,0,0
adult_drosophila_melanogaster,central_brain,LALv1_dorsal,,"CB.FB3,4I1","Wolff et al., 2024",EASI-FISH,4,-1,1,-1,0,0,0,0,0,0,0
adult_drosophila_melanogaster,central_brain,LALv1_dorsal,,"CB.FB3,4I2","Wolff et al., 2024",EASI-FISH,4,-1,1,-1,0,0,0,0,0,0,0
adult_drosophila_melanogaster,central_brain,LALv1_dorsal,,"CB.FB3,4I3","Wolff et al., 2024",EASI-FISH,4,-1,1,-1,0,0,0,0,0,0,0
adult_drosophila_melanogaster,central_brain,LALv1_dorsal,,"CB.FB3,4I5","Wolff et al., 2024",EASI-FISH,4,-1,1,-1,0,0,0,0,0,0,0
adult_drosophila_melanogaster,central_brain,LALv1_dorsal,,"CB.FB3,4I6","Wolff et al., 2024",EASI-FISH,4,-1,1,-1,0,0,0,0,0,0,0
adult_drosophila_melanogaster,central_brain,LALv1_dorsal,,"CB.FB3,4I7","Wolff et al., 2024",EASI-FISH,4,-1,1,-1,0,0,0,0,0,0,0
adult_drosophila_melanogaster,central_brain,LALv1_dorsal,,"CB.FB3,4I8","Wolff et al., 2024",EASI-FISH,4,-1,1,-1,0,0,0,0,0,0,0
adult_drosophila_melanogaster,central_brain,LALv1_dorsal,,"CB.FB3,4I9","Wolff et al., 2024",EASI-FISH,4,-1,1,-1,0,-1,-1,-1,-1,0,0
adult_drosophila_melanogaster,central_brain,EBa1,,"CB.FB3,4L1","Wolff et al., 2024",EASI-FISH,4,-1,-1,1,0,0,0,0,0,0,0
adult_drosophila_melanogaster,central_brain,DM6_dorso_medial,,CB.FB5B0,"Wolff et al., 2024",EASI-FISH,4,-1,1,-1,0,0,0,0,0,0,0
adult_drosophila_melanogaster,central_brain,DM6_dorso_medial,,CB.FB5B1,"Wolff et al., 2024",EASI-FISH,4,-1,1,-1,0,0,0,0,0,0,0
adult_drosophila_melanogaster,central_brain,SIPp1,,CB.FB5C0,"Wolff et al., 2024",EASI-FISH,4,-1,1,-1,0,0,0,0,0,0,0
adult_drosophila_melanogaster,central_brain,AOTUv4_ventral,,CB.FB5D2,"Wolff et al., 2024",EASI-FISH,4,-1,1,-1,0,0,0,0,0,0,0
adult_drosophila_melanogaster,central_brain,AOTUv4_ventral,,CB.FB5D3,"Wolff et al., 2024",EASI-FISH,4,-1,1,-1,0,0,0,0,0,0,0
adult_drosophila_melanogaster,central_brain,AOTUv4_ventral,,CB.FB5D4,"Wolff et al., 2024",EASI-FISH,4,-1,1,-1,0,0,0,0,0,0,0
adult_drosophila_melanogaster,central_brain,AOTUv4_ventral,,CB.FB5D5,"Wolff et al., 2024",EASI-FISH,4,-1,1,-1,0,0,0,0,0,0,0
adult_drosophila_melanogaster,central_brain,AOTUv4_ventral,,CB.FB5D6,"Wolff et al., 2024",EASI-FISH,4,-1,1,-1,0,0,0,0,0,0,0
adult_drosophila_melanogaster,central_brain,DM4_dorsal,,CB.FB5G0,"Wolff et al., 2024",EASI-FISH,4,1,-1,-1,0,0,0,0,0,0,0
adult_drosophila_melanogaster,central_brain,LALv1_dorsal,,CB.FB5I2,"Wolff et al., 2024",EASI-FISH,4,-1,1,-1,0,0,0,0,0,0,0
adult_drosophila_melanogaster,central_brain,LALv1_dorsal,,CB.FB5I3,"Wolff et al., 2024",EASI-FISH,4,-1,1,-1,0,0,0,0,0,0,0
adult_drosophila_melanogaster,central_brain,DM6_dorso_medial,,CB.FB6B1,"Wolff et al., 2024",EASI-FISH,4,-1,1,-1,0,0,0,0,0,0,0
adult_drosophila_melanogaster,central_brain,SIPp1,,CB.FB6C0,"Wolff et al., 2024",EASI-FISH,4,-1,1,-1,0,0,0,0,0,0,0
adult_drosophila_melanogaster,central_brain,SIPp1,,CB.FB6C1,"Wolff et al., 2024",EASI-FISH,4,-1,1,-1,0,0,0,0,0,0,0
adult_drosophila_melanogaster,central_brain,SIPp1,,CB.FB6C2,"Wolff et al., 2024",EASI-FISH,4,-1,1,-1,0,0,0,0,0,0,0
adult_drosophila_melanogaster,central_brain,SIPp1,,CB.FB6C3,"Wolff et al., 2024",EASI-FISH,4,-1,1,-1,0,0,0,0,0,0,0
adult_drosophila_melanogaster,central_brain,SIPp1,,CB.FB6C4,"Wolff et al., 2024",EASI-FISH,4,-1,1,-1,0,0,0,0,0,0,0
adult_drosophila_melanogaster,central_brain,DL1_dorsal,,CB.FB6E4,"Wolff et al., 2024",EASI-FISH,4,1,1,-1,0,-1,-1,-1,-1,0,0
adult_drosophila_melanogaster,central_brain,DL1_dorsal,,CB.FB6E5,"Wolff et al., 2024",EASI-FISH,4,-1,1,-1,0,0,0,0,0,0,0
adult_drosophila_melanogaster,central_brain,putative_primary,,CB.FB6F0,"Wolff et al., 2024",EASI-FISH,4,-1,1,-1,0,0,0,0,0,0,0
adult_drosophila_melanogaster,central_brain,LALv1_dorsal,,CB.FB6I0,"Wolff et al., 2024",EASI-FISH,4,-1,1,-1,0,0,0,0,0,0,0
adult_drosophila_melanogaster,central_brain,LALv1_dorsal,,CB.FB6I1,"Wolff et al., 2024",EASI-FISH,4,-1,1,-1,0,0,0,0,0,0,0
adult_drosophila_melanogaster,central_brain,DM6_dorso_medial,,CB.FB7B0,"Wolff et al., 2024",EASI-FISH,4,-1,1,-1,0,0,0,0,0,0,0
adult_drosophila_melanogaster,central_brain,SIPp1,,CB.FB7C0,"Wolff et al., 2024",EASI-FISH,4,-1,1,-1,0,0,0,0,0,0,0
adult_drosophila_melanogaster,central_brain,AOTUv4_ventral,,CB.FB7D0,"Wolff et al., 2024",EASI-FISH,4,-1,1,-1,0,0,0,0,0,0,0
adult_drosophila_melanogaster,central_brain,DL1_dorsal,,CB.FB7E0,"Wolff et al., 2024",EASI-FISH,4,-1,1,-1,0,0,0,0,0,0,0
adult_drosophila_melanogaster,central_brain,DL1_dorsal,,CB.FB7E1,"Wolff et al., 2024",EASI-FISH,4,-1,1,-1,0,0,0,0,0,0,0
adult_drosophila_melanogaster,central_brain,DL1_dorsal,,CB.FB7E2,"Wolff et al., 2024",EASI-FISH,4,-1,1,-1,0,1,1,-1,-1,0,0
adult_drosophila_melanogaster,central_brain,DM6_dorso_medial,,CB.FB8B0,"Wolff et al., 2024",EASI-FISH,4,-1,1,-1,0,-1,-1,-1,1,0,0
adult_drosophila_melanogaster,central_brain,DM6_dorso_medial,,CB.FB8B1,"Wolff et al., 2024",EASI-FISH,4,-1,1,-1,0,0,0,0,0,0,0
adult_drosophila_melanogaster,central_brain,SIPp1,,CB.FB8C0,"Wolff et al., 2024",EASI-FISH,4,-1,1,-1,0,0,0,0,0,0,0
adult_drosophila_melanogaster,central_brain,SIPp1,,CB.FB8C1,"Wolff et al., 2024",EASI-FISH,4,-1,1,-1,0,0,0,0,0,0,0
adult_drosophila_melanogaster,central_brain,SIPp1,,CB.FB8C2,"Wolff et al., 2024",EASI-FISH,4,-1,1,-1,0,0,0,0,0,0,0
adult_drosophila_melanogaster,central_brain,SIPp1,,CB.FB8C3,"Wolff et al., 2024",EASI-FISH,4,-1,1,-1,0,0,0,0,0,0,0
adult_drosophila_melanogaster,central_brain,AOTUv4_ventral,,CB.FB8D1,"Wolff et al., 2024",EASI-FISH,4,-1,1,-1,0,0,0,0,0,0,0
adult_drosophila_melanogaster,central_brain,DL1_dorsal,,CB.FB8E0,"Wolff et al., 2024",EASI-FISH,4,-1,1,-1,0,0,0,0,0,0,0
adult_drosophila_melanogaster,central_brain,DL1_dorsal,,CB.FB8E1,"Wolff et al., 2024",EASI-FISH,4,-1,1,-1,0,0,0,0,0,0,0
adult_drosophila_melanogaster,central_brain,AOTUv4_ventral,,CB.FB9D0,"Wolff et al., 2024",EASI-FISH,4,-1,1,-1,0,-1,-1,-1,-1,0,0
adult_drosophila_melanogaster,central_brain,LALv1_dorsal,,CB.FBTI0,"Wolff et al., 2024",EASI-FISH,4,-1,1,-1,0,0,0,0,0,0,0
adult_drosophila_melanogaster,central_brain,PBp1,,Delta7,"Wolff et al., 2024",EASI-FISH,4,-1,1,-1,0,-1,1,-1,-1,0,0
adult_drosophila_melanogaster,central_brain,DM1_CX_d2,,EPG,"Wolff et al., 2024",EASI-FISH,4,1,-1,-1,0,0,0,0,0,0,0
adult_drosophila_melanogaster,central_brain,DM4_CX_d2,,EPGt,"Wolff et al., 2024",EASI-FISH,4,1,-1,-1,0,0,0,0,0,0,0
adult_drosophila_melanogaster,central_brain,EBa1,,ER3d,"Wolff et al., 2024",EASI-FISH,4,-1,-1,1,0,0,0,0,0,0,0
adult_drosophila_melanogaster,central_brain,EBa1,,ER4m,"Wolff et al., 2024",EASI-FISH,4,-1,-1,1,0,1,-1,-1,-1,0,0
adult_drosophila_melanogaster,central_brain,EBa1,,ER5,"Wolff et al., 2024",EASI-FISH,4,-1,-1,1,0,-1,-1,-1,-1,0,0
adult_drosophila_melanogaster,central_brain,EBa1,,ER6,"Wolff et al., 2024",EASI-FISH,4,-1,-1,1,0,0,0,0,0,0,0
adult_drosophila_melanogaster,central_brain,DM4__prim,,ExR1,"Wolff et al., 2024",EASI-FISH,4,1,-1,-1,0,-1,-1,-1,-1,0,0
adult_drosophila_melanogaster,central_brain,putative_primary,,ExR5,"Wolff et al., 2024",EASI-FISH,4,-1,1,-1,0,0,0,0,0,0,0
adult_drosophila_melanogaster,central_brain,LALv1_dorsal,,ExR6,"Wolff et al., 2024",EASI-FISH,4,-1,1,-1,0,0,0,0,0,0,0
adult_drosophila_melanogaster,central_brain,DM4__prim,,ExR7,"Wolff et al., 2024",EASI-FISH,4,1,-1,-1,0,0,0,0,0,0,0
adult_drosophila_melanogaster,central_brain,LALv1_dorsal,,FB1A,"Wolff et al., 2024",EASI-FISH,4,-1,1,-1,0,-1,-1,-1,-1,0,0
adult_drosophila_melanogaster,central_brain,DM6__prim,,FB1C,"Wolff et al., 2024",EASI-FISH,4,-1,-1,-1,0,1,-1,-1,-1,0,0
adult_drosophila_melanogaster,central_brain,DL1_dorsal,,FB1D,"Wolff et al., 2024",EASI-FISH,4,1,1,-1,0,-1,-1,-1,-1,0,0
adult_drosophila_melanogaster,central_brain,LALv1_dorsal,,FB1F,"Wolff et al., 2024",EASI-FISH,4,-1,1,-1,0,-1,-1,-1,-1,0,0
adult_drosophila_melanogaster,central_brain,DM4_dorsal,,FB1G,"Wolff et al., 2024",EASI-FISH,4,1,-1,-1,0,-1,-1,-1,-1,0,0
adult_drosophila_melanogaster,central_brain,LALv1_dorsal,,"FB1I,FB1J","Wolff et al., 2024",EASI-FISH,4,-1,1,-1,0,0,0,0,0,0,0
adult_drosophila_melanogaster,central_brain,DM6__prim,,FB2A,"Wolff et al., 2024",EASI-FISH,4,-1,-1,-1,0,1,-1,-1,-1,0,0
adult_drosophila_melanogaster,central_brain,LALv1_dorsal,,"FB2C,FB2K","Wolff et al., 2024",EASI-FISH,4,-1,1,-1,0,0,0,0,0,0,0
adult_drosophila_melanogaster,central_brain,DL1_dorsal,,FB2E,"Wolff et al., 2024",EASI-FISH,4,-1,1,-1,0,-1,-1,-1,-1,0,0
adult_drosophila_melanogaster,central_brain,DL1_dorsal,,FB2F,"Wolff et al., 2024",EASI-FISH,4,-1,1,-1,0,0,0,0,0,0,0
adult_drosophila_melanogaster,central_brain,DL1_dorsal,,FB2H,"Wolff et al., 2024",EASI-FISH,4,-1,1,-1,0,-1,-1,-1,-1,0,0
adult_drosophila_melanogaster,central_brain,DL1_dorsal,,FB2I_a,"Wolff et al., 2024",EASI-FISH,4,-1,1,-1,0,-1,-1,-1,-1,0,0
adult_drosophila_melanogaster,central_brain,DL1_dorsal,,FB2I_b,"Wolff et al., 2024",EASI-FISH,4,-1,1,-1,0,-1,-1,-1,-1,0,0
adult_drosophila_melanogaster,central_brain,DL1_dorsal,,FB2J,"Wolff et al., 2024",EASI-FISH,4,-1,1,-1,0,0,0,0,0,0,0
adult_drosophila_melanogaster,central_brain,LALv1_dorsal,,FB2K,"Wolff et al., 2024",EASI-FISH,4,-1,1,-1,0,0,0,0,0,0,0
adult_drosophila_melanogaster,central_brain,DL1_dorsal,,"FB2M,FB2F","Wolff et al., 2024",EASI-FISH,4,-1,1,-1,0,0,0,0,0,0,0
adult_drosophila_melanogaster,central_brain,LALv1_dorsal,,FB3A,"Wolff et al., 2024",EASI-FISH,4,-1,1,-1,0,-1,-1,-1,-1,0,0
adult_drosophila_melanogaster,central_brain,EBa1,,FB3C,"Wolff et al., 2024",EASI-FISH,4,-1,-1,1,0,0,0,0,0,0,0
adult_drosophila_melanogaster,central_brain,LALv1_dorsal,,FB3D,"Wolff et al., 2024",EASI-FISH,4,-1,1,-1,0,-1,-1,-1,-1,0,0
adult_drosophila_melanogaster,central_brain,LALv1_dorsal,,FB4A,"Wolff et al., 2024",EASI-FISH,4,-1,1,-1,0,0,0,0,0,0,0
adult_drosophila_melanogaster,central_brain,LALv1_dorsal,,FB4B,"Wolff et al., 2024",EASI-FISH,4,-1,1,-1,0,0,0,0,0,0,0
adult_drosophila_melanogaster,central_brain,LALv1_dorsal,,FB4C,"Wolff et al., 2024",EASI-FISH,4,-1,1,-1,0,0,0,0,0,0,0
adult_drosophila_melanogaster,central_brain,LALv1_dorsal,,FB4D,"Wolff et al., 2024",EASI-FISH,4,-1,1,-1,0,0,0,0,0,0,0
adult_drosophila_melanogaster,central_brain,LALv1_dorsal,,FB4E,"Wolff et al., 2024",EASI-FISH,4,-1,1,-1,0,0,0,0,0,0,0
adult_drosophila_melanogaster,central_brain,LALv1_dorsal,,FB4J,"Wolff et al., 2024",EASI-FISH,4,-1,1,-1,0,0,0,0,0,0,0
adult_drosophila_melanogaster,central_brain,0,,FB4K,"Wolff et al., 2024",EASI-FISH,4,1,1,-1,0,0,0,0,0,0,0
adult_drosophila_melanogaster,central_brain,DM6__prim,,FB4L,"Wolff et al., 2024",EASI-FISH,4,0,0,0,0,1,-1,-1,1,0,0
adult_drosophila_melanogaster,central_brain,DM6__prim,,FB4M,"Wolff et al., 2024",EASI-FISH,4,-1,-1,-1,0,1,1,-1,-1,0,0
adult_drosophila_melanogaster,central_brain,putative_primary,,FB4N,"Wolff et al., 2024",EASI-FISH,4,-1,1,-1,0,0,0,0,0,0,0
adult_drosophila_melanogaster,central_brain,AOTUv4_ventral,,FB4O,"Wolff et al., 2024",EASI-FISH,4,-1,1,-1,0,0,0,0,0,0,0
adult_drosophila_melanogaster,central_brain,AOTUv4_ventral,,FB4P_a,"Wolff et al., 2024",EASI-FISH,4,-1,1,-1,0,0,0,0,0,0,0
adult_drosophila_melanogaster,central_brain,AOTUv4_ventral,,"FB4P,FB4Q,FB4R","Wolff et al., 2024",EASI-FISH,4,-1,1,-1,0,0,0,0,0,0,0
adult_drosophila_melanogaster,central_brain,AOTUv4_ventral,,FB4Q_b,"Wolff et al., 2024",EASI-FISH,4,-1,1,-1,0,0,0,0,0,0,0
adult_drosophila_melanogaster,central_brain,putative_primary,,FB4X,"Wolff et al., 2024",EASI-FISH,4,-1,1,-1,0,0,0,0,0,0,0
adult_drosophila_melanogaster,central_brain,DM6__prim,,FB4Y,"Wolff et al., 2024",EASI-FISH,4,-1,-1,-1,0,-1,1,-1,-1,0,0
adult_drosophila_melanogaster,central_brain,DM6_dorso_medial,,FB4Z,"Wolff et al., 2024",EASI-FISH,4,-1,1,-1,0,0,0,0,0,0,0
adult_drosophila_melanogaster,central_brain,DM6_dorso_medial,,"FB4Z,FB5U,FB5R","Wolff et al., 2024",EASI-FISH,4,-1,1,-1,0,0,0,0,0,0,0
adult_drosophila_melanogaster,central_brain,DM4_dorsal,,FB5AB,"Wolff et al., 2024",EASI-FISH,4,1,-1,-1,0,0,0,0,0,0,0
adult_drosophila_melanogaster,central_brain,SIPp1,,FB5B,"Wolff et al., 2024",EASI-FISH,4,-1,1,-1,0,0,0,0,0,0,0
adult_drosophila_melanogaster,central_brain,AOTUv4_ventral,,"FB5C,FB5F,FB5G,FB5P,FB5Q","Wolff et al., 2024",EASI-FISH,4,-1,1,-1,0,0,0,0,0,0,0
adult_drosophila_melanogaster,central_brain,LALv1_dorsal,,"FB5J,FB5K,FB5L,FB5M,FB5N,FB5W","Wolff et al., 2024",EASI-FISH,4,-1,1,-1,0,0,0,0,0,0,0
adult_drosophila_melanogaster,central_brain,LALv1_dorsal,,FB5K,"Wolff et al., 2024",EASI-FISH,4,-1,1,-1,0,0,0,0,0,0,0
adult_drosophila_melanogaster,central_brain,LALv1_dorsal,,"FB5K,FB5L","Wolff et al., 2024",EASI-FISH,4,-1,1,-1,0,0,0,0,0,0,0
adult_drosophila_melanogaster,central_brain,DM6_dorso_medial,,"FB5S,FB6L","Wolff et al., 2024",EASI-FISH,4,-1,1,-1,0,0,0,0,0,0,0
adult_drosophila_melanogaster,central_brain,LALv1_dorsal,,FB5W,"Wolff et al., 2024",EASI-FISH,4,-1,1,-1,0,0,0,0,0,0,0
adult_drosophila_melanogaster,central_brain,AOTUv4_ventral,,FB5X,"Wolff et al., 2024",EASI-FISH,4,-1,1,-1,0,0,0,0,0,0,0
adult_drosophila_melanogaster,central_brain,DL1_dorsal,,FB6A,"Wolff et al., 2024",EASI-FISH,4,1,1,-1,0,-1,-1,-1,-1,0,0
adult_drosophila_melanogaster,central_brain,DL1_dorsal,,FB6B,"Wolff et al., 2024",EASI-FISH,4,-1,1,-1,0,0,0,0,0,0,0
adult_drosophila_melanogaster,central_brain,DL1_dorsal,,FB6D,"Wolff et al., 2024",EASI-FISH,4,1,1,-1,0,-1,-1,-1,-1,0,0
adult_drosophila_melanogaster,central_brain,DL1_dorsal,,FB6E,"Wolff et al., 2024",EASI-FISH,4,1,1,-1,0,0,0,0,0,0,0
adult_drosophila_melanogaster,central_brain,putative_primary,,FB6M,"Wolff et al., 2024",EASI-FISH,4,-1,1,-1,0,0,0,0,0,0,0
adult_drosophila_melanogaster,central_brain,LALv1_dorsal,,FB6N,"Wolff et al., 2024",EASI-FISH,4,-1,1,-1,0,0,0,0,0,0,0
adult_drosophila_melanogaster,central_brain,LALv1_dorsal,,FB6O,"Wolff et al., 2024",EASI-FISH,4,-1,1,-1,0,0,0,0,0,0,0
adult_drosophila_melanogaster,central_brain,LALv1_dorsal,,FB6P,"Wolff et al., 2024",EASI-FISH,4,-1,1,-1,0,0,0,0,0,0,0
adult_drosophila_melanogaster,central_brain,SIPp1,,FB6Q,"Wolff et al., 2024",EASI-FISH,4,-1,1,-1,0,0,0,0,0,0,0
adult_drosophila_melanogaster,central_brain,SIPp1,,FB6R,"Wolff et al., 2024",EASI-FISH,4,-1,1,-1,0,0,0,0,0,0,0
adult_drosophila_melanogaster,central_brain,SIPp1,,FB6S,"Wolff et al., 2024",EASI-FISH,4,-1,1,-1,0,0,0,0,0,0,0
adult_drosophila_melanogaster,central_brain,SIPp1,,FB6T,"Wolff et al., 2024",EASI-FISH,4,-1,1,-1,0,0,0,0,0,0,0
adult_drosophila_melanogaster,central_brain,SIPp1,,FB6Y,"Wolff et al., 2024",EASI-FISH,4,-1,1,-1,0,0,0,0,0,0,0
adult_drosophila_melanogaster,central_brain,DL1_dorsal,,"FB7A,FB7K","Wolff et al., 2024",EASI-FISH,4,-1,1,-1,0,0,0,0,0,0,0
adult_drosophila_melanogaster,central_brain,DL1_dorsal,,"FB7A,FB7K,FB6G","Wolff et al., 2024",EASI-FISH,4,-1,1,-1,0,0,0,0,0,0,0
adult_drosophila_melanogaster,central_brain,DL1_dorsal,,FB7B,"Wolff et al., 2024",EASI-FISH,4,-1,1,-1,0,1,1,-1,-1,0,0
adult_drosophila_melanogaster,central_brain,SIPp1,,"FB7F,FB8F","Wolff et al., 2024",EASI-FISH,4,-1,1,-1,0,0,0,0,0,0,0
adult_drosophila_melanogaster,central_brain,AOTUv4_ventral,,FB7G,"Wolff et al., 2024",EASI-FISH,4,-1,1,-1,0,0,0,0,0,0,0
adult_drosophila_melanogaster,central_brain,AOTUv4_ventral,,"FB7G,FB7I","Wolff et al., 2024",EASI-FISH,4,-1,1,-1,0,0,0,0,0,0,0
adult_drosophila_melanogaster,central_brain,LALv1_dorsal,,FB7H,"Wolff et al., 2024",EASI-FISH,4,-1,1,-1,0,0,0,0,0,0,0
adult_drosophila_melanogaster,central_brain,DM6_dorso_medial,,FB7J,"Wolff et al., 2024",EASI-FISH,4,-1,1,-1,0,0,0,0,0,0,0
adult_drosophila_melanogaster,central_brain,DL1_dorsal,,FB7L,"Wolff et al., 2024",EASI-FISH,4,-1,1,-1,0,0,0,0,0,0,0
adult_drosophila_melanogaster,central_brain,DL1_dorsal,,"FB8A,FB8H","Wolff et al., 2024",EASI-FISH,4,-1,1,-1,0,0,0,0,0,0,0
adult_drosophila_melanogaster,central_brain,DM6_dorso_medial,,FB8B,"Wolff et al., 2024",EASI-FISH,4,-1,1,-1,0,-1,-1,-1,1,0,0
adult_drosophila_melanogaster,central_brain,DM6_dorso_medial,,FB8C,"Wolff et al., 2024",EASI-FISH,4,-1,1,-1,0,0,0,0,0,0,0
adult_drosophila_melanogaster,central_brain,SIPp1,,FB8D,"Wolff et al., 2024",EASI-FISH,4,-1,1,-1,0,0,0,0,0,0,0
adult_drosophila_melanogaster,central_brain,AOTUv4_ventral,,FB8G,"Wolff et al., 2024",EASI-FISH,4,-1,1,-1,0,0,0,0,0,0,0
adult_drosophila_melanogaster,central_brain,AOTUv4_ventral,,FB9B,"Wolff et al., 2024",EASI-FISH,4,-1,1,-1,0,-1,-1,-1,-1,0,0
adult_drosophila_melanogaster,central_brain,DM1_CX_d2,,"FC1A,FC1B,FC1F","Wolff et al., 2024",EASI-FISH,4,1,-1,-1,0,-1,-1,-1,-1,0,0
adult_drosophila_melanogaster,central_brain,DM1_CX_d2,,FC1C,"Wolff et al., 2024",EASI-FISH,4,1,-1,-1,0,-1,-1,-1,-1,0,0
adult_drosophila_melanogaster,central_brain,DM1_CX_d2,,"FC1D,FC1E","Wolff et al., 2024",EASI-FISH,4,1,-1,-1,0,-1,-1,-1,-1,0,0
adult_drosophila_melanogaster,central_brain,DM1_CX_d2,,FC3,"Wolff et al., 2024",EASI-FISH,4,1,-1,-1,0,-1,1,-1,-1,0,0
adult_drosophila_melanogaster,central_brain,DM1_CX_d2,,FR1,"Wolff et al., 2024",EASI-FISH,4,1,-1,-1,0,-1,-1,-1,-1,0,0
adult_drosophila_melanogaster,central_brain,DM1_CX_d2,,hDeltaA,"Wolff et al., 2024",EASI-FISH,4,1,-1,-1,0,0,0,0,0,0,0
adult_drosophila_melanogaster,central_brain,DM1_CX_p,,hDeltaB,"Wolff et al., 2024",EASI-FISH,4,1,-1,-1,0,-1,-1,-1,-1,0,0
adult_drosophila_melanogaster,central_brain,DM1_CX_p,,hDeltaC,"Wolff et al., 2024",EASI-FISH,4,1,-1,-1,0,-1,1,-1,-1,0,0
adult_drosophila_melanogaster,central_brain,DM1_CX_v,,hDeltaD,"Wolff et al., 2024",EASI-FISH,4,1,-1,-1,0,-1,0,-1,-1,0,0
adult_drosophila_melanogaster,central_brain,DM1_CX_v,,hDeltaE,"Wolff et al., 2024",EASI-FISH,4,1,-1,-1,0,-1,0,-1,-1,0,0
adult_drosophila_melanogaster,central_brain,DM1_CX_d2,,hDeltaF,"Wolff et al., 2024",EASI-FISH,4,1,-1,-1,0,-1,-1,-1,-1,0,0
adult_drosophila_melanogaster,central_brain,DM1_CX_p,,hDeltaH,"Wolff et al., 2024",EASI-FISH,4,1,-1,-1,0,0,0,0,0,0,0
adult_drosophila_melanogaster,central_brain,DM1_CX_d2,,hDeltaI,"Wolff et al., 2024",EASI-FISH,4,1,-1,-1,0,-1,-1,-1,-1,0,0
adult_drosophila_melanogaster,central_brain,DM1_CX_p,,hDeltaK,"Wolff et al., 2024",EASI-FISH,4,1,-1,-1,0,-1,-1,-1,-1,0,0
adult_drosophila_melanogaster,central_brain,DM1_CX_d2,,hDeltaL,"Wolff et al., 2024",EASI-FISH,4,1,-1,-1,0,0,0,0,0,0,0
adult_drosophila_melanogaster,central_brain,DM1_CX_p,,hDeltaM,"Wolff et al., 2024",EASI-FISH,4,1,-1,-1,0,0,0,0,0,0,0
adult_drosophila_melanogaster,central_brain,DM6_IbSpsP,,IbSpsP,"Wolff et al., 2024",EASI-FISH,4,1,-1,-1,0,0,0,0,0,0,0
adult_drosophila_melanogaster,central_brain,LALv1_dorsal,,LCNOp,"Wolff et al., 2024",EASI-FISH,4,-1,1,-1,0,0,0,0,0,0,0
adult_drosophila_melanogaster,central_brain,LALv1_dorsal,,LCNOpm,"Wolff et al., 2024",EASI-FISH,4,-1,1,-1,0,0,0,0,0,0,0
adult_drosophila_melanogaster,central_brain,putative_primary,,LNO1,"Wolff et al., 2024",EASI-FISH,4,-1,-1,1,0,0,0,0,0,0,0
adult_drosophila_melanogaster,central_brain,LALv1_dorsal,,LNOa,"Wolff et al., 2024",EASI-FISH,4,-1,1,-1,0,0,0,0,0,0,0
adult_drosophila_melanogaster,central_brain,putative_primary,,LPsP,"Wolff et al., 2024",EASI-FISH,4,-1,1,-1,0,1,-1,-1,-1,0,0
adult_drosophila_melanogaster,central_brain,PBp1,,P6-8P9,"Wolff et al., 2024",EASI-FISH,4,-1,1,-1,0,0,0,0,0,0,0
adult_drosophila_melanogaster,central_brain,DM1_CX_d2,,PEG,"Wolff et al., 2024",EASI-FISH,4,1,-1,-1,0,-1,-1,-1,-1,0,0
adult_drosophila_melanogaster,central_brain,DM1_CX_p,,PEN_a(PEN1),"Wolff et al., 2024",EASI-FISH,4,1,-1,-1,0,-1,-1,-1,-1,0,0
adult_drosophila_melanogaster,central_brain,DM1_CX_p,,PEN_b(PEN2),"Wolff et al., 2024",EASI-FISH,4,1,-1,-1,0,-1,-1,-1,-1,0,0
adult_drosophila_melanogaster,central_brain,DM1_CX_d2,,PFGs,"Wolff et al., 2024",EASI-FISH,4,-1,-1,-1,0,-1,-1,-1,1,0,0
adult_drosophila_melanogaster,central_brain,DM1_CX_d2,,PFL1,"Wolff et al., 2024",EASI-FISH,4,1,-1,-1,0,-1,-1,-1,-1,0,0
adult_drosophila_melanogaster,central_brain,DM2_CX_d2,,PFL2,"Wolff et al., 2024",EASI-FISH,4,-1,-1,-1,0,-1,-1,-1,1,0,0
adult_drosophila_melanogaster,central_brain,DM1_CX_p,,PFNd,"Wolff et al., 2024",EASI-FISH,4,1,-1,-1,0,0,0,0,0,0,0
adult_drosophila_melanogaster,central_brain,DM1_CX_p,,"PFNm,PFNp","Wolff et al., 2024",EASI-FISH,4,1,-1,-1,0,-1,0,-1,-1,0,0
adult_drosophila_melanogaster,central_brain,LALv1_dorsal,,SA1,"Wolff et al., 2024",EASI-FISH,4,-1,1,-1,0,0,0,0,0,0,0
adult_drosophila_melanogaster,central_brain,DM1_CX_p,,"vDeltaA,vDeltaB,vDeltaC,vDeltaD,vDeltaE,vDeltaJ,vDeltaK,vDeltaL,vDeltaM","Wolff et al., 2024",EASI-FISH,4,1,-1,-1,0,0,0,0,0,0,0
adult_drosophila_melanogaster,central_brain,EBa1,,ER1,"Xie et al., 2017",immuno,5,0,0,1,0,0,0,0,0,0,0
adult_drosophila_melanogaster,central_brain,EBa1,,ER2,"Xie et al., 2017",immuno,5,0,0,1,0,0,0,0,0,0,0
adult_drosophila_melanogaster,central_brain,EBa1,,ER3a,"Xie et al., 2017",immuno,5,0,0,1,0,0,0,0,0,0,0
adult_drosophila_melanogaster,central_brain,EBa1,,ER3d,"Xie et al., 2017",immuno,5,0,0,1,0,0,0,0,0,0,0
adult_drosophila_melanogaster,central_brain,EBa1,,ER3m,"Xie et al., 2017",immuno,5,0,0,1,0,0,0,0,0,0,0
adult_drosophila_melanogaster,central_brain,EBa1,,ER3p,"Xie et al., 2017",immuno,5,0,0,1,0,0,0,0,0,0,0
adult_drosophila_melanogaster,central_brain,EBa1,,ER3w,"Xie et al., 2017",immuno,5,0,0,1,0,0,0,0,0,0,0
adult_drosophila_melanogaster,central_brain,EBa1,,ER4m,"Xie et al., 2017",immuno,5,0,0,1,0,0,0,0,0,0,0
adult_drosophila_melanogaster,central_brain,EBa1,,ER5,"Xie et al., 2017",immuno,5,0,0,1,0,0,0,0,0,0,0
adult_drosophila_melanogaster,central_brain,EBa1,,ER6,"Xie et al., 2017",immuno,5,0,0,1,0,0,0,0,0,0,0
adult_drosophila_melanogaster,central_brain,putative_primary,,CB0212,Yao and Scott 2022,immuno,5,0,0,0,0,0,1,0,0,0,0
adult_drosophila_melanogaster,central_brain,putative_primary,,CB0262,Yao and Scott 2022,immuno,5,0,0,0,0,0,1,0,0,0,0
adult_drosophila_melanogaster,central_brain,putative_primary,,CB0892,Yao and Scott 2022,immuno,5,0,0,0,0,0,1,0,0,0,0
adult_drosophila_melanogaster,central_brain,putative_primary,,DNg28,Yao and Scott 2022,immuno,5,0,0,0,0,0,1,0,0,0,0
adult_drosophila_melanogaster,optic_lobe,0,,HBeyelet,Yasuyama and Meinertzhagen 1999,immuno,5,1,0,0,0,0,0,0,0,1,0
adult_drosophila_melanogaster,central_brain,0,,ORN_D,Yasuyama et al. 1999,immuno,5,1,0,0,0,0,0,0,0,0,0
adult_drosophila_melanogaster,central_brain,0,,ORN_DA1,Yasuyama et al. 1999,immuno,5,1,0,0,0,0,0,0,0,0,0
adult_drosophila_melanogaster,central_brain,0,,ORN_DA2,Yasuyama et al. 1999,immuno,5,1,0,0,0,0,0,0,0,0,0
adult_drosophila_melanogaster,central_brain,0,,ORN_DA3,Yasuyama et al. 1999,immuno,5,1,0,0,0,0,0,0,0,0,0
adult_drosophila_melanogaster,central_brain,0,,ORN_DA4l,Yasuyama et al. 1999,immuno,5,1,0,0,0,0,0,0,0,0,0
adult_drosophila_melanogaster,central_brain,0,,ORN_DA4m,Yasuyama et al. 1999,immuno,5,1,0,0,0,0,0,0,0,0,0
adult_drosophila_melanogaster,central_brain,0,,ORN_DC1,Yasuyama et al. 1999,immuno,5,1,0,0,0,0,0,0,0,0,0
adult_drosophila_melanogaster,central_brain,0,,ORN_DC2,Yasuyama et al. 1999,immuno,5,1,0,0,0,0,0,0,0,0,0
adult_drosophila_melanogaster,central_brain,0,,ORN_DC3,Yasuyama et al. 1999,immuno,5,1,0,0,0,0,0,0,0,0,0
adult_drosophila_melanogaster,central_brain,0,,ORN_DC4,Yasuyama et al. 1999,immuno,5,1,0,0,0,0,0,0,0,0,0
adult_drosophila_melanogaster,central_brain,0,,ORN_DL1,Yasuyama et al. 1999,immuno,5,1,0,0,0,0,0,0,0,0,0
adult_drosophila_melanogaster,central_brain,0,,ORN_DL2d,Yasuyama et al. 1999,immuno,5,1,0,0,0,0,0,0,0,0,0
adult_drosophila_melanogaster,central_brain,0,,ORN_DL2v,Yasuyama et al. 1999,immuno,5,1,0,0,0,0,0,0,0,0,0
adult_drosophila_melanogaster,central_brain,0,,ORN_DL3,Yasuyama et al. 1999,immuno,5,1,0,0,0,0,0,0,0,0,0
adult_drosophila_melanogaster,central_brain,0,,ORN_DL4,Yasuyama et al. 1999,immuno,5,1,0,0,0,0,0,0,0,0,0
adult_drosophila_melanogaster,central_brain,0,,ORN_DL5,Yasuyama et al. 1999,immuno,5,1,0,0,0,0,0,0,0,0,0
adult_drosophila_melanogaster,central_brain,0,,ORN_DM1,Yasuyama et al. 1999,immuno,5,1,0,0,0,0,0,0,0,0,0
adult_drosophila_melanogaster,central_brain,0,,ORN_DM2,Yasuyama et al. 1999,immuno,5,1,0,0,0,0,0,0,0,0,0
adult_drosophila_melanogaster,central_brain,0,,ORN_DM3,Yasuyama et al. 1999,immuno,5,1,0,0,0,0,0,0,0,0,0
adult_drosophila_melanogaster,central_brain,0,,ORN_DM4,Yasuyama et al. 1999,immuno,5,1,0,0,0,0,0,0,0,0,0
adult_drosophila_melanogaster,central_brain,0,,ORN_DM5,Yasuyama et al. 1999,immuno,5,1,0,0,0,0,0,0,0,0,0
adult_drosophila_melanogaster,central_brain,0,,ORN_DM6,Yasuyama et al. 1999,immuno,5,1,0,0,0,0,0,0,0,0,0
adult_drosophila_melanogaster,central_brain,0,,ORN_DP1l,Yasuyama et al. 1999,immuno,5,1,0,0,0,0,0,0,0,0,0
adult_drosophila_melanogaster,central_brain,0,,ORN_DP1m,Yasuyama et al. 1999,immuno,5,1,0,0,0,0,0,0,0,0,0
adult_drosophila_melanogaster,central_brain,0,,ORN_V,Yasuyama et al. 1999,immuno,5,1,0,0,0,0,0,0,0,0,0
adult_drosophila_melanogaster,central_brain,0,,ORN_VA1d,Yasuyama et al. 1999,immuno,5,1,0,0,0,0,0,0,0,0,0
adult_drosophila_melanogaster,central_brain,0,,ORN_VA1v,Yasuyama et al. 1999,immuno,5,1,0,0,0,0,0,0,0,0,0
adult_drosophila_melanogaster,central_brain,0,,ORN_VA2,Yasuyama et al. 1999,immuno,5,1,0,0,0,0,0,0,0,0,0
adult_drosophila_melanogaster,central_brain,0,,ORN_VA3,Yasuyama et al. 1999,immuno,5,1,0,0,0,0,0,0,0,0,0
adult_drosophila_melanogaster,central_brain,0,,ORN_VA4,Yasuyama et al. 1999,immuno,5,1,0,0,0,0,0,0,0,0,0
adult_drosophila_melanogaster,central_brain,0,,ORN_VA5,Yasuyama et al. 1999,immuno,5,1,0,0,0,0,0,0,0,0,0
adult_drosophila_melanogaster,central_brain,0,,ORN_VA6,Yasuyama et al. 1999,immuno,5,1,0,0,0,0,0,0,0,0,0
adult_drosophila_melanogaster,central_brain,0,,ORN_VA7l,Yasuyama et al. 1999,immuno,5,1,0,0,0,0,0,0,0,0,0
adult_drosophila_melanogaster,central_brain,0,,ORN_VA7m,Yasuyama et al. 1999,immuno,5,1,0,0,0,0,0,0,0,0,0
adult_drosophila_melanogaster,central_brain,0,,ORN_VC1,Yasuyama et al. 1999,immuno,5,1,0,0,0,0,0,0,0,0,0
adult_drosophila_melanogaster,central_brain,0,,ORN_VC2,Yasuyama et al. 1999,immuno,5,1,0,0,0,0,0,0,0,0,0
adult_drosophila_melanogaster,central_brain,0,,ORN_VC3,Yasuyama et al. 1999,immuno,5,1,0,0,0,0,0,0,0,0,0
adult_drosophila_melanogaster,central_brain,0,,ORN_VC3l,Yasuyama et al. 1999,immuno,5,1,0,0,0,0,0,0,0,0,0
adult_drosophila_melanogaster,central_brain,0,,ORN_VC3m,Yasuyama et al. 1999,immuno,5,1,0,0,0,0,0,0,0,0,0
adult_drosophila_melanogaster,central_brain,0,,ORN_VC4,Yasuyama et al. 1999,immuno,5,1,0,0,0,0,0,0,0,0,0
adult_drosophila_melanogaster,central_brain,0,,ORN_VC5,Yasuyama et al. 1999,immuno,5,1,0,0,0,0,0,0,0,0,0
adult_drosophila_melanogaster,central_brain,0,,ORN_VL1,Yasuyama et al. 1999,immuno,5,1,0,0,0,0,0,0,0,0,0
adult_drosophila_melanogaster,central_brain,0,,ORN_VL2a,Yasuyama et al. 1999,immuno,5,1,0,0,0,0,0,0,0,0,0
adult_drosophila_melanogaster,central_brain,0,,ORN_VL2p,Yasuyama et al. 1999,immuno,5,1,0,0,0,0,0,0,0,0,0
adult_drosophila_melanogaster,central_brain,0,,ORN_VM1,Yasuyama et al. 1999,immuno,5,1,0,0,0,0,0,0,0,0,0
adult_drosophila_melanogaster,central_brain,0,,ORN_VM2,Yasuyama et al. 1999,immuno,5,1,0,0,0,0,0,0,0,0,0
adult_drosophila_melanogaster,central_brain,0,,ORN_VM3,Yasuyama et al. 1999,immuno,5,1,0,0,0,0,0,0,0,0,0
adult_drosophila_melanogaster,central_brain,0,,ORN_VM4,Yasuyama et al. 1999,immuno,5,1,0,0,0,0,0,0,0,0,0
adult_drosophila_melanogaster,central_brain,0,,ORN_VM5d,Yasuyama et al. 1999,immuno,5,1,0,0,0,0,0,0,0,0,0
adult_drosophila_melanogaster,central_brain,0,,ORN_VM5v,Yasuyama et al. 1999,immuno,5,1,0,0,0,0,0,0,0,0,0
adult_drosophila_melanogaster,central_brain,0,,ORN_VM6l,Yasuyama et al. 1999,immuno,5,1,0,0,0,0,0,0,0,0,0
adult_drosophila_melanogaster,central_brain,0,,ORN_VM6m,Yasuyama et al. 1999,immuno,5,1,0,0,0,0,0,0,0,0,0
adult_drosophila_melanogaster,central_brain,0,,ORN_VM6v,Yasuyama et al. 1999,immuno,5,1,0,0,0,0,0,0,0,0,0
adult_drosophila_melanogaster,central_brain,0,,ORN_VM7d,Yasuyama et al. 1999,immuno,5,1,0,0,0,0,0,0,0,0,0
adult_drosophila_melanogaster,central_brain,0,,ORN_VM7v,Yasuyama et al. 1999,immuno,5,1,0,0,0,0,0,0,0,0,0
adult_drosophila_melanogaster,central_brain,SMPpv2_dorsal,,CB1215,Zandawala lab ,scRNA-seq,3,0,0,0,0,0,0,0,0,0,1
adult_drosophila_melanogaster,central_brain,SMPpv2_dorsal,,PV7c11,Zandawala lab ,scRNA-seq,3,0,0,0,0,0,0,0,0,0,1
larval_drosophila_melanogaster,cns,unpublished,,A01d3_t3l (T01d3),"Zarin, Mark et al. 2019",0,4,1,0,0,0,0,0,0,0,0,0
larval_drosophila_melanogaster,cns,unpublished,,A01d3_t3r (T01d3),"Zarin, Mark et al. 2019",0,4,1,0,0,0,0,0,0,0,0,0
larval_drosophila_melanogaster,cns,unpublished,,A02b_a1r ,"Zarin, Mark et al. 2019",0,4,0,1,0,0,0,0,0,0,0,0
larval_drosophila_melanogaster,cns,unpublished,,A02h_a1r,"Zarin, Mark et al. 2019",0,4,0,1,0,0,0,0,0,0,0,0
larval_drosophila_melanogaster,cns,unpublished,,A02i_a1r,"Zarin, Mark et al. 2019",0,4,0,1,0,0,0,0,0,0,0,0
larval_drosophila_melanogaster,cns,unpublished,,A03a1_a1l (pre dMNs) ,"Zarin, Mark et al. 2019",0,2,1,0,0,0,0,0,0,0,0,0
larval_drosophila_melanogaster,cns,unpublished,,A03a1_a1r (pre dMNs) ,"Zarin, Mark et al. 2019",0,2,1,0,0,0,0,0,0,0,0,0
larval_drosophila_melanogaster,cns,unpublished,,A03a3_a1l (pre dMNs) ,"Zarin, Mark et al. 2019",0,2,1,0,0,0,0,0,0,0,0,0
larval_drosophila_melanogaster,cns,unpublished,,A03a3_a1r (pre dMNs),"Zarin, Mark et al. 2019",0,2,1,0,0,0,0,0,0,0,0,0
larval_drosophila_melanogaster,cns,unpublished,,a03d/e_a1r,"Zarin, Mark et al. 2019",0,2,1,0,0,0,0,0,0,0,0,0
larval_drosophila_melanogaster,cns,unpublished,,A03xKT_a1l ,"Zarin, Mark et al. 2019",0,2,1,0,0,0,0,0,0,0,0,0
larval_drosophila_melanogaster,cns,unpublished,,A03xKT_a1r,"Zarin, Mark et al. 2019",0,2,1,0,0,0,0,0,0,0,0,0
larval_drosophila_melanogaster,cns,unpublished,,A06a_a1r,"Zarin, Mark et al. 2019",0,4,0,0,1,0,0,0,0,0,0,0
larval_drosophila_melanogaster,cns,unpublished,,A06c_a1r,"Zarin, Mark et al. 2019",0,4,0,0,1,0,0,0,0,0,0,0
larval_drosophila_melanogaster,cns,unpublished,,A06f_a1r (Saaghi-2),"Zarin, Mark et al. 2019",0,2,0,0,1,0,0,0,0,0,0,0
larval_drosophila_melanogaster,cns,unpublished,,A06x1_a1r,"Zarin, Mark et al. 2019",0,2,0,0,1,0,0,0,0,0,0,0
larval_drosophila_melanogaster,cns,unpublished,,A18a_a1l ,"Zarin, Mark et al. 2019",0,4,1,0,0,0,0,0,0,0,0,0
larval_drosophila_melanogaster,cns,unpublished,,A18a_a1r ,"Zarin, Mark et al. 2019",0,4,1,0,0,0,0,0,0,0,0,0
larval_drosophila_melanogaster,cns,unpublished,,A18b3_a1l,"Zarin, Mark et al. 2019",0,4,1,0,0,0,0,0,0,0,0,0
larval_drosophila_melanogaster,cns,unpublished,,A18b3_a1r,"Zarin, Mark et al. 2019",0,4,1,0,0,0,0,0,0,0,0,0
larval_drosophila_melanogaster,cns,unpublished,,A31b_a1l ,"Zarin, Mark et al. 2019",0,4,0,0,1,0,0,0,0,0,0,0
larval_drosophila_melanogaster,cns,unpublished,,A31b_a1r ,"Zarin, Mark et al. 2019",0,4,0,0,1,0,0,0,0,0,0,0
larval_drosophila_melanogaster,cns,unpublished,,A31k_a1l,"Zarin, Mark et al. 2019",0,4,0,0,1,0,0,0,0,0,0,0
larval_drosophila_melanogaster,cns,unpublished,,A31k_a1r,"Zarin, Mark et al. 2019",0,4,0,0,1,0,0,0,0,0,0,0
larval_drosophila_melanogaster,cns,unpublished,,A01d3_a1r,"Zarin, Mark et al. 2019, Burgos et al 2018",0,4,1,0,0,0,0,0,0,0,0,0
larval_drosophila_melanogaster,cns,unpublished,,A02e_a1r,"Zarin, Mark et al. 2019, Burgos et al 2018",0,4,0,1,0,0,0,0,0,0,0,0
larval_drosophila_melanogaster,cns,unpublished,,A27j_a1r,"Zarin, Mark et al. 2019, Burgos et al 2018",0,4,0,0,1,0,0,0,0,0,0,0
larval_drosophila_melanogaster,cns,unpublished,,A27h_a1l,"Zarin, Mark et al. 2019, Carreira-Rosario, Arzan Zarin, Clark et al. 2018, Fushiki et al. 2016",0,4,1,0,0,0,0,0,0,0,0,0
larval_drosophila_melanogaster,cns,unpublished,,A01x3_a1r,"Zarin, Mark et al. 2019, Fushiki et al. 2016",0,4,1,0,0,0,0,0,0,0,0,0
larval_drosophila_melanogaster,cns,unpublished,,A02j_a3l,"Zarin, Mark et al. 2019, Fushiki et al. 2016",0,4,0,1,0,0,0,0,0,0,0,0
larval_drosophila_melanogaster,cns,unpublished,,A02j_a3r,"Zarin, Mark et al. 2019, Fushiki et al. 2016",0,4,0,1,0,0,0,0,0,0,0,0
larval_drosophila_melanogaster,cns,unpublished,,A03a6_a1l ,"Zarin, Mark et al. 2019, Fushiki et al. 2016",0,2,1,0,0,0,0,0,0,0,0,0
larval_drosophila_melanogaster,cns,unpublished,,A03a6_a1r,"Zarin, Mark et al. 2019, Fushiki et al. 2016",0,2,1,0,0,0,0,0,0,0,0,0
larval_drosophila_melanogaster,cns,unpublished,,A03EGB_a2r (EGHBAL),"Zarin, Mark et al. 2019, Fushiki et al. 2016",0,2,1,0,0,0,0,0,0,0,0,0
larval_drosophila_melanogaster,cns,unpublished,,A03g2_t3r (T03g2),"Zarin, Mark et al. 2019, Fushiki et al. 2016",0,2,1,0,0,0,0,0,0,0,0,0
larval_drosophila_melanogaster,cns,unpublished,,A27h_a1r,"Zarin, Mark et al. 2019, Fushiki et al. 2016",0,4,1,0,0,0,0,0,0,0,0,0
larval_drosophila_melanogaster,cns,unpublished,,A31d_a1l,"Zarin, Mark et al. 2019, Fushiki et al. 2016",0,2,0,0,1,0,0,0,0,0,0,0
larval_drosophila_melanogaster,cns,unpublished,,A31d_a1r,"Zarin, Mark et al. 2019, Fushiki et al. 2016",0,2,0,0,1,0,0,0,0,0,0,0
larval_drosophila_melanogaster,cns,unpublished,,A06l_a1r (Saaghi-1),"Zarin, Mark et al. 2019, Fushiki et al. 2016, Heckscher et al. 2015",0,4,0,0,1,0,0,0,0,0,0,0
larval_drosophila_melanogaster,cns,unpublished,,A09l_a1l (Down-and-back-1),"Zarin, Mark et al. 2019, Gerhard et al. 2017, Burgos et al 2018",0,4,1,0,0,0,0,0,0,0,0,0
larval_drosophila_melanogaster,cns,unpublished,,A09l_a1r (Down-and-back-1),"Zarin, Mark et al. 2019, Gerhard et al. 2017, Burgos et al 2018",0,4,1,0,0,0,0,0,0,0,0,0
larval_drosophila_melanogaster,cns,unpublished,,A06e_t3r (Saaghi-3),"Zarin, Mark et al. 2019, Heckscher et al. 2015",0,2,0,0,1,0,0,0,0,0,0,0
larval_drosophila_melanogaster,cns,unpublished,,A08e1_a1r,"Zarin, Mark et al. 2019, Heckscher et al. 2015",0,4,1,0,0,0,0,0,0,0,0,0
larval_drosophila_melanogaster,cns,unpublished,,A02b_a1l ,"Zarin, Mark et al. 2019, Mark et al. 2019",0,4,0,1,0,0,0,0,0,0,0,0
larval_drosophila_melanogaster,cns,unpublished,,A02h_a1l,"Zarin, Mark et al. 2019, Mark et al. 2019",0,4,0,1,0,0,0,0,0,0,0,0
larval_drosophila_melanogaster,cns,unpublished,,A02i_a1l,"Zarin, Mark et al. 2019, Mark et al. 2019",0,4,0,1,0,0,0,0,0,0,0,0
larval_drosophila_melanogaster,cns,unpublished,,a03d/e_a1l,"Zarin, Mark et al. 2019, Mark et al. 2019",0,2,1,0,0,0,0,0,0,0,0,0
larval_drosophila_melanogaster,cns,unpublished,,A06a_a1l,"Zarin, Mark et al. 2019, Mark et al. 2019",0,4,0,0,1,0,0,0,0,0,0,0
larval_drosophila_melanogaster,cns,unpublished,,A06c_a1l,"Zarin, Mark et al. 2019, Mark et al. 2019",0,4,0,0,1,0,0,0,0,0,0,0
larval_drosophila_melanogaster,cns,unpublished,,A06f_a1l (Saaghi-2),"Zarin, Mark et al. 2019, Mark et al. 2019",0,2,0,0,1,0,0,0,0,0,0,0
larval_drosophila_melanogaster,cns,unpublished,,A06x1_a1l,"Zarin, Mark et al. 2019, Mark et al. 2019",0,2,0,0,1,0,0,0,0,0,0,0
larval_drosophila_melanogaster,cns,unpublished,,A01d3_a1l,"Zarin, Mark et al. 2019, Mark et al. 2019, Burgos et al 2018",0,4,1,0,0,0,0,0,0,0,0,0
larval_drosophila_melanogaster,cns,unpublished,,A02e_a1l,"Zarin, Mark et al. 2019, Mark et al. 2019, Burgos et al 2018",0,4,0,1,0,0,0,0,0,0,0,0
larval_drosophila_melanogaster,cns,unpublished,,A02g_a1l,"Zarin, Mark et al. 2019, Mark et al. 2019, Burgos et al 2018",0,4,0,1,0,0,0,0,0,0,0,0
larval_drosophila_melanogaster,cns,unpublished,,A01x3_a1l,"Zarin, Mark et al. 2019, Mark et al. 2019, Fushiki et al. 2016",0,4,1,0,0,0,0,0,0,0,0,0
larval_drosophila_melanogaster,cns,unpublished,,A03EGB_a2l (EGHBAL),"Zarin, Mark et al. 2019, Mark et al. 2019, Fushiki et al. 2016",0,2,1,0,0,0,0,0,0,0,0,0
larval_drosophila_melanogaster,cns,unpublished,,A06l_a1l (Saaghi-1),"Zarin, Mark et al. 2019, Mark et al. 2019, Fushiki et al. 2016, Heckscher et al. 2015",0,4,0,0,1,0,0,0,0,0,0,0
larval_drosophila_melanogaster,cns,unpublished,,A08e1_a1l ,"Zarin, Mark et al. 2019, Mark et al. 2019, Heckscher et al. 2015",0,4,1,0,0,0,0,0,0,0,0,0
larval_drosophila_melanogaster,cns,unpublished,,A03o_a1l,"Zarin, Mark et al. 2019, Mark et al. 2019, Ohyama, Schneider-Mizell et al. 2015",0,2,1,0,0,0,0,0,0,0,0,0
larval_drosophila_melanogaster,cns,unpublished,,A02m_a1l Pseudolooper-3,"Zarin, Mark et al. 2019, Mark et al. 2019, Ohyama, Schneider-Mizell et al. 2015, Gerhard et al. 2017",0,2,0,1,0,0,0,0,0,0,0,0
larval_drosophila_melanogaster,cns,unpublished,,A02n_a1l Pseudolooper-4,"Zarin, Mark et al. 2019, Mark et al. 2019, Ohyama, Schneider-Mizell et al. 2015, Gerhard et al. 2017",0,2,0,1,0,0,0,0,0,0,0,0
larval_drosophila_melanogaster,cns,unpublished,,A03o_a1r,"Zarin, Mark et al. 2019, Ohyama, Schneider-Mizell et al. 2015",0,2,1,0,0,0,0,0,0,0,0,0
larval_drosophila_melanogaster,cns,unpublished,,A02m_a1r Pseudolooper-3,"Zarin, Mark et al. 2019, Ohyama, Schneider-Mizell et al. 2015, Gerhard et al. 2017",0,2,0,1,0,0,0,0,0,0,0,0
larval_drosophila_melanogaster,cns,unpublished,,A02n_a1r Pseudolooper-4,"Zarin, Mark et al. 2019, Ohyama, Schneider-Mizell et al. 2015, Gerhard et al. 2017",0,2,0,1,0,0,0,0,0,0,0,0
larval_drosophila_melanogaster,cns,unpublished,,A03a5_a1l,"Zarin, Mark et al. 2019, Takagi et al. 2017",0,4,1,0,0,0,0,0,0,0,0,0
larval_drosophila_melanogaster,cns,unpublished,,A03a5_a1r,"Zarin, Mark et al. 2019, Takagi et al. 2017",0,4,1,0,0,0,0,0,0,0,0,0
larval_drosophila_melanogaster,cns,unpublished,,A02f_a1r,"Zarin, Mark et al. 2019, Zwart et al. 2016",0,4,0,1,0,0,0,0,0,0,0,0
larval_drosophila_melanogaster,cns,unpublished,,A03a3_t3l (was T03a1),"Zarin, Mark et al. 2019, Zwart et al. 2016",0,2,1,0,0,0,0,0,0,0,0,0
larval_drosophila_melanogaster,cns,unpublished,,A18j_a1r,"Zarin, Mark et al. 2019, Zwart et al. 2016",0,4,1,0,0,0,0,0,0,0,0,0
larval_drosophila_melanogaster,cns,unpublished,,A26f_a1l,"Zarin, Mark et al. 2019, Zwart et al. 2016",0,2,0,0,1,0,0,0,0,0,0,0
larval_drosophila_melanogaster,cns,unpublished,,A26f_a1r,"Zarin, Mark et al. 2019, Zwart et al. 2016",0,2,0,0,1,0,0,0,0,0,0,0
larval_drosophila_melanogaster,cns,unpublished,,A03g_a1r,"Zarin, Mark et al. 2019, Zwart et al. 2016, Burgos et al 2018",0,4,1,0,0,0,0,0,0,0,0,0
larval_drosophila_melanogaster,cns,unpublished,,A14a_a1l,"Zarin, Mark et al. 2019, Zwart et al. 2016, Mark et al. 2019",0,4,0,0,1,0,0,0,0,0,0,0
adult_drosophila_melanogaster,optic_lobe,putative_primary,"(HS,VS by cell body size and location)",HSN,"Zhao et  al., 2023",EASI-FISH,3,1,0,0,0,0,0,0,0,0,0
adult_drosophila_melanogaster,optic_lobe,putative_primary,"(HS,VS by cell body size and location)",HSS,"Zhao et  al., 2023",EASI-FISH,3,1,0,0,0,0,0,0,0,0,0
adult_drosophila_melanogaster,optic_lobe,putative_primary,"(HS,VS by cell body size and location)",VS1,"Zhao et  al., 2023",EASI-FISH,3,1,0,0,0,0,0,0,0,0,0
adult_drosophila_melanogaster,optic_lobe,putative_primary,"(HS,VS by cell body size and location)",VS2,"Zhao et  al., 2023",EASI-FISH,3,1,0,0,0,0,0,0,0,0,0
adult_drosophila_melanogaster,optic_lobe,putative_primary,"(HS,VS by cell body size and location)",VS3,"Zhao et  al., 2023",EASI-FISH,3,1,0,0,0,0,0,0,0,0,0
adult_drosophila_melanogaster,optic_lobe,putative_primary,"(HS,VS by cell body size and location)",VS4,"Zhao et  al., 2023",EASI-FISH,3,1,0,0,0,0,0,0,0,0,0
adult_drosophila_melanogaster,optic_lobe,putative_primary,"(HS,VS by cell body size and location)",VS5,"Zhao et  al., 2023",EASI-FISH,3,1,0,0,0,0,0,0,0,0,0
adult_drosophila_melanogaster,optic_lobe,putative_primary,"(HS,VS by cell body size and location)",VS6,"Zhao et  al., 2023",EASI-FISH,3,1,0,0,0,0,0,0,0,0,0
adult_drosophila_melanogaster,optic_lobe,putative_primary,"(HS,VS by cell body size and location)",VS7,"Zhao et  al., 2023",EASI-FISH,3,1,0,0,0,0,0,0,0,0,0
adult_drosophila_melanogaster,optic_lobe,putative_primary,"(HS,VS by cell body size and location)",VS8,"Zhao et  al., 2023",EASI-FISH,3,1,0,0,0,0,0,0,0,0,0
adult_drosophila_melanogaster,optic_lobe,putative_primary,"(HS,VS by cell body size and location)",VSm,"Zhao et  al., 2023",EASI-FISH,3,1,0,0,0,0,0,0,0,0,0
adult_drosophila_melanogaster,optic_lobe,putative_primary,"(HS,VS by cell body size and location)",HSE,Zhao et al 2023,EASI-FISH,3,1,0,0,0,0,0,0,0,0,0
adult_drosophila_melanogaster,optic_lobe,0,LPi2b,LPi12,"Zhao et al., 2023",EASI-FISH,4,-1,-1,1,0,0,0,0,0,0,0
adult_drosophila_melanogaster,optic_lobe,0,MeLp2,MeLp2,"Zhao et al., 2023",EASI-FISH,4,-1,1,-1,0,0,0,0,0,0,0
larval_drosophila_melanogaster,cns,unpublished,,A27k_a2r,"Zwart et al. 2016, Carreira-Rosario, Arzan Zarin, Clark et al. 2018, Zarin, Mark et al. 2019, Fushiki et al. 2016",0,4,1,0,0,0,0,0,0,0,0,0
larval_drosophila_melanogaster,cns,unpublished,,A03a3_t3r (was T03a1),"Zwart et al. 2016, Zarin, Mark et al. 2019",0,2,1,0,0,0,0,0,0,0,0,0
larval_drosophila_melanogaster,cns,unpublished,,A03a4_a1r,"Zwart et al. 2016, Zarin, Mark et al. 2019",0,2,1,0,0,0,0,0,0,0,0,0
larval_drosophila_melanogaster,cns,unpublished,,A14a_a1r,"Zwart et al. 2016, Zarin, Mark et al. 2019",0,4,0,0,1,0,0,0,0,0,0,0
larval_drosophila_melanogaster,cns,unpublished,,A18j_a1l,"Zwart et al. 2016, Zarin, Mark et al. 2019",0,4,1,0,0,0,0,0,0,0,0,0
larval_drosophila_melanogaster,cns,unpublished,,A19l_a1l,"Zwart et al. 2016, Zarin, Mark et al. 2019",0,4,0,0,1,0,0,0,0,0,0,0
larval_drosophila_melanogaster,cns,unpublished,,A19l_a1r,"Zwart et al. 2016, Zarin, Mark et al. 2019",0,4,0,0,1,0,0,0,0,0,0,0
larval_drosophila_melanogaster,cns,unpublished,,A23a_a1l,"Zwart et al. 2016, Zarin, Mark et al. 2019",0,4,0,0,1,0,0,0,0,0,0,0
larval_drosophila_melanogaster,cns,unpublished,,A23a_a1r,"Zwart et al. 2016, Zarin, Mark et al. 2019",0,4,0,0,1,0,0,0,0,0,0,0
larval_drosophila_melanogaster,cns,unpublished,,A01c1_a1r,"Zwart et al. 2016, Zarin, Mark et al. 2019, Burgos et al 2018",0,4,1,0,0,0,0,0,0,0,0,0
larval_drosophila_melanogaster,cns,unpublished,,A03g_a1l,"Zwart et al. 2016, Zarin, Mark et al. 2019, Burgos et al 2018",0,4,1,0,0,0,0,0,0,0,0,0
larval_drosophila_melanogaster,cns,unpublished,,A01c1_a1l,"Zwart et al. 2016, Zarin, Mark et al. 2019, Mark et al. 2019",0,4,1,0,0,0,0,0,0,0,0,0
larval_drosophila_melanogaster,cns,unpublished,,A02f_a1l ,"Zwart et al. 2016, Zarin, Mark et al. 2019, Mark et al. 2019",0,4,0,1,0,0,0,0,0,0,0,0
larval_drosophila_melanogaster,cns,unpublished,,A03a4_a1l,"Zwart et al. 2016, Zarin, Mark et al. 2019, Mark et al. 2019",0,2,1,0,0,0,0,0,0,0,0,0